csi_path,max_rss,gt_phi,gt_theta,rss,2ace_quality,2ace_running_time,2ace_phi,2ace_theta,rss_at_gt,loss,angle_error
./csi-dataset/homeoffice-communication-28G-csi/t16x16_r2x1_test_small/seed1005-epoch36-64.mat,-108.08923078457346,326.0,61.0,-108.91574936079026,0.006323819099591899,16.066685676574707,325.0,60.0,-122.9102574304816,0.8265185762167988,1.325698562410945
./csi-dataset/homeoffice-communication-28G-csi/t16x16_r2x1_test_small/seed1005-epoch36-89.mat,-92.18111902195696,197.0,74.0,-92.71940222929898,0.11411864058717769,9.450604677200317,197.0,71.0,-106.10014234574095,0.538283207342019,3.000000000000166
./csi-dataset/homeoffice-communication-28G-csi/t16x16_r2x1_test_small/seed1005-epoch38-56.mat,-86.40628746551465,163.0,62.0,-87.12921572532247,-0.05682028331857114,13.231979608535767,162.0,62.0,-99.56094220573056,0.7229282598078157,0.8829451228016715
./csi-dataset/homeoffice-communication-28G-csi/t16x16_r2x1_test_small/seed1005-epoch38-76.mat,-90.01391555911623,325.0,73.0,-91.34604735104838,-0.5261941470671796,11.581977128982544,324.0,71.0,-103.28558082361695,1.3321317919321558,2.214584694150384
./csi-dataset/homeoffice-communication-28G-csi/t16x16_r2x1_test_small/seed1005-epoch38-96.mat,-82.96115645287307,254.0,28.0,-120.4022022964223,-0.17023763104889222,11.642650365829468,253.0,60.0,-101.57589797844848,37.44104584354923,32.00669462047179
./csi-dataset/homeoffice-communication-28G-csi/t16x16_r2x1_test_small/seed1005-epoch60-93.mat,-105.81278942148032,278.0,27.0,-138.79057507655463,-0.4225636659722576,13.408906698226929,17.0,38.0,-124.42497257859152,32.977785655074314,48.82214563948125
./csi-dataset/homeoffice-communication-28G-csi/t16x16_r2x1_test_small/seed1005-epoch61-93.mat,-101.55389732979984,133.0,52.0,-116.2381018517226,-0.01878273812498965,9.051961660385132,292.0,32.0,-116.93177617912751,14.684204521922766,82.39955510986509
./csi-dataset/homeoffice-communication-28G-csi/t16x16_r2x1_test_small/seed1080-epoch11-31.mat,-78.67006255933133,224.0,70.0,-79.23768936985915,0.37203365612928196,12.156283855438232,223.0,74.0,-91.21639687386066,0.5676268105278268,4.111450169794092
./csi-dataset/homeoffice-communication-28G-csi/t16x16_r2x1_test_small/seed1080-epoch36-52.mat,-89.33999003737506,230.0,44.0,-89.78286437745369,-0.15750992936963049,12.650387048721313,232.0,46.0,-102.58094192775522,0.4428743400786317,2.4493031837415775
./csi-dataset/homeoffice-communication-28G-csi/t16x16_r2x1_test_small/seed1080-epoch38-1.mat,-87.32256203610561,299.0,60.0,-87.38273807568069,-0.065864589612598,14.212763547897339,299.0,61.0,-99.36628337799715,0.060176039575082996,0.9999999999999002
./csi-dataset/homeoffice-communication-28G-csi/t16x16_r2x1_test_small/seed1080-epoch60-47.mat,-86.46442192667209,327.0,64.0,-116.32061439109779,-0.3589593261516366,13.035532712936401,347.0,63.0,-101.15061780037367,29.856192464425703,17.907967359947463
./csi-dataset/homeoffice-communication-28G-csi/t16x16_r2x1_test_small/seed1158-epoch2-58.mat,-106.9884441533599,335.0,56.0,-108.00538161539065,0.028195268760478953,14.531727313995361,332.0,56.0,-118.95867421770602,1.0169374620307536,2.487023862647529
./csi-dataset/homeoffice-communication-28G-csi/t16x16_r2x1_test_small/seed1158-epoch2-89.mat,-90.45208532721554,245.0,31.0,-112.1940606143892,0.32407988461874015,13.376028537750244,222.0,48.0,-106.61662321529705,21.74197528717366,22.19885170539499
./csi-dataset/homeoffice-communication-28G-csi/t16x16_r2x1_test_small/seed1158-epoch45-40.mat,-87.2420137228798,183.0,44.0,-87.23182392092946,0.33293806889300537,12.92215371131897,183.0,44.0,-100.70066136639383,-0.010189801950346578,0.0
./csi-dataset/homeoffice-communication-28G-csi/t16x16_r2x1_test_small/seed1158-epoch71-40.mat,-98.34614388252945,168.0,50.0,-134.99480278672272,-0.1506761385273947,10.469474077224731,212.0,26.0,-114.88900266156517,36.64865890419327,34.98557179684979
./csi-dataset/homeoffice-communication-28G-csi/t16x16_r2x1_test_small/seed1158-epoch72-98.mat,-79.08356852101679,181.0,50.0,-79.54189474475483,0.13006087274123335,12.506189823150635,181.0,49.0,-93.48515221058882,0.458326223738041,0.9999999999999002
./csi-dataset/homeoffice-communication-28G-csi/t16x16_r2x1_test_small/seed1187-epoch15-47.mat,-91.55286204487535,42.0,36.0,-91.53789243208655,0.18769504621401878,10.153337717056274,43.0,37.0,-104.41206949734539,-0.014969612788803488,1.1635076930286217
./csi-dataset/homeoffice-communication-28G-csi/t16x16_r2x1_test_small/seed1187-epoch15-55.mat,-96.95172673785189,55.0,51.0,-97.18422086114433,-0.03281064508440479,13.394670963287354,54.0,51.0,-110.26995683922755,0.23249412329244024,0.7771420548734437
./csi-dataset/homeoffice-communication-28G-csi/t16x16_r2x1_test_small/seed1187-epoch16-10.mat,-116.90492511697576,25.0,75.0,-144.94181203574126,-0.003915110870419625,11.002359390258789,198.0,55.0,-132.68241342545193,28.036886918765504,129.56029066556607
./csi-dataset/homeoffice-communication-28G-csi/t16x16_r2x1_test_small/seed1187-epoch16-69.mat,-84.1448920528118,189.0,25.0,-84.49580380939695,0.15426631247187816,12.861090421676636,190.0,24.0,-96.43024797220889,0.3509117565851483,1.0825430461820966
./csi-dataset/homeoffice-communication-28G-csi/t16x16_r2x1_test_small/seed119-epoch19-82.mat,-91.05087611433126,205.0,66.0,-91.36356961185956,0.0775027254930345,10.992700338363647,205.0,65.0,-101.52287518502042,0.31269349752830067,1.0000000000002647
./csi-dataset/homeoffice-communication-28G-csi/t16x16_r2x1_test_small/seed119-epoch20-79.mat,-88.54613252480087,350.0,69.0,-89.06662633410008,-0.14634783979474952,12.261313676834106,350.0,67.0,-99.95760981773347,0.5204938092992109,2.0000000000001297
./csi-dataset/homeoffice-communication-28G-csi/t16x16_r2x1_test_small/seed119-epoch20-8.mat,-86.33916916196874,240.0,70.0,-86.30317604199763,-0.10263935647821398,12.65262770652771,241.0,70.0,-98.66524591168947,-0.03599311997110988,0.9396912255611437
./csi-dataset/homeoffice-communication-28G-csi/t16x16_r2x1_test_small/seed119-epoch45-23.mat,-73.09363757337638,352.0,25.0,-125.42444120265783,0.13550191696123426,13.35159420967102,84.0,45.0,-93.36324252578223,52.33080362928145,50.9183562441525
./csi-dataset/homeoffice-communication-28G-csi/t16x16_r2x1_test_small/seed119-epoch45-5.mat,-81.53891131156165,176.0,70.0,-81.66705424065199,0.12005627998668755,13.803364753723145,176.0,72.0,-97.12465512936237,0.12814292909034464,2.0000000000003118
./csi-dataset/homeoffice-communication-28G-csi/t16x16_r2x1_test_small/seed119-epoch71-45.mat,-91.95219795932266,23.0,57.0,-92.06222896351214,-0.38778412522719674,11.845383167266846,23.0,56.0,-105.74652488347049,0.11003100418948009,0.9999999999999002
./csi-dataset/homeoffice-communication-28G-csi/t16x16_r2x1_test_small/seed1226-epoch23-32.mat,-97.52585588183253,35.0,87.0,-97.54776793616487,-0.20597088047027667,13.222021102905273,35.0,84.0,-108.55495162075317,0.021912054332346997,3.000000000000166
./csi-dataset/homeoffice-communication-28G-csi/t16x16_r2x1_test_small/seed1226-epoch23-35.mat,-86.02474359267393,354.0,52.0,-86.62153253500422,-0.08638625773452469,12.802230596542358,353.0,52.0,-98.86511945222284,0.5967889423302921,0.7880069624891246
./csi-dataset/homeoffice-communication-28G-csi/t16x16_r2x1_test_small/seed1226-epoch25-33.mat,-86.48697212325749,308.0,62.0,-86.69851865058625,0.0018606828911688078,12.900839567184448,308.0,61.0,-100.37325562902952,0.211546527328764,1.0000000000002647
./csi-dataset/homeoffice-communication-28G-csi/t16x16_r2x1_test_small/seed1226-epoch54-57.mat,-79.97146940003722,274.0,38.0,-80.05232839717937,-0.3670820146673506,12.720439195632935,274.0,38.0,-92.2439285118783,0.08085899714214406,0.0
./csi-dataset/homeoffice-communication-28G-csi/t16x16_r2x1_test_small/seed1226-epoch54-7.mat,-85.38574812430554,9.0,55.0,-85.45795661660101,0.2533839700109536,11.931666612625122,10.0,56.0,-98.73666464873534,0.07220849229547355,1.2958150987623782
./csi-dataset/homeoffice-communication-28G-csi/t16x16_r2x1_test_small/seed1226-epoch54-96.mat,-89.32026640921124,267.0,17.0,-91.40433555493706,0.267788651808499,10.042918682098389,260.0,18.0,-105.50852894350854,2.0840691457258202,2.328574778198835
./csi-dataset/homeoffice-communication-28G-csi/t16x16_r2x1_test_small/seed1226-epoch55-5.mat,-81.42290881726129,227.0,73.0,-81.5411310796403,-0.06984419174277323,13.520190715789795,228.0,76.0,-95.46747211379282,0.11822226237900679,3.150923808863601
./csi-dataset/homeoffice-communication-28G-csi/t16x16_r2x1_test_small/seed1277-epoch16-56.mat,-96.87564128845544,66.0,33.0,-100.82254372332558,0.1996502881045642,9.1854989528656,70.0,30.0,-111.83010529601746,3.9469024348701396,3.654834571163592
./csi-dataset/homeoffice-communication-28G-csi/t16x16_r2x1_test_small/seed1277-epoch16-75.mat,-96.85161348652215,241.0,56.0,-133.1536046980098,-0.262218799179216,9.864910364151001,76.0,12.0,-113.34312368102934,36.30199121148763,67.63659159938354
./csi-dataset/homeoffice-communication-28G-csi/t16x16_r2x1_test_small/seed1277-epoch19-26.mat,-73.03259322493516,266.0,59.0,-73.2638168585844,-1.0468330327091473,14.522145748138428,266.0,62.0,-89.27626534381801,0.23122363364925036,3.0000000000000444
./csi-dataset/homeoffice-communication-28G-csi/t16x16_r2x1_test_small/seed1292-epoch17-27.mat,-99.47490186483611,23.0,70.0,-137.2816407536436,0.10092629489073524,12.202976942062378,127.0,45.0,-116.52615635573497,37.80673888880747,85.34839841553178
./csi-dataset/homeoffice-communication-28G-csi/t16x16_r2x1_test_small/seed1292-epoch2-79.mat,-86.74651831556012,94.0,42.0,-86.94164893895757,0.04081895489135379,10.290405988693237,94.0,41.0,-100.0435681009646,0.19513062339744636,0.9999999999999002
./csi-dataset/homeoffice-communication-28G-csi/t16x16_r2x1_test_small/seed1292-epoch41-100.mat,-83.92431693027879,220.0,40.0,-110.7549112770191,-0.07586269553587766,12.864866495132446,316.0,40.0,-101.8267445522624,26.830594346740313,57.06853598818604
./csi-dataset/homeoffice-communication-28G-csi/t16x16_r2x1_test_small/seed1292-epoch41-18.mat,-90.13414358041216,323.0,59.0,-90.46319678872902,0.004177962086945097,10.053255081176758,324.0,58.0,-104.40830646023868,0.32905320831686424,1.3141350637031401
./csi-dataset/homeoffice-communication-28G-csi/t16x16_r2x1_test_small/seed1292-epoch41-32.mat,-97.1265521430174,304.0,20.0,-102.06174049568278,0.11381987508675762,10.02281904220581,164.0,55.0,-111.02615825101766,4.935188352665378,71.07285825872623
./csi-dataset/homeoffice-communication-28G-csi/t16x16_r2x1_test_small/seed1292-epoch41-47.mat,-91.1729833279876,349.0,35.0,-91.2719715681483,0.3136613299497383,13.095426082611084,349.0,36.0,-103.10705257522076,0.09898824016070762,0.9999999999999002
./csi-dataset/homeoffice-communication-28G-csi/t16x16_r2x1_test_small/seed1292-epoch41-74.mat,-90.17398942415778,205.0,20.0,-90.30749883655622,0.07600871220571825,9.217159986495972,205.0,21.0,-103.77595312177498,0.13350941239843905,0.9999999999999002
./csi-dataset/homeoffice-communication-28G-csi/t16x16_r2x1_test_small/seed1292-epoch41-77.mat,-87.98494324392243,180.0,64.0,-87.9546070849038,0.20707635678585046,13.849780082702637,180.0,65.0,-100.47960464140674,-0.030336159018631292,0.9999999999999002
./csi-dataset/homeoffice-communication-28G-csi/t16x16_r2x1_test_small/seed1292-epoch42-53.mat,-92.54130809607,159.0,14.0,-122.4519865929534,-0.21057579157974038,12.882411003112793,350.0,24.0,-110.84574074200978,29.910678496883406,37.83143634036001
./csi-dataset/homeoffice-communication-28G-csi/t16x16_r2x1_test_small/seed1292-epoch42-82.mat,-96.40078858446664,81.0,20.0,-96.62456246130483,0.22798254057307665,10.361719131469727,79.0,20.0,-108.10019656767801,0.2237738768381945,0.6840096206497581
./csi-dataset/homeoffice-communication-28G-csi/t16x16_r2x1_test_small/seed1320-epoch28-40.mat,-90.82093889299188,150.0,23.0,-91.22061399463959,0.2976539971453567,12.89609694480896,153.0,23.0,-104.72818895406886,0.39967510164771625,1.1720799254100012
./csi-dataset/homeoffice-communication-28G-csi/t16x16_r2x1_test_small/seed1320-epoch28-56.mat,-83.53664258098658,216.0,34.0,-83.57608773268923,-0.17266191545277065,12.447269678115845,217.0,35.0,-93.98357190423542,0.03944515170265106,1.1492391511876439
./csi-dataset/homeoffice-communication-28G-csi/t16x16_r2x1_test_small/seed1320-epoch54-48.mat,-95.18770439052486,8.0,63.0,-95.35533968218205,0.19304195555910708,12.854176759719849,7.0,63.0,-106.81343242736374,0.1676352916571915,0.8910041932652336
./csi-dataset/homeoffice-communication-28G-csi/t16x16_r2x1_test_small/seed1320-epoch56-95.mat,-88.85574661355722,181.0,63.0,-128.2698314759029,-0.5061879011880968,13.302504539489746,40.0,57.0,-104.71422780456783,39.414084862345675,109.47951897019509
./csi-dataset/homeoffice-communication-28G-csi/t16x16_r2x1_test_small/seed1320-epoch8-22.mat,-82.27747845329638,74.0,29.0,-82.49068032525375,0.28615934769264906,11.577513217926025,76.0,30.0,-98.16113331475022,0.2132018719573665,1.4034222026490457
./csi-dataset/homeoffice-communication-28G-csi/t16x16_r2x1_test_small/seed1320-epoch8-42.mat,-87.55328282636515,16.0,71.0,-88.54420904730041,-0.5771737211633272,13.588926076889038,15.0,67.0,-102.92462168354382,0.9909262209352647,4.107439469494738
./csi-dataset/homeoffice-communication-28G-csi/t16x16_r2x1_test_small/seed1320-epoch8-7.mat,-94.24360747247944,223.0,35.0,-94.24686550072443,0.015135628406647283,12.748714685440063,223.0,35.0,-106.10570535034007,0.003258028244985667,8.537736462515939e-07
./csi-dataset/homeoffice-communication-28G-csi/t16x16_r2x1_test_small/seed1320-epoch8-73.mat,-86.17029690748403,86.0,61.0,-86.43272497230114,-0.03142473719739236,11.85788345336914,87.0,64.0,-101.09417175665541,0.2624280648171151,3.128331509149952
./csi-dataset/homeoffice-communication-28G-csi/t16x16_r2x1_test_small/seed1320-epoch8-99.mat,-84.51378662871261,224.0,40.0,-132.04682067594138,-0.2720239552337058,13.51478362083435,295.0,40.0,-106.97675028166557,47.53303404722877,43.834692215974925
./csi-dataset/homeoffice-communication-28G-csi/t16x16_r2x1_test_small/seed1320-epoch82-84.mat,-102.01765728820972,261.0,17.0,-102.16843549311376,0.1365659873325914,11.335640668869019,262.0,18.0,-113.25949782274282,0.15077820490404292,1.0441984132281779
./csi-dataset/homeoffice-communication-28G-csi/t16x16_r2x1_test_small/seed1347-epoch25-14.mat,-87.35485938238683,318.0,41.0,-92.75625311241447,0.034666197831093926,11.483338832855225,166.0,46.0,-101.36393211709017,5.401393730027635,83.82437414422353
./csi-dataset/homeoffice-communication-28G-csi/t16x16_r2x1_test_small/seed1347-epoch25-3.mat,-81.15940004550092,247.0,73.0,-128.8315366307042,-0.15867798187555526,14.401537418365479,335.0,34.0,-99.027209531186,47.672136585203276,74.86762886813548
./csi-dataset/homeoffice-communication-28G-csi/t16x16_r2x1_test_small/seed1347-epoch25-54.mat,-87.48574516281141,131.0,19.0,-120.6158754197846,-0.20754661258822038,12.399094104766846,21.0,55.0,-105.03262313542054,33.13013025697319,63.184827867085644
./csi-dataset/homeoffice-communication-28G-csi/t16x16_r2x1_test_small/seed1347-epoch27-55.mat,-82.38375594637091,201.0,62.0,-84.25412794452748,-0.32954676959015816,12.798139810562134,185.0,67.0,-95.13956053724942,1.8703719981565712,15.266867100448756
./csi-dataset/homeoffice-communication-28G-csi/t16x16_r2x1_test_small/seed1347-epoch53-12.mat,-96.66540107511592,18.0,70.0,-97.21406174199038,-0.49108219210518644,13.121580839157104,20.0,72.0,-113.16852700348134,0.5486606668744543,2.752360936540928
./csi-dataset/homeoffice-communication-28G-csi/t16x16_r2x1_test_small/seed1347-epoch53-98.mat,-89.35427249405245,176.0,71.0,-123.58758876338982,-0.15421613566467918,12.496846199035645,216.0,73.0,-108.75450491013056,34.233316269337365,38.01520925295578
./csi-dataset/homeoffice-communication-28G-csi/t16x16_r2x1_test_small/seed1347-epoch54-17.mat,-94.17380143411144,121.0,65.0,-94.18714911613074,-0.19735265715290873,12.094245910644531,121.0,66.0,-108.97682016373808,0.013347682019301033,0.9999999999995357
./csi-dataset/homeoffice-communication-28G-csi/t16x16_r2x1_test_small/seed1347-epoch54-37.mat,-86.83694142879335,239.0,7.0,-86.82754336714342,0.2097415076086503,14.38810396194458,238.0,7.0,-99.24695959006638,-0.009398061649932288,0.12186781957148683
./csi-dataset/homeoffice-communication-28G-csi/t16x16_r2x1_test_small/seed1347-epoch54-38.mat,-85.94721550253924,275.0,74.0,-86.26611450894995,0.1321410686191552,12.408851385116577,275.0,75.0,-102.02250403314756,0.31889900641071733,0.9999999999999002
./csi-dataset/homeoffice-communication-28G-csi/t16x16_r2x1_test_small/seed1347-epoch80-11.mat,-89.27079774132538,124.0,61.0,-90.02773474315312,-0.613153745570975,14.941584825515747,126.0,65.0,-107.31469657880929,0.7569370018277368,4.378722319653597
./csi-dataset/homeoffice-communication-28G-csi/t16x16_r2x1_test_small/seed1347-epoch80-33.mat,-82.90537971176816,37.0,49.0,-82.929697444483,0.022216938850491474,14.926154851913452,37.0,49.0,-98.79488879794147,0.024317732714834506,0.0
./csi-dataset/homeoffice-communication-28G-csi/t16x16_r2x1_test_small/seed1347-epoch80-66.mat,-86.22103117703412,332.0,47.0,-86.89209183219874,0.10273656370158646,12.128637552261353,331.0,48.0,-99.92861110936937,0.6710606551646237,1.2423860170094452
./csi-dataset/homeoffice-communication-28G-csi/t16x16_r2x1_test_small/seed1347-epoch82-27.mat,-102.97898141669144,326.0,66.0,-105.61987518888158,0.1940147169342028,12.656094551086426,315.0,83.0,-117.8255617736042,2.6408937721901395,20.00789874699867
./csi-dataset/homeoffice-communication-28G-csi/t16x16_r2x1_test_small/seed1347-epoch82-33.mat,-76.79205233125157,332.0,53.0,-125.16399672089324,-0.07231317937035686,14.22563886642456,135.0,56.0,-98.20023178192767,48.37194438964167,107.25576007871908
./csi-dataset/homeoffice-communication-28G-csi/t16x16_r2x1_test_small/seed1347-epoch82-95.mat,-94.35551971909204,151.0,72.0,-147.59586489926178,0.06738469517488,13.281139850616455,227.0,27.0,-109.4311041114861,53.24034518016974,67.6792672828091
./csi-dataset/homeoffice-communication-28G-csi/t16x16_r2x1_test_small/seed1454-epoch27-48.mat,-89.65769965380274,298.0,27.0,-90.1537375048666,0.08034122237188512,12.044363021850586,298.0,29.0,-106.21414827067653,0.49603785106386056,2.0000000000001297
./csi-dataset/homeoffice-communication-28G-csi/t16x16_r2x1_test_small/seed1454-epoch27-87.mat,-81.71327963854559,283.0,31.0,-122.66603655943605,0.23168285629840668,13.372289180755615,234.0,89.0,-107.41860907888022,40.952756920890465,69.34111115630365
./csi-dataset/homeoffice-communication-28G-csi/t16x16_r2x1_test_small/seed1454-epoch6-55.mat,-98.73695893359438,319.0,53.0,-132.91246022852073,-0.015749773186215288,11.118163585662842,265.0,18.0,-112.94220269439538,34.17550129492635,44.15805746713681
./csi-dataset/homeoffice-communication-28G-csi/t16x16_r2x1_test_small/seed1454-epoch6-75.mat,-79.72977834421148,316.0,67.0,-86.01289261396823,-0.02844738921582879,13.597237825393677,243.0,57.0,-100.04838188410412,6.2831142697567515,63.99060772096423
./csi-dataset/homeoffice-communication-28G-csi/t16x16_r2x1_test_small/seed1483-epoch12-11.mat,-78.78623211790295,350.0,66.0,-79.41503547770515,0.07719673112152847,13.668258428573608,350.0,64.0,-93.61817255701581,0.6288033598021912,2.0000000000001297
./csi-dataset/homeoffice-communication-28G-csi/t16x16_r2x1_test_small/seed1483-epoch12-58.mat,-95.90398369249186,142.0,82.0,-96.04244787979928,-0.007884368495693295,14.098554372787476,142.0,81.0,-107.47313242754451,0.13846418730742016,0.9999999999995357
./csi-dataset/homeoffice-communication-28G-csi/t16x16_r2x1_test_small/seed1483-epoch12-83.mat,-74.65718241301924,109.0,9.0,-74.89577265838903,-0.1697117292026642,12.33867335319519,111.0,10.0,-90.37853334835093,0.23859024536979234,1.0529259339342447
./csi-dataset/homeoffice-communication-28G-csi/t16x16_r2x1_test_small/seed1483-epoch40-25.mat,-86.94208718803907,190.0,67.0,-132.66272998688336,0.17259618446315694,13.250082731246948,30.0,36.0,-101.95565127691205,45.720642798844295,101.08827747788136
./csi-dataset/homeoffice-communication-28G-csi/t16x16_r2x1_test_small/seed1483-epoch40-87.mat,-77.2069381629162,141.0,67.0,-77.31938973154813,0.07476483292458536,13.917602777481079,141.0,66.0,-92.00766662179034,0.11245156863192562,1.0000000000002647
./csi-dataset/homeoffice-communication-28G-csi/t16x16_r2x1_test_small/seed1483-epoch41-47.mat,-104.41833530330383,301.0,34.0,-139.5310814062494,0.27458408201710294,10.89876127243042,66.0,13.0,-122.04741354632614,35.112746102945565,42.638793701535704
./csi-dataset/homeoffice-communication-28G-csi/t16x16_r2x1_test_small/seed1566-epoch42-84.mat,-98.61059510589163,126.0,58.0,-98.63730654211979,-0.37634054821213003,13.482039213180542,127.0,59.0,-113.1576060912653,0.02671143622815464,1.3141350637031401
./csi-dataset/homeoffice-communication-28G-csi/t16x16_r2x1_test_small/seed1566-epoch43-100.mat,-89.89760135152324,23.0,65.0,-95.6012571671632,0.29926726752874766,13.613359689712524,14.0,50.0,-104.9684110293071,5.703655815639962,16.788362194930087
./csi-dataset/homeoffice-communication-28G-csi/t16x16_r2x1_test_small/seed1566-epoch69-96.mat,-77.98366188001056,249.0,59.0,-82.38378513343199,-0.7861090324457489,13.532415628433228,245.0,59.0,-94.04347499574241,4.400123253421427,3.4284844392765628
./csi-dataset/homeoffice-communication-28G-csi/t16x16_r2x1_test_small/seed1566-epoch70-99.mat,-89.84882741932934,8.0,70.0,-91.22434975552487,-0.07125556854065196,10.646268606185913,6.0,67.0,-106.16572026525915,1.3755223361955302,3.5300850789174643
./csi-dataset/homeoffice-communication-28G-csi/t16x16_r2x1_test_small/seed1569-epoch18-44.mat,-98.50544184605054,39.0,72.0,-98.723527142627,-0.02199103312733275,11.602490663528442,39.0,70.0,-112.44057783551693,0.21808529657646147,1.9999999999999472
./csi-dataset/homeoffice-communication-28G-csi/t16x16_r2x1_test_small/seed1569-epoch18-87.mat,-86.3238083224342,347.0,34.0,-116.4126916225917,0.19913269069926676,11.252553939819336,322.0,68.0,-104.20042880494485,30.08888330015749,38.69723890985609
./csi-dataset/homeoffice-communication-28G-csi/t16x16_r2x1_test_small/seed1569-epoch2-65.mat,-91.75116504790373,0.0,79.0,-95.2100239328957,-0.18129795800110027,12.79102635383606,334.0,63.0,-107.13545346889654,3.458858884991969,29.220988975580962
./csi-dataset/homeoffice-communication-28G-csi/t16x16_r2x1_test_small/seed1616-epoch4-59.mat,-79.1522665468665,178.0,55.0,-79.23184123712215,0.07498295359873197,12.269110202789307,178.0,55.0,-93.88597699630624,0.07957469025565445,0.0
./csi-dataset/homeoffice-communication-28G-csi/t16x16_r2x1_test_small/seed1616-epoch40-69.mat,-86.72076776269543,139.0,62.0,-129.30119436463843,0.1398465447711299,12.442852973937988,219.0,46.0,-108.52537251169133,42.580426601943,64.1247516511557
./csi-dataset/homeoffice-communication-28G-csi/t16x16_r2x1_test_small/seed1616-epoch6-31.mat,-90.78139843139556,244.0,15.0,-132.1738552285749,0.13555692110591688,13.164623022079468,29.0,21.0,-106.17453528055087,41.392456797179335,34.33122261299988
./csi-dataset/homeoffice-communication-28G-csi/t16x16_r2x1_test_small/seed1616-epoch6-48.mat,-89.75856024883237,2.0,57.0,-89.77908335470997,-0.5466177516243915,10.131075859069824,2.0,57.0,-101.02550541667597,0.020523105877600756,0.0
./csi-dataset/homeoffice-communication-28G-csi/t16x16_r2x1_test_small/seed1616-epoch60-51.mat,-86.99028541565782,126.0,4.0,-87.15921607239619,-0.21076376240020567,11.144347429275513,132.0,5.0,-99.72206373158328,0.16893065673836816,1.1039387473443398
./csi-dataset/homeoffice-communication-28G-csi/t16x16_r2x1_test_small/seed1616-epoch60-73.mat,-103.70791881021196,175.0,71.0,-106.48759898689786,0.2804987818716598,10.670892238616943,299.0,37.0,-116.69840052044222,2.7796801766859005,93.33568075048265
./csi-dataset/homeoffice-communication-28G-csi/t16x16_r2x1_test_small/seed1616-epoch60-84.mat,-91.46286788157974,173.0,58.0,-135.75524444816398,0.001828545774804624,12.443768501281738,261.0,24.0,-110.28649460988184,44.29237656658424,60.2548309956112
./csi-dataset/homeoffice-communication-28G-csi/t16x16_r2x1_test_small/seed1616-epoch83-18.mat,-86.7039251951943,30.0,52.0,-86.68805700556432,-0.09738180950277675,11.319901943206787,31.0,53.0,-98.70610271914285,-0.01586818962998393,1.2764636308914457
./csi-dataset/homeoffice-communication-28G-csi/t16x16_r2x1_test_small/seed1616-epoch83-80.mat,-90.8254162494454,136.0,60.0,-133.1777600524858,-0.0272470735238195,13.46059250831604,259.0,52.0,-107.37848618658708,42.35234380304041,93.66089884144655
./csi-dataset/homeoffice-communication-28G-csi/t16x16_r2x1_test_small/seed1616-epoch84-41.mat,-85.17854018134744,174.0,71.0,-85.40224218593097,-0.09307780658819675,12.504558563232422,176.0,73.0,-99.26502612375197,0.2237020045835294,2.7599846279514733
./csi-dataset/homeoffice-communication-28G-csi/t16x16_r2x1_test_small/seed1616-epoch84-47.mat,-77.78068068052391,166.0,38.0,-121.08005118186554,0.11996588264284225,13.059825897216797,220.0,77.0,-94.05387873526378,43.29937050134163,58.00361828045172
./csi-dataset/homeoffice-communication-28G-csi/t16x16_r2x1_test_small/seed167-epoch25-13.mat,-73.03216015301514,323.0,35.0,-73.29096456421526,-0.20567150263020562,11.67721939086914,323.0,34.0,-87.04550753431703,0.2588044112001171,1.0000000000002647
./csi-dataset/homeoffice-communication-28G-csi/t16x16_r2x1_test_small/seed167-epoch26-62.mat,-96.7770977933474,126.0,72.0,-97.17950207161708,-0.10600619258483523,10.50276494026184,125.0,73.0,-110.67770992902288,0.4024042782696853,1.3818624961238861
./csi-dataset/homeoffice-communication-28G-csi/t16x16_r2x1_test_small/seed167-epoch5-7.mat,-104.83265789498276,340.0,60.0,-105.84675697452185,0.05520340504894106,10.702272653579712,341.0,57.0,-118.8583084752318,1.0140990795390934,3.118755673908638
./csi-dataset/homeoffice-communication-28G-csi/t16x16_r2x1_test_small/seed167-epoch50-83.mat,-86.69908175302615,202.0,75.0,-128.4465842967227,-0.3131001253746315,14.689450979232788,186.0,14.0,-107.8398718883727,41.747502543696555,61.591330310567834
./csi-dataset/homeoffice-communication-28G-csi/t16x16_r2x1_test_small/seed1681-epoch13-37.mat,-89.19295468988116,343.0,72.0,-89.4976331969169,0.06741913810866529,13.607512950897217,343.0,70.0,-102.381014082745,0.3046785070357316,1.9999999999999472
./csi-dataset/homeoffice-communication-28G-csi/t16x16_r2x1_test_small/seed1695-epoch16-44.mat,-88.44697348989746,163.0,73.0,-129.466820181079,-0.08834029201245408,13.132039070129395,312.0,47.0,-106.82204725386099,41.01984669118153,113.58463237328148
./csi-dataset/homeoffice-communication-28G-csi/t16x16_r2x1_test_small/seed1695-epoch17-58.mat,-85.44813799915424,355.0,18.0,-85.52889172825404,0.20544120669741084,13.077604532241821,354.0,18.0,-98.31715698992623,0.08075372909979706,0.3090134467464424
./csi-dataset/homeoffice-communication-28G-csi/t16x16_r2x1_test_small/seed1707-epoch22-59.mat,-94.70597746756708,235.0,44.0,-95.3083566961541,0.22416935962838147,10.029911041259766,234.0,43.0,-105.60093828665029,0.6023792285870258,1.2139907717968488
./csi-dataset/homeoffice-communication-28G-csi/t16x16_r2x1_test_small/seed1707-epoch22-85.mat,-92.49386092722987,344.0,71.0,-93.2024393112659,0.053412679967563825,12.093140125274658,346.0,68.0,-105.89153517903362,0.7085783840360307,3.5366986438163237
./csi-dataset/homeoffice-communication-28G-csi/t16x16_r2x1_test_small/seed1707-epoch24-31.mat,-82.66753858107784,215.0,19.0,-82.6980575846652,-0.04254035723605365,12.483244180679321,216.0,19.0,-93.92184768280573,0.03051900358735793,0.32556446021366875
./csi-dataset/homeoffice-communication-28G-csi/t16x16_r2x1_test_small/seed1707-epoch46-13.mat,-84.17259904042352,46.0,61.0,-84.33217033924964,-1.063764972842689,15.506229400634766,46.0,63.0,-97.937037962389,0.15957129882612264,2.0000000000004943
./csi-dataset/homeoffice-communication-28G-csi/t16x16_r2x1_test_small/seed1707-epoch47-36.mat,-94.88052191890142,312.0,42.0,-100.37471648315099,0.2619594395192525,12.556699991226196,200.0,58.0,-109.08274633113322,5.494194564249568,79.55833172935245
./csi-dataset/homeoffice-communication-28G-csi/t16x16_r2x1_test_small/seed1707-epoch47-40.mat,-91.93037789174852,74.0,4.0,-124.29487922884448,-0.17868976167998007,13.065028667449951,99.0,30.0,-109.70392884127682,32.36450133709596,26.42389779856335
./csi-dataset/homeoffice-communication-28G-csi/t16x16_r2x1_test_small/seed1707-epoch47-5.mat,-78.86110789540372,349.0,54.0,-128.2944731318806,-0.21695252477875893,13.42255425453186,273.0,38.0,-96.13342927729754,49.43336523647689,54.29036947634587
./csi-dataset/homeoffice-communication-28G-csi/t16x16_r2x1_test_small/seed1707-epoch8-87.mat,-81.88584490121383,176.0,67.0,-135.8807657866902,0.14903700742106263,12.943667650222778,43.0,79.0,-103.437574874279,53.994920885476375,122.79900740390323
./csi-dataset/homeoffice-communication-28G-csi/t16x16_r2x1_test_small/seed1707-epoch80-25.mat,-81.21462707511384,357.0,72.0,-81.28971826365162,0.24960195406464936,14.587313890457153,358.0,75.0,-94.95737050786093,0.07509118853778318,3.1494551999667664
./csi-dataset/homeoffice-communication-28G-csi/t16x16_r2x1_test_small/seed1707-epoch80-53.mat,-93.37678403353668,117.0,23.0,-130.15584659193362,-0.25369101196254285,12.941322088241577,178.0,59.0,-111.46028431867114,36.779062558396944,50.47101958281807
./csi-dataset/homeoffice-communication-28G-csi/t16x16_r2x1_test_small/seed1707-epoch80-89.mat,-84.98098974581643,3.0,49.0,-85.21706921045933,0.0930921706786575,13.236400127410889,2.0,49.0,-99.13369833929531,0.23607946464289853,0.7547054571971609
./csi-dataset/homeoffice-communication-28G-csi/t16x16_r2x1_test_small/seed1730-epoch26-29.mat,-94.9529155395785,45.0,18.0,-124.35435373079014,-0.10565989939323561,13.790902137756348,87.0,29.0,-109.83724280546446,29.40143819121164,19.413119308071085
./csi-dataset/homeoffice-communication-28G-csi/t16x16_r2x1_test_small/seed1730-epoch27-79.mat,-75.91511635357523,222.0,51.0,-76.02122560815968,-0.3411474241983352,13.638107299804688,222.0,51.0,-88.32161032015584,0.10610925458445308,0.0
./csi-dataset/homeoffice-communication-28G-csi/t16x16_r2x1_test_small/seed1730-epoch57-93.mat,-74.35878935117218,288.0,39.0,-124.9555571901031,-0.23366952497251225,14.668406009674072,0.0,59.0,-91.74990396769182,50.596767838930916,55.46193129742517
./csi-dataset/homeoffice-communication-28G-csi/t16x16_r2x1_test_small/seed1730-epoch58-62.mat,-88.54028799330833,357.0,42.0,-128.55348390130231,-0.0068782808079796975,13.520205736160278,77.0,45.0,-108.09633371780251,40.01319590799399,52.580669660539684
./csi-dataset/homeoffice-communication-28G-csi/t16x16_r2x1_test_small/seed1730-epoch58-69.mat,-93.80342816847696,187.0,48.0,-93.89613741862105,-0.21088309688733542,14.427650213241577,189.0,48.0,-107.50341765314084,0.0927092501440967,1.4862558635376428
./csi-dataset/homeoffice-communication-28G-csi/t16x16_r2x1_test_small/seed1839-epoch10-27.mat,-84.55927968394555,263.0,69.0,-111.90293961447375,0.027007818543440032,12.434823513031006,271.0,22.0,-100.82999129763438,27.343659930528204,47.26606247171231
./csi-dataset/homeoffice-communication-28G-csi/t16x16_r2x1_test_small/seed1839-epoch10-50.mat,-91.12423578442232,276.0,5.0,-92.3657122983849,0.0600422299859078,10.653143405914307,300.0,4.0,-107.519889908772,1.2414765139625814,2.109849955117346
./csi-dataset/homeoffice-communication-28G-csi/t16x16_r2x1_test_small/seed1839-epoch10-6.mat,-76.32764441833002,99.0,63.0,-77.25987622609595,0.011886552815326357,13.733135461807251,97.0,64.0,-90.01444032212198,0.9322318077659304,2.05022518302489
./csi-dataset/homeoffice-communication-28G-csi/t16x16_r2x1_test_small/seed1839-epoch33-35.mat,-81.45050022083214,177.0,58.0,-82.21134428776531,-0.2640006988885675,13.695255517959595,176.0,58.0,-97.55778804481568,0.7608440669331742,0.8480450734750878
./csi-dataset/homeoffice-communication-28G-csi/t16x16_r2x1_test_small/seed1839-epoch35-7.mat,-109.4173921397384,179.0,74.0,-145.79667887029476,0.16998970940785207,8.905599594116211,201.0,24.0,-125.70472684710276,36.37928673055636,52.09762362568397
./csi-dataset/homeoffice-communication-28G-csi/t16x16_r2x1_test_small/seed1839-epoch56-58.mat,-86.98509855520723,260.0,43.0,-116.29926990643973,0.21751830575027142,14.959009647369385,225.0,59.0,-104.12789429390611,29.314171351232503,31.180514166733687
./csi-dataset/homeoffice-communication-28G-csi/t16x16_r2x1_test_small/seed1839-epoch56-7.mat,-98.9000874591101,168.0,66.0,-103.57223497479806,-0.19991709043325678,11.772735118865967,61.0,40.0,-113.93731707744023,4.672147515687968,81.95834014254491
./csi-dataset/homeoffice-communication-28G-csi/t16x16_r2x1_test_small/seed1839-epoch57-48.mat,-83.7563767540019,284.0,57.0,-84.82241276467155,-0.08390735699099783,13.179487943649292,283.0,56.0,-99.18016562163216,1.0660360106696487,1.3020442907408076
./csi-dataset/homeoffice-communication-28G-csi/t16x16_r2x1_test_small/seed1839-epoch57-70.mat,-88.25672625677913,4.0,64.0,-129.44167318662122,-0.14939610084615684,14.50351095199585,244.0,52.0,-104.71909462836433,41.184946929842084,94.83240727658035
./csi-dataset/homeoffice-communication-28G-csi/t16x16_r2x1_test_small/seed1879-epoch19-22.mat,-96.91017122900028,2.0,27.0,-96.97885465262459,0.4724495560517842,10.803513526916504,3.0,27.0,-110.26441984879384,0.06868342362430724,0.45398592513558367
./csi-dataset/homeoffice-communication-28G-csi/t16x16_r2x1_test_small/seed1879-epoch2-9.mat,-96.27573447524271,326.0,67.0,-99.6197681049222,-0.4378657941348203,12.213388204574585,323.0,64.0,-110.02493942787592,3.344033629679487,4.055762435430006
./csi-dataset/homeoffice-communication-28G-csi/t16x16_r2x1_test_small/seed1893-epoch18-7.mat,-92.19355541109036,75.0,34.0,-93.43944429392366,0.250773498276311,10.796989679336548,74.0,32.0,-106.41122374996681,1.2458888828332988,2.072771570748711
./csi-dataset/homeoffice-communication-28G-csi/t16x16_r2x1_test_small/seed1893-epoch19-79.mat,-90.41830510048892,91.0,30.0,-116.24003637985751,0.1494390759330515,14.042468547821045,260.0,16.0,-105.96966779256061,25.821731279368592,45.79797119452314
./csi-dataset/homeoffice-communication-28G-csi/t16x16_r2x1_test_small/seed1893-epoch9-4.mat,-107.66132560541163,142.0,44.0,-108.16943545768538,-0.12850201296342045,9.399410724639893,134.0,55.0,-117.48489765590448,0.5081098522737477,12.554571847512463
./csi-dataset/homeoffice-communication-28G-csi/t16x16_r2x1_test_small/seed1893-epoch9-65.mat,-101.1405734928149,180.0,22.0,-101.90154979546237,0.17987986148176704,9.35245394706726,183.0,20.0,-112.97863761704662,0.7609763026474781,2.2700465843378623
./csi-dataset/homeoffice-communication-28G-csi/t16x16_r2x1_test_small/seed1934-epoch0-13.mat,-87.3062185588369,55.0,73.0,-87.31558060696265,0.0030965865891686706,13.553802251815796,56.0,75.0,-101.84973395483098,0.009362048125751699,2.2189874476227294
./csi-dataset/homeoffice-communication-28G-csi/t16x16_r2x1_test_small/seed1934-epoch0-2.mat,-88.6154466345104,154.0,45.0,-88.64175178138754,0.05559836656881312,13.242831230163574,154.0,46.0,-101.48352453479718,0.026305146877135144,0.9999999999999002
./csi-dataset/homeoffice-communication-28G-csi/t16x16_r2x1_test_small/seed1934-epoch0-38.mat,-94.00085966114682,189.0,51.0,-94.01173021600343,0.24370313223990703,10.504023790359497,190.0,51.0,-104.51074743909007,0.01087055485660926,0.7771420548734437
./csi-dataset/homeoffice-communication-28G-csi/t16x16_r2x1_test_small/seed1934-epoch28-92.mat,-78.00022954529636,359.0,63.0,-78.29159638607126,0.09077750593946177,12.870886325836182,0.0,61.0,-90.66974854172109,0.2913668407748986,2.186194360599835
./csi-dataset/homeoffice-communication-28G-csi/t16x16_r2x1_test_small/seed1934-epoch29-76.mat,-95.39319751855888,239.0,42.0,-129.86255070932214,-0.03560334517681851,12.78841757774353,61.0,34.0,-113.5912470400625,34.46935319076326,75.98654001995955
./csi-dataset/homeoffice-communication-28G-csi/t16x16_r2x1_test_small/seed1934-epoch52-50.mat,-88.18150383127282,342.0,17.0,-90.46718767351746,0.22057095870107135,10.732093811035156,349.0,34.0,-101.38719338365638,2.2856838422446373,17.237211334577925
./csi-dataset/homeoffice-communication-28G-csi/t16x16_r2x1_test_small/seed1934-epoch55-59.mat,-110.75132958222382,1.0,37.0,-114.94620431680352,0.313948152627067,8.428476572036743,109.0,21.0,-125.46814764223414,4.194874734579699,47.23878957732912
./csi-dataset/homeoffice-communication-28G-csi/t16x16_r2x1_test_small/seed1937-epoch22-47.mat,-80.71112704848738,318.0,77.0,-81.10162676796045,0.2440738832357252,14.31179690361023,318.0,73.0,-95.42945319368222,0.3904997194730697,4.000000000000042
./csi-dataset/homeoffice-communication-28G-csi/t16x16_r2x1_test_small/seed2001-epoch12-74.mat,-86.5490032726847,59.0,50.0,-86.69569679521217,0.047381979038213395,13.559298038482666,58.0,50.0,-100.61826682630681,0.14669352252747103,0.766040425770681
./csi-dataset/homeoffice-communication-28G-csi/t16x16_r2x1_test_small/seed2001-epoch17-1.mat,-103.93799175761768,167.0,66.0,-144.72075451116538,-0.3385269792709986,15.545772075653076,85.0,41.0,-121.28944972099336,40.7827627535477,67.02185307133351
./csi-dataset/homeoffice-communication-28G-csi/t16x16_r2x1_test_small/seed2001-epoch17-26.mat,-115.01080451888676,348.0,36.0,-116.95234108080251,-0.010242910876796296,11.06945276260376,336.0,35.0,-125.81107721014014,1.941536561915754,7.030853218600745
./csi-dataset/homeoffice-communication-28G-csi/t16x16_r2x1_test_small/seed2001-epoch17-99.mat,-81.93840717277892,213.0,52.0,-82.13526697517915,0.13126995462842728,12.456329107284546,213.0,51.0,-95.41205472461192,0.19685980240022616,0.9999999999999002
./csi-dataset/homeoffice-communication-28G-csi/t16x16_r2x1_test_small/seed2065-epoch16-67.mat,-90.29139103757925,83.0,63.0,-91.02404005898849,-0.24053565804814347,12.88450574874878,81.0,65.0,-105.55463161600387,0.7326490214092445,2.6889956472379444
./csi-dataset/homeoffice-communication-28G-csi/t16x16_r2x1_test_small/seed2065-epoch17-37.mat,-89.86482784862858,23.0,38.0,-91.29472709738818,0.14283869107380331,13.577929258346558,21.0,36.0,-102.97829769618775,1.4298992487595967,2.3340323788067763
./csi-dataset/homeoffice-communication-28G-csi/t16x16_r2x1_test_small/seed2065-epoch40-71.mat,-83.75170948530933,332.0,49.0,-84.19975623717347,-0.1264437121861237,13.686501264572144,332.0,48.0,-96.41322549623655,0.44804675186414045,1.0000000000006293
./csi-dataset/homeoffice-communication-28G-csi/t16x16_r2x1_test_small/seed2065-epoch41-75.mat,-99.73563868704814,215.0,66.0,-100.26816089068708,0.16878094477549976,10.445676565170288,215.0,64.0,-112.48577588247866,0.5325222036389476,1.999999999999765
./csi-dataset/homeoffice-communication-28G-csi/t16x16_r2x1_test_small/seed2065-epoch66-30.mat,-89.89457143277144,332.0,52.0,-90.07237702587315,-0.15965978512443102,13.828242301940918,332.0,53.0,-102.33591734893496,0.1778055931017093,0.9999999999999002
./csi-dataset/homeoffice-communication-28G-csi/t16x16_r2x1_test_small/seed2065-epoch68-38.mat,-83.0279729490031,183.0,42.0,-83.42746150916707,0.2819035703067503,12.79464840888977,182.0,42.0,-97.73034227529115,0.3994885601639737,0.6691259159967914
./csi-dataset/homeoffice-communication-28G-csi/t16x16_r2x1_test_small/seed2065-epoch68-40.mat,-86.05741535442414,93.0,75.0,-86.63558928544629,-0.031999278119103414,13.421249628067017,93.0,84.0,-101.68708860178145,0.5781739310221496,9.000000000000023
./csi-dataset/homeoffice-communication-28G-csi/t16x16_r2x1_test_small/seed2144-epoch27-24.mat,-103.81595579412286,318.0,65.0,-133.381297878424,0.2734086015662639,11.085297107696533,231.0,14.0,-117.42443624023221,29.565342084301136,65.06816976244824
./csi-dataset/homeoffice-communication-28G-csi/t16x16_r2x1_test_small/seed2144-epoch27-33.mat,-100.05759100881006,173.0,63.0,-101.29285850767808,0.12567147994100603,10.22916579246521,171.0,66.0,-113.810456912475,1.2352674988680121,3.5010465109381905
./csi-dataset/homeoffice-communication-28G-csi/t16x16_r2x1_test_small/seed2144-epoch51-17.mat,-88.07784337518406,183.0,36.0,-91.77226220718808,-0.057425329382675416,13.307713031768799,36.0,48.0,-103.59534600257119,3.6944188320040183,79.92141737495422
./csi-dataset/homeoffice-communication-28G-csi/t16x16_r2x1_test_small/seed2144-epoch51-65.mat,-87.25343719263131,348.0,46.0,-89.53607831487403,0.1969493144008192,13.997660875320435,345.0,45.0,-102.324390940485,2.2826411222427225,2.3616877346543492
./csi-dataset/homeoffice-communication-28G-csi/t16x16_r2x1_test_small/seed2144-epoch51-9.mat,-103.06723966091,189.0,37.0,-133.9393756224934,0.06977277985768182,10.62351393699646,234.0,41.0,-120.47468597308821,30.872135961583396,28.124893616451967
./csi-dataset/homeoffice-communication-28G-csi/t16x16_r2x1_test_small/seed2146-epoch2-2.mat,-91.16438132905006,357.0,70.0,-92.38678288075783,-0.15268678071119735,11.246619939804077,356.0,81.0,-104.55921449447261,1.222401551707776,11.042366056102663
./csi-dataset/homeoffice-communication-28G-csi/t16x16_r2x1_test_small/seed2146-epoch2-89.mat,-83.71585197418128,189.0,15.0,-85.29290216898275,-0.47613501051965623,13.616942644119263,193.0,13.0,-99.73683380295466,1.5770501948014726,2.220670783817154
./csi-dataset/homeoffice-communication-28G-csi/t16x16_r2x1_test_small/seed220-epoch36-26.mat,-89.13481730518058,231.0,66.0,-89.14712478597372,0.03520479220089967,13.210181713104248,232.0,66.0,-101.23154332391465,0.012307480793140257,0.9135435393672272
./csi-dataset/homeoffice-communication-28G-csi/t16x16_r2x1_test_small/seed220-epoch39-73.mat,-89.65570887209395,206.0,23.0,-89.71745854082435,0.20974768143052358,14.218929529190063,206.0,23.0,-101.87931213203217,0.061749668730399776,0.0
./csi-dataset/homeoffice-communication-28G-csi/t16x16_r2x1_test_small/seed220-epoch39-83.mat,-81.19846080303064,331.0,32.0,-81.24395358235739,-0.4724335344900856,14.064699172973633,333.0,32.0,-94.68802590653968,0.04549277932675011,1.0597998299552585
./csi-dataset/homeoffice-communication-28G-csi/t16x16_r2x1_test_small/seed221-epoch20-26.mat,-89.10563781488213,184.0,42.0,-128.30747535502007,0.04513783897040846,13.11670184135437,130.0,61.0,-106.92465828247671,39.201837540137944,45.228904742132954
./csi-dataset/homeoffice-communication-28G-csi/t16x16_r2x1_test_small/seed222-epoch3-23.mat,-93.84163785859296,294.0,52.0,-94.3276802609252,0.3427922267791875,10.882898092269897,293.0,52.0,-106.4494813347065,0.48604240233224516,0.7880069624891246
./csi-dataset/homeoffice-communication-28G-csi/t16x16_r2x1_test_small/seed2221-epoch49-66.mat,-83.38131136662889,245.0,48.0,-83.86798049243374,-0.41331425474254924,15.094419002532959,244.0,49.0,-98.02322592666664,0.4866691258048519,1.2493521292385588
./csi-dataset/homeoffice-communication-28G-csi/t16x16_r2x1_test_small/seed2221-epoch49-79.mat,-87.84876647678432,209.0,58.0,-88.489805895091,0.192911339041259,13.684785842895508,208.0,56.0,-101.15947726198613,0.6410394183066757,2.1686865230498733
./csi-dataset/homeoffice-communication-28G-csi/t16x16_r2x1_test_small/seed2226-epoch0-25.mat,-101.023218257878,287.0,33.0,-145.43621794634132,0.34201944925346506,9.908784866333008,100.0,21.0,-114.00743237857614,44.412999688463316,53.8968978571902
./csi-dataset/homeoffice-communication-28G-csi/t16x16_r2x1_test_small/seed2226-epoch0-54.mat,-111.94664401353842,246.0,43.0,-113.91153462652457,0.06485268725356175,10.079639196395874,249.0,40.0,-123.97125780307078,1.964890612986153,3.598154798760267
./csi-dataset/homeoffice-communication-28G-csi/t16x16_r2x1_test_small/seed2226-epoch0-62.mat,-104.01816855472572,273.0,54.0,-105.90787706255652,0.3813600176897136,9.726804256439209,270.0,53.0,-116.00040006995856,1.8897085078308038,2.610519556846149
./csi-dataset/homeoffice-communication-28G-csi/t16x16_r2x1_test_small/seed2226-epoch1-42.mat,-93.19804857429564,349.0,70.0,-139.98836760491096,0.28586247950898946,11.780930995941162,223.0,72.0,-112.09773468378467,46.79031903061532,114.8102269026988
./csi-dataset/homeoffice-communication-28G-csi/t16x16_r2x1_test_small/seed2226-epoch1-93.mat,-83.36394257554267,193.0,54.0,-83.55437893519196,-0.06802863788246483,10.641907930374146,193.0,54.0,-97.22202386112343,0.19043635964929706,0.0
./csi-dataset/homeoffice-communication-28G-csi/t16x16_r2x1_test_small/seed2226-epoch30-98.mat,-104.09506655465206,232.0,48.0,-104.22193583456612,0.14005388923296236,12.407669067382812,232.0,49.0,-117.38613697618217,0.12686927991406094,0.9999999999999002
./csi-dataset/homeoffice-communication-28G-csi/t16x16_r2x1_test_small/seed2226-epoch4-100.mat,-91.82745324855637,205.0,3.0,-92.28815338989905,0.05706797368965533,14.837499380111694,216.0,4.0,-105.04075349500569,0.46070014134268433,1.2001731086513483
./csi-dataset/homeoffice-communication-28G-csi/t16x16_r2x1_test_small/seed2226-epoch4-54.mat,-84.92899876796272,51.0,29.0,-85.13554950207593,-0.42223397257545114,13.701449394226074,50.0,30.0,-98.6137935564028,0.20655073411320757,1.1146355706854914
./csi-dataset/homeoffice-communication-28G-csi/t16x16_r2x1_test_small/seed2347-epoch28-89.mat,-87.56572912590855,63.0,29.0,-87.69251222586772,-0.0022585956654617156,13.082576274871826,63.0,30.0,-100.00642695869202,0.12678309995916948,0.9999999999999002
./csi-dataset/homeoffice-communication-28G-csi/t16x16_r2x1_test_small/seed2347-epoch29-36.mat,-95.84974067319044,289.0,52.0,-107.48883223460416,0.1274970279218639,14.339979887008667,355.0,81.0,-108.24383036944654,11.639091561413721,65.61427795040115
./csi-dataset/homeoffice-communication-28G-csi/t16x16_r2x1_test_small/seed2347-epoch54-89.mat,-86.2631831523355,164.0,24.0,-126.56142622576235,0.14540562833865922,12.193735599517822,24.0,54.0,-106.20224281517363,40.298243073426846,73.44734572018544
./csi-dataset/homeoffice-communication-28G-csi/t16x16_r2x1_test_small/seed2381-epoch16-61.mat,-80.46009646370776,257.0,38.0,-112.70511345011984,0.010938597544642215,12.976114273071289,285.0,4.0,-97.76429096699908,32.24501698641208,34.5116912158443
./csi-dataset/homeoffice-communication-28G-csi/t16x16_r2x1_test_small/seed2381-epoch17-46.mat,-95.12983172483332,221.0,51.0,-95.51939553900618,-0.10939079550556952,13.76737380027771,220.0,51.0,-106.41729386191423,0.3895638141728597,0.7771420548739126
./csi-dataset/homeoffice-communication-28G-csi/t16x16_r2x1_test_small/seed2421-epoch10-2.mat,-94.01361850989414,236.0,58.0,-108.2158132628847,0.10284970002811289,13.713281154632568,246.0,74.0,-108.19670894760586,14.20219475299055,18.399814302830173
./csi-dataset/homeoffice-communication-28G-csi/t16x16_r2x1_test_small/seed2421-epoch10-30.mat,-84.21648666639419,358.0,44.0,-86.52496226456675,0.006169660577617697,12.87693476676941,337.0,70.0,-100.06128191221366,2.3084755981725635,31.191881795675645
./csi-dataset/homeoffice-communication-28G-csi/t16x16_r2x1_test_small/seed2421-epoch33-13.mat,-91.97955925797687,254.0,27.0,-92.04184450109082,0.2176676562909191,14.30038070678711,254.0,27.0,-102.51657384233806,0.062285243113947786,0.0
./csi-dataset/homeoffice-communication-28G-csi/t16x16_r2x1_test_small/seed2421-epoch34-55.mat,-77.88726579966368,186.0,66.0,-78.22268853336413,-0.019876468092458577,14.276030540466309,186.0,65.0,-91.72635020573887,0.3354227337004545,1.0000000000002647
./csi-dataset/homeoffice-communication-28G-csi/t16x16_r2x1_test_small/seed2421-epoch57-38.mat,-84.76785035320282,175.0,61.0,-84.85659434855685,0.08437082261931217,13.388163328170776,175.0,61.0,-96.60365598522026,0.08874399535403654,0.0
./csi-dataset/homeoffice-communication-28G-csi/t16x16_r2x1_test_small/seed2421-epoch57-91.mat,-96.32314467324308,258.0,57.0,-96.60382479583728,0.2778417013706732,10.39402985572815,259.0,56.0,-107.59045995110543,0.2806801225942053,1.3020442907408076
./csi-dataset/homeoffice-communication-28G-csi/t16x16_r2x1_test_small/seed2421-epoch58-13.mat,-94.9064675725483,0.0,50.0,-94.92737464319491,-0.35358488368718777,12.40730357170105,0.0,50.0,-110.1897907026063,0.02090707064661501,0.0
./csi-dataset/homeoffice-communication-28G-csi/t16x16_r2x1_test_small/seed2421-epoch58-6.mat,-81.20076334524154,7.0,75.0,-81.64254473198285,0.056294786735158975,12.264153957366943,7.0,71.0,-95.26767995055624,0.4417813867413116,4.000000000000224
./csi-dataset/homeoffice-communication-28G-csi/t16x16_r2x1_test_small/seed2429-epoch37-17.mat,-92.07863342233316,149.0,69.0,-92.29233905873261,-0.1967902913876325,13.658621549606323,149.0,69.0,-104.2704599151392,0.21370563639945317,0.0
./csi-dataset/homeoffice-communication-28G-csi/t16x16_r2x1_test_small/seed2429-epoch38-11.mat,-83.63245086785595,155.0,21.0,-83.62452619566577,-0.11422832377932846,13.368605375289917,156.0,21.0,-98.4499483834977,-0.007924672190185333,0.35836398515469853
./csi-dataset/homeoffice-communication-28G-csi/t16x16_r2x1_test_small/seed2589-epoch6-15.mat,-82.6343543132448,78.0,15.0,-134.23576909117915,-0.2102187511719169,12.77097463607788,349.0,44.0,-100.13189925550523,51.60141477793435,45.73590328469645
./csi-dataset/homeoffice-communication-28G-csi/t16x16_r2x1_test_small/seed2589-epoch6-60.mat,-92.01947742626932,86.0,36.0,-92.10252993270969,-0.30245786069034053,11.493162870407104,87.0,37.0,-103.56483239617916,0.08305250644036732,1.163507693028935
./csi-dataset/homeoffice-communication-28G-csi/t16x16_r2x1_test_small/seed2589-epoch7-66.mat,-87.2920390680325,147.0,67.0,-87.28848679362383,-0.04994070425908048,14.066558122634888,147.0,68.0,-99.59623702014339,-0.003552274408662015,0.9999999999995357
./csi-dataset/homeoffice-communication-28G-csi/t16x16_r2x1_test_small/seed2589-epoch7-8.mat,-92.8487875184288,61.0,22.0,-117.34121341605132,-0.07374607978346881,9.751729965209961,1.0,64.0,-111.10273172544815,24.492425897622525,54.91453113693469
./csi-dataset/homeoffice-communication-28G-csi/t16x16_r2x1_test_small/seed2597-epoch31-10.mat,-87.7512557995169,329.0,16.0,-88.14761602965007,0.03197602596882976,13.972485065460205,331.0,17.0,-104.16331062254655,0.396360230133169,1.1499306616029856
./csi-dataset/homeoffice-communication-28G-csi/t16x16_r2x1_test_small/seed2597-epoch31-39.mat,-82.5922159453698,208.0,42.0,-105.27339770017561,-0.3738021942764911,13.925614356994629,238.0,20.0,-100.83584227095045,22.681181754805806,26.29527773828734
./csi-dataset/homeoffice-communication-28G-csi/t16x16_r2x1_test_small/seed2597-epoch55-19.mat,-95.53551324710418,359.0,53.0,-95.5987742944297,-0.1750013779210735,11.199335813522339,0.0,53.0,-106.40309859593488,0.06326104732552551,0.7986318386952783
./csi-dataset/homeoffice-communication-28G-csi/t16x16_r2x1_test_small/seed2597-epoch55-80.mat,-84.13182815212254,343.0,77.0,-84.66007140985346,-0.05853278041689669,13.218731164932251,343.0,75.0,-97.78169758102878,0.5282432577309208,2.0000000000001297
./csi-dataset/homeoffice-communication-28G-csi/t16x16_r2x1_test_small/seed2597-epoch55-85.mat,-85.82879029894639,174.0,28.0,-86.0479655250434,0.20711238986903835,14.374736070632935,175.0,29.0,-99.07474262877096,0.21917522609700768,1.107976273692604
./csi-dataset/homeoffice-communication-28G-csi/t16x16_r2x1_test_small/seed2597-epoch56-54.mat,-87.45120796058146,196.0,61.0,-87.76321845755268,-0.45759220311412485,14.44368290901184,196.0,63.0,-101.73857756400744,0.31201049697122585,2.0000000000001297
./csi-dataset/homeoffice-communication-28G-csi/t16x16_r2x1_test_small/seed2597-epoch56-78.mat,-91.06822395337936,18.0,73.0,-119.01431755355622,0.022341899098049955,11.57415509223938,172.0,59.0,-110.10640454458243,27.946093600176866,125.88574151252848
./csi-dataset/homeoffice-communication-28G-csi/t16x16_r2x1_test_small/seed2627-epoch19-37.mat,-85.36359928555359,208.0,41.0,-126.37113161674117,-0.19546628711038316,13.099626064300537,21.0,73.0,-103.85564300700173,41.007532331187576,113.70703207326343
./csi-dataset/homeoffice-communication-28G-csi/t16x16_r2x1_test_small/seed2627-epoch19-92.mat,-93.22943709787052,123.0,56.0,-93.58673352645658,-0.4372456174244026,13.885591983795166,124.0,58.0,-106.37488183575307,0.3572964285860678,2.1686865230498733
./csi-dataset/homeoffice-communication-28G-csi/t16x16_r2x1_test_small/seed2627-epoch8-79.mat,-88.44145112588521,357.0,16.0,-89.3088610342511,-0.1252474588692174,14.004676103591919,178.0,36.0,-101.80409928621202,0.8674099083658859,51.99820581890455
./csi-dataset/homeoffice-communication-28G-csi/t16x16_r2x1_test_small/seed2627-epoch9-36.mat,-86.1927456872697,50.0,9.0,-86.49498284210236,0.3091130356315147,13.92140793800354,50.0,8.0,-99.2996999809952,0.30223715483265323,0.9999999999999002
./csi-dataset/homeoffice-communication-28G-csi/t16x16_r2x1_test_small/seed2627-epoch9-53.mat,-106.66008626537612,174.0,5.0,-111.02720710654786,-0.056499783060224074,8.997032165527344,183.0,74.0,-119.78714769181424,4.36712084117174,69.06328971725867
./csi-dataset/homeoffice-communication-28G-csi/t16x16_r2x1_test_small/seed2632-epoch3-55.mat,-85.84696820831503,263.0,45.0,-85.8525994380042,0.10476994855596433,13.805465459823608,264.0,45.0,-100.0718421459612,0.005631229689171846,0.707102293687757
./csi-dataset/homeoffice-communication-28G-csi/t16x16_r2x1_test_small/seed2632-epoch31-26.mat,-93.01937512320563,172.0,74.0,-93.19584167130105,0.01554334754345621,11.10162878036499,172.0,72.0,-105.32627056963688,0.17646654809541928,1.9999999999999472
./csi-dataset/homeoffice-communication-28G-csi/t16x16_r2x1_test_small/seed2632-epoch57-11.mat,-85.72644856330909,343.0,75.0,-86.47092380883741,-0.15273079282287894,13.405335664749146,342.0,73.0,-98.96817300776266,0.7444752455283208,2.2189874476227294
./csi-dataset/homeoffice-communication-28G-csi/t16x16_r2x1_test_small/seed2745-epoch18-41.mat,-81.83240745057036,206.0,69.0,-82.36717315535523,-0.31898992888324873,13.898733139038086,206.0,73.0,-96.00557709726638,0.5347657047848742,4.000000000000042
./csi-dataset/homeoffice-communication-28G-csi/t16x16_r2x1_test_small/seed2745-epoch18-46.mat,-78.88018670171988,209.0,74.0,-79.29992613462025,0.186342190205376,14.574092626571655,208.0,75.0,-91.60064596799788,0.4197394329003714,1.3887234987134027
./csi-dataset/homeoffice-communication-28G-csi/t16x16_r2x1_test_small/seed2745-epoch18-60.mat,-99.75908964424669,35.0,72.0,-99.82795293626431,0.237516840265379,14.033887147903442,36.0,73.0,-109.91295797665201,0.06886329201762464,1.3818624961238861
./csi-dataset/homeoffice-communication-28G-csi/t16x16_r2x1_test_small/seed2745-epoch18-74.mat,-93.42968348673308,204.0,68.0,-93.60165352544567,0.10730142369739348,10.390973806381226,205.0,68.0,-106.90086102628317,0.17197003871258687,0.9271822030944684
./csi-dataset/homeoffice-communication-28G-csi/t16x16_r2x1_test_small/seed2745-epoch68-29.mat,-100.22871755405208,167.0,28.0,-101.40135766396693,0.03469510109603524,13.697115421295166,169.0,26.0,-114.18236569979243,1.1726401099148518,2.1962039877782353
./csi-dataset/homeoffice-communication-28G-csi/t16x16_r2x1_test_small/seed2745-epoch68-57.mat,-97.74381190574192,186.0,62.0,-98.16070440997265,0.008839818934124888,12.84393048286438,185.0,62.0,-109.600135371388,0.41689250423073076,0.8829451228024969
./csi-dataset/homeoffice-communication-28G-csi/t16x16_r2x1_test_small/seed2745-epoch69-63.mat,-84.48120591668197,80.0,13.0,-137.25743141209418,-0.2007503223516589,11.506308794021606,112.0,32.0,-102.34833783461272,52.776225495412206,21.966149308150687
./csi-dataset/homeoffice-communication-28G-csi/t16x16_r2x1_test_small/seed2745-epoch69-94.mat,-76.36981210792149,7.0,46.0,-76.59617508942493,-0.054598663634209954,14.373373985290527,8.0,46.0,-91.26148407869206,0.22636298150344203,0.7193353945245025
./csi-dataset/homeoffice-communication-28G-csi/t16x16_r2x1_test_small/seed2831-epoch27-14.mat,-95.33768128733044,182.0,76.0,-95.90386238301072,-0.022267273480885308,13.516997575759888,184.0,77.0,-108.35322133145954,0.5661810956802782,2.186750902156003
./csi-dataset/homeoffice-communication-28G-csi/t16x16_r2x1_test_small/seed2831-epoch27-16.mat,-92.17138928126502,313.0,52.0,-119.7600427502507,-0.17887436254847677,14.575620174407959,146.0,39.0,-107.64637504552618,27.588653468985683,90.2717109889473
./csi-dataset/homeoffice-communication-28G-csi/t16x16_r2x1_test_small/seed2831-epoch55-56.mat,-85.52307722096361,21.0,45.0,-85.62698174276764,0.027022265655025857,11.005329847335815,22.0,45.0,-97.84810106709992,0.10390452180402576,0.7071022936882725
./csi-dataset/homeoffice-communication-28G-csi/t16x16_r2x1_test_small/seed2831-epoch56-73.mat,-67.07219858877635,73.0,26.0,-125.44274364369772,-0.5962488137103319,14.641863822937012,233.0,24.0,-93.80532856189456,58.37054505492138,49.1909236970776
./csi-dataset/homeoffice-communication-28G-csi/t16x16_r2x1_test_small/seed2862-epoch21-9.mat,-71.12557107322617,65.0,70.0,-71.32426799469019,0.12960616553094906,12.658459186553955,64.0,71.0,-83.18874783258852,0.19869692146401974,1.3742413997796028
./csi-dataset/homeoffice-communication-28G-csi/t16x16_r2x1_test_small/seed2912-epoch25-80.mat,-80.9954609039196,14.0,69.0,-81.26510375720359,-0.12156807714278806,13.152827262878418,13.0,67.0,-94.35834869933191,0.2696428532839974,2.204435708664639
./csi-dataset/homeoffice-communication-28G-csi/t16x16_r2x1_test_small/seed2912-epoch26-4.mat,-116.87876626214344,209.0,65.0,-118.32048748374773,0.10411082180315434,9.768779993057251,226.0,72.0,-129.9845022039487,1.4417212216042827,17.276432273818475
./csi-dataset/homeoffice-communication-28G-csi/t16x16_r2x1_test_small/seed2925-epoch24-48.mat,-88.67972828188762,150.0,56.0,-111.68146799625758,-0.1193101967905672,12.247717380523682,228.0,89.0,-105.40958831738436,23.00173971436996,79.50791972783198
./csi-dataset/homeoffice-communication-28G-csi/t16x16_r2x1_test_small/seed2925-epoch26-37.mat,-91.05802693729105,191.0,58.0,-118.82692974899089,0.10145256001919456,11.995691299438477,356.0,65.0,-110.0822256253693,27.768902811699846,121.2283296694631
./csi-dataset/homeoffice-communication-28G-csi/t16x16_r2x1_test_small/seed2925-epoch47-48.mat,-90.80897609498668,186.0,61.0,-91.39719557922899,0.09807613311112717,14.33226490020752,185.0,60.0,-102.44990859108051,0.5882194842423161,1.325698562410945
./csi-dataset/homeoffice-communication-28G-csi/t16x16_r2x1_test_small/seed2925-epoch47-55.mat,-87.80205989606722,310.0,46.0,-87.95433352093006,-0.10458779227662562,14.334125518798828,310.0,45.0,-101.14322243746217,0.15227362486284335,1.0000000000006293
./csi-dataset/homeoffice-communication-28G-csi/t16x16_r2x1_test_small/seed3081-epoch1-21.mat,-92.31494226885732,350.0,72.0,-134.57910164717242,-0.24144145761918123,13.668800592422485,232.0,32.0,-108.45884892050249,42.2641593783151,88.54134928881011
./csi-dataset/homeoffice-communication-28G-csi/t16x16_r2x1_test_small/seed3081-epoch1-34.mat,-94.24473175566432,197.0,55.0,-94.98685511992409,0.08269481114127686,9.469873428344727,196.0,54.0,-106.20433492138147,0.7421233642597684,1.2894711697613097
./csi-dataset/homeoffice-communication-28G-csi/t16x16_r2x1_test_small/seed3081-epoch1-72.mat,-92.80052322485004,7.0,70.0,-92.8538720019712,-0.12341831461564601,13.257326126098633,7.0,69.0,-105.41037624501881,0.053348777121158264,1.0000000000002647
./csi-dataset/homeoffice-communication-28G-csi/t16x16_r2x1_test_small/seed3081-epoch1-96.mat,-95.94435653458028,353.0,82.0,-99.61875226603115,0.1157341901678024,10.63799524307251,341.0,62.0,-114.12265318092089,3.674395731450872,22.98811698148645
./csi-dataset/homeoffice-communication-28G-csi/t16x16_r2x1_test_small/seed3081-epoch35-31.mat,-85.0845097284312,68.0,10.0,-85.2017885707504,-0.18916520094251843,10.347410440444946,65.0,10.0,-96.41250638856425,0.11727884231919461,0.5208868205448721
./csi-dataset/homeoffice-communication-28G-csi/t16x16_r2x1_test_small/seed3081-epoch35-51.mat,-96.68310550435352,337.0,37.0,-97.1143251180867,0.3749279529174093,10.783700466156006,336.0,36.0,-108.91400262524587,0.43121961373317674,1.163507693028935
./csi-dataset/homeoffice-communication-28G-csi/t16x16_r2x1_test_small/seed3081-epoch35-64.mat,-76.00922849162846,149.0,38.0,-76.27774767393183,-0.003614505403813695,12.924351692199707,148.0,39.0,-89.74315611136404,0.2685191823033648,1.177905754717762
./csi-dataset/homeoffice-communication-28G-csi/t16x16_r2x1_test_small/seed3081-epoch59-14.mat,-88.68767434658481,8.0,57.0,-88.70083961531441,-0.14024735672660205,13.948665618896484,8.0,58.0,-104.02296334486451,0.013165268729594004,0.9999999999999002
./csi-dataset/homeoffice-communication-28G-csi/t16x16_r2x1_test_small/seed3081-epoch6-12.mat,-88.6302512382459,167.0,27.0,-89.00442131031835,0.0303828981270583,13.482980966567993,166.0,28.0,-100.13091757968252,0.37417007207244524,1.1014273435913966
./csi-dataset/homeoffice-communication-28G-csi/t16x16_r2x1_test_small/seed3081-epoch6-82.mat,-88.07748018874051,241.0,72.0,-88.70208961191743,-0.06876428226250364,13.25314211845398,241.0,69.0,-103.361791454205,0.6246094231769206,2.9999999999999227
./csi-dataset/homeoffice-communication-28G-csi/t16x16_r2x1_test_small/seed3082-epoch16-100.mat,-83.04692711871286,171.0,66.0,-122.04333137714953,0.1302067996858879,13.896666765213013,283.0,71.0,-102.02292103544899,38.99640425843667,101.0201970631975
./csi-dataset/homeoffice-communication-28G-csi/t16x16_r2x1_test_small/seed3082-epoch16-58.mat,-81.1155715538409,20.0,74.0,-125.1001693346491,-0.17880636658264737,13.996992111206055,250.0,32.0,-110.77832563680671,43.9845977808082,95.37515182552806
./csi-dataset/homeoffice-communication-28G-csi/t16x16_r2x1_test_small/seed3082-epoch16-99.mat,-81.49371978872601,349.0,26.0,-81.67794431159523,0.07649980460925021,12.24868369102478,349.0,26.0,-94.06531011752891,0.18422452286921498,0.0
./csi-dataset/homeoffice-communication-28G-csi/t16x16_r2x1_test_small/seed3082-epoch17-94.mat,-91.4051249265052,354.0,66.0,-129.28070125433874,-0.7390934900967252,12.612065076828003,207.0,33.0,-109.0035881564373,37.87557632783354,94.36814039592741
./csi-dataset/homeoffice-communication-28G-csi/t16x16_r2x1_test_small/seed3142-epoch14-23.mat,-80.75447368784424,17.0,60.0,-81.07103023566631,0.06840176795925224,13.173976421356201,18.0,61.0,-93.906725837159,0.3165565478220742,1.325698562411495
./csi-dataset/homeoffice-communication-28G-csi/t16x16_r2x1_test_small/seed3142-epoch14-57.mat,-85.4769733364747,5.0,50.0,-87.13844627729627,0.23786544082065264,10.890204429626465,5.0,47.0,-100.67959654815,1.661472940821568,2.9999999999999227
./csi-dataset/homeoffice-communication-28G-csi/t16x16_r2x1_test_small/seed3142-epoch14-71.mat,-87.75220600886293,212.0,33.0,-87.76291506244826,0.09726780850585048,12.705732345581055,213.0,33.0,-99.49759202359655,0.010709053585330253,0.5446341727586
./csi-dataset/homeoffice-communication-28G-csi/t16x16_r2x1_test_small/seed3142-epoch14-84.mat,-88.66409915614716,7.0,29.0,-88.82940333900015,0.1379613608191932,11.706549882888794,7.0,28.0,-104.79897590662468,0.1653041828529922,0.9999999999999002
./csi-dataset/homeoffice-communication-28G-csi/t16x16_r2x1_test_small/seed3142-epoch38-91.mat,-84.84216836852015,280.0,46.0,-120.3392452707738,0.046015283926639006,13.050393342971802,339.0,18.0,-103.22106126140142,35.49707690225365,39.18170435683835
./csi-dataset/homeoffice-communication-28G-csi/t16x16_r2x1_test_small/seed3142-epoch59-39.mat,-88.94248061993042,353.0,57.0,-137.1706398567803,-0.08543187439663402,13.095853328704834,130.0,49.0,-112.87080320910852,48.228159236849876,96.06156063423164
./csi-dataset/homeoffice-communication-28G-csi/t16x16_r2x1_test_small/seed3142-epoch59-52.mat,-95.07214503349068,173.0,66.0,-95.08769830575135,-0.14509450334691443,11.131865978240967,173.0,66.0,-107.57883779471244,0.015553272260660833,8.537736462515939e-07
./csi-dataset/homeoffice-communication-28G-csi/t16x16_r2x1_test_small/seed3142-epoch59-72.mat,-84.6367011078593,119.0,24.0,-84.87403338317964,0.05994443117501724,13.728049278259277,117.0,24.0,-95.85451688601353,0.23733227532034107,0.8134388186080176
./csi-dataset/homeoffice-communication-28G-csi/t16x16_r2x1_test_small/seed3142-epoch6-18.mat,-100.51113529072506,161.0,53.0,-101.96704534236217,-0.07696508387255907,10.499722242355347,158.0,56.0,-112.94034930623096,1.4559100516371046,3.8679650371381307
./csi-dataset/homeoffice-communication-28G-csi/t16x16_r2x1_test_small/seed315-epoch17-26.mat,-85.27733314997622,250.0,34.0,-123.31356375606566,-0.3652896264117802,12.93889570236206,30.0,45.0,-107.92948738619114,38.03623060608945,73.54171721638345
./csi-dataset/homeoffice-communication-28G-csi/t16x16_r2x1_test_small/seed315-epoch17-33.mat,-85.92791636184009,26.0,28.0,-85.99100589576727,-0.02179861709297115,14.075953722000122,26.0,28.0,-99.93325977869127,0.06308953392718308,0.0
./csi-dataset/homeoffice-communication-28G-csi/t16x16_r2x1_test_small/seed315-epoch19-58.mat,-90.2674360369833,180.0,67.0,-138.39964910420457,-0.5480971550140687,13.769448280334473,257.0,74.0,-107.6960907830621,48.13221306722127,72.13669253714926
./csi-dataset/homeoffice-communication-28G-csi/t16x16_r2x1_test_small/seed315-epoch19-93.mat,-86.60484164683353,174.0,55.0,-88.19830465724436,0.04122755496576569,14.178773641586304,172.0,57.0,-101.36583250256703,1.5934630104108294,2.5977809130892524
./csi-dataset/homeoffice-communication-28G-csi/t16x16_r2x1_test_small/seed315-epoch40-75.mat,-104.59327430621914,342.0,30.0,-105.8179864844263,-0.115885987411954,13.063304424285889,339.0,29.0,-119.2913430067732,1.224712178207156,1.7836413435123193
./csi-dataset/homeoffice-communication-28G-csi/t16x16_r2x1_test_small/seed315-epoch41-22.mat,-99.6539133489781,1.0,38.0,-111.61694284782733,-0.8334301934961001,12.496963262557983,2.0,58.0,-120.87631798932107,11.963029498849238,20.01331706390045
./csi-dataset/homeoffice-communication-28G-csi/t16x16_r2x1_test_small/seed315-epoch41-56.mat,-85.0433667465474,38.0,22.0,-133.93089747651553,-0.3154236507537822,14.960364580154419,255.0,39.0,-101.84919505550712,48.88753072996812,57.84031017697653
./csi-dataset/homeoffice-communication-28G-csi/t16x16_r2x1_test_small/seed3151-epoch13-26.mat,-107.21229981952068,174.0,38.0,-113.68575832115751,0.14236284125307241,9.406561374664307,208.0,25.0,-120.42430099770701,6.473458501636827,21.582732364595888
./csi-dataset/homeoffice-communication-28G-csi/t16x16_r2x1_test_small/seed3151-epoch2-97.mat,-78.42083259907449,246.0,23.0,-78.55221854261153,0.1481072138893128,13.976427793502808,249.0,23.0,-90.53416211280296,0.13138594353704036,1.1720799254100012
./csi-dataset/homeoffice-communication-28G-csi/t16x16_r2x1_test_small/seed3207-epoch0-8.mat,-91.18297018345233,209.0,68.0,-91.31685110051518,-0.3344212515236855,11.482852458953857,209.0,69.0,-102.36389841611711,0.13388091706285365,0.9999999999999002
./csi-dataset/homeoffice-communication-28G-csi/t16x16_r2x1_test_small/seed3207-epoch1-71.mat,-84.70165339187396,298.0,32.0,-85.01022044278825,-0.005046365370851014,13.607488632202148,301.0,32.0,-100.05996877090573,0.3085670509142915,1.5896271814270406
./csi-dataset/homeoffice-communication-28G-csi/t16x16_r2x1_test_small/seed3207-epoch1-95.mat,-87.52835316236364,328.0,52.0,-87.60264424203605,-0.5748844761419822,10.28493356704712,328.0,52.0,-100.07149265997836,0.07429107967240611,0.0
./csi-dataset/homeoffice-communication-28G-csi/t16x16_r2x1_test_small/seed3207-epoch35-45.mat,-90.88825805735084,221.0,35.0,-132.0396530804091,0.003222255548285813,10.480592966079712,104.0,64.0,-106.05412027588743,41.15139502305826,82.8164594740834
./csi-dataset/homeoffice-communication-28G-csi/t16x16_r2x1_test_small/seed3207-epoch35-5.mat,-105.53861851348196,173.0,72.0,-105.48281292630199,0.050254154486679026,9.82928991317749,174.0,73.0,-117.25587772805989,-0.05580558717997519,1.38186249612415
./csi-dataset/homeoffice-communication-28G-csi/t16x16_r2x1_test_small/seed3207-epoch35-77.mat,-91.25136752667504,70.0,5.0,-91.79254973001767,-0.7127165811016496,12.98620057106018,61.0,6.0,-104.96338986114127,0.541182203342629,1.3177502872570268
./csi-dataset/homeoffice-communication-28G-csi/t16x16_r2x1_test_small/seed3207-epoch37-6.mat,-81.26255323382411,205.0,53.0,-81.75852343521458,-0.5078588639598787,11.866111993789673,207.0,52.0,-94.12852341954869,0.4959702013904774,1.8754643543592724
./csi-dataset/homeoffice-communication-28G-csi/t16x16_r2x1_test_small/seed3207-epoch6-49.mat,-89.68635073008045,12.0,18.0,-89.72568382934477,-0.6584671758450518,13.35361385345459,11.0,18.0,-101.26372707006256,0.03933309926432571,0.3090134467464424
./csi-dataset/homeoffice-communication-28G-csi/t16x16_r2x1_test_small/seed3207-epoch6-53.mat,-85.98969369090301,347.0,49.0,-130.2844277088628,-0.08230607572218518,13.132809162139893,309.0,20.0,-106.46936104496362,44.2947340179598,34.925235731951865
./csi-dataset/homeoffice-communication-28G-csi/t16x16_r2x1_test_small/seed3207-epoch60-7.mat,-85.80153461501871,2.0,68.0,-86.09903140823393,-0.045448719051663256,14.292872905731201,3.0,71.0,-99.933949213397,0.2974967932152168,3.142780222261749
./csi-dataset/homeoffice-communication-28G-csi/t16x16_r2x1_test_small/seed3207-epoch60-79.mat,-98.32103354014258,65.0,11.0,-112.70995345984667,0.019439992940799233,9.791867017745972,347.0,74.0,-113.93735504959767,14.388919919704094,72.01862993276094
./csi-dataset/homeoffice-communication-28G-csi/t16x16_r2x1_test_small/seed3227-epoch24-14.mat,-88.06813102581702,109.0,72.0,-89.03268366169861,-0.2350931568798631,13.819949388504028,110.0,80.0,-103.53091629602018,0.9645526358815886,8.058514542522085
./csi-dataset/homeoffice-communication-28G-csi/t16x16_r2x1_test_small/seed3227-epoch24-23.mat,-94.67095988801437,184.0,77.0,-120.75782342934689,0.05173023199810611,13.282021760940552,12.0,49.0,-116.59068159429432,26.08686354133252,125.49477538898176
./csi-dataset/homeoffice-communication-28G-csi/t16x16_r2x1_test_small/seed3319-epoch23-25.mat,-76.05288731376467,171.0,28.0,-76.18140391843637,0.24332202243326584,12.542052030563354,173.0,28.0,-89.47022580747499,0.12851660467170234,0.9389059618556745
./csi-dataset/homeoffice-communication-28G-csi/t16x16_r2x1_test_small/seed3319-epoch50-41.mat,-90.17706562977956,160.0,29.0,-90.55801959077284,-0.17844195499327653,15.139564990997314,158.0,30.0,-102.76969841967207,0.38095396099328127,1.4034222026490457
./csi-dataset/homeoffice-communication-28G-csi/t16x16_r2x1_test_small/seed3319-epoch50-73.mat,-86.28324417626408,341.0,50.0,-126.01674964009942,0.06565400060828286,11.72007966041565,84.0,11.0,-105.12000297379517,39.73350546383534,53.26626582437317
./csi-dataset/homeoffice-communication-28G-csi/t16x16_r2x1_test_small/seed3319-epoch50-8.mat,-86.85845280305422,79.0,26.0,-86.89509634379733,-0.12641568014432547,12.16202449798584,79.0,26.0,-98.58446313119029,0.036643540743114045,0.0
./csi-dataset/homeoffice-communication-28G-csi/t16x16_r2x1_test_small/seed3319-epoch51-13.mat,-78.64243541249743,283.0,55.0,-78.69486036217927,-0.3677709630540116,14.290395736694336,284.0,55.0,-92.92996490514929,0.05242494968183564,0.8191486237146364
./csi-dataset/homeoffice-communication-28G-csi/t16x16_r2x1_test_small/seed3380-epoch2-95.mat,-95.83415443696508,128.0,60.0,-96.37430211073558,-0.00307410686226528,13.628918409347534,127.0,61.0,-110.0763816775285,0.5401476737705053,1.325698562410945
./csi-dataset/homeoffice-communication-28G-csi/t16x16_r2x1_test_small/seed3380-epoch20-40.mat,-81.44162794058789,357.0,64.0,-82.04586549798657,0.057163314009719524,14.766594409942627,357.0,62.0,-96.70186299591082,0.604237557398676,1.999999999999765
./csi-dataset/homeoffice-communication-28G-csi/t16x16_r2x1_test_small/seed3380-epoch20-87.mat,-82.58179455514238,126.0,56.0,-82.76684149237641,-0.09363478663433877,13.384814500808716,126.0,55.0,-96.23653457529798,0.1850469372340342,0.9999999999999002
./csi-dataset/homeoffice-communication-28G-csi/t16x16_r2x1_test_small/seed3425-epoch0-45.mat,-87.80495816484799,62.0,71.0,-88.430846816575,0.09720399672325775,10.622562885284424,61.0,74.0,-103.145093686719,0.6258886517270099,3.1479047203943815
./csi-dataset/homeoffice-communication-28G-csi/t16x16_r2x1_test_small/seed3425-epoch33-47.mat,-88.75383576095729,207.0,47.0,-89.05821109654147,-0.28801356260289235,14.198555707931519,207.0,46.0,-101.73743348358188,0.30437533558418295,1.0000000000006293
./csi-dataset/homeoffice-communication-28G-csi/t16x16_r2x1_test_small/seed3425-epoch33-91.mat,-91.7845354963965,191.0,44.0,-91.90349715234919,-0.384908883868732,12.964229822158813,192.0,44.0,-103.86731013663581,0.11896165595268826,0.6946538081101133
./csi-dataset/homeoffice-communication-28G-csi/t16x16_r2x1_test_small/seed3425-epoch35-27.mat,-87.14610359479416,227.0,43.0,-87.22215390081537,-0.29663474667082124,9.700244188308716,228.0,44.0,-99.84489809309585,0.07605030602121587,1.2139907717968488
./csi-dataset/homeoffice-communication-28G-csi/t16x16_r2x1_test_small/seed3425-epoch35-4.mat,-90.08409378778856,0.0,62.0,-113.62550772169223,-0.36791767879875814,11.582107543945312,3.0,24.0,-105.10983106224833,23.54141393390367,38.04577991019694
./csi-dataset/homeoffice-communication-28G-csi/t16x16_r2x1_test_small/seed3425-epoch35-7.mat,-94.88666407444695,334.0,62.0,-120.24624506649559,0.029808889297338714,11.092419385910034,196.0,89.0,-114.00667567818685,25.359580992048635,130.38079394538914
./csi-dataset/homeoffice-communication-28G-csi/t16x16_r2x1_test_small/seed3425-epoch55-3.mat,-107.7492552027116,116.0,17.0,-156.73530337363127,0.2733341835446095,9.394916772842407,222.0,63.0,-122.74106411985655,48.98604817091967,68.75551427199535
./csi-dataset/homeoffice-communication-28G-csi/t16x16_r2x1_test_small/seed3425-epoch55-52.mat,-87.03635992466367,0.0,19.0,-88.1329222970981,-0.09829864261827037,13.226083278656006,16.0,32.0,-98.39231571525812,1.096562372434434,14.605096434096701
./csi-dataset/homeoffice-communication-28G-csi/t16x16_r2x1_test_small/seed3425-epoch55-93.mat,-93.76733726655937,171.0,68.0,-94.65400235399122,-0.22024114042988674,12.242115020751953,170.0,68.0,-108.76758580486847,0.8866650874318509,0.9271822030948613
./csi-dataset/homeoffice-communication-28G-csi/t16x16_r2x1_test_small/seed3463-epoch24-40.mat,-92.9696403473063,205.0,54.0,-127.81129089615658,0.009334737019395578,15.253082990646362,13.0,9.0,-110.0932014484748,34.84165054885028,62.82201824252238
./csi-dataset/homeoffice-communication-28G-csi/t16x16_r2x1_test_small/seed3463-epoch24-58.mat,-89.33393348538823,324.0,28.0,-90.60550267247145,0.24415391609261017,11.36709475517273,358.0,65.0,-115.37283384739774,1.271569187083216,43.4567779779709
./csi-dataset/homeoffice-communication-28G-csi/t16x16_r2x1_test_small/seed3463-epoch24-86.mat,-84.1152885626078,327.0,48.0,-84.61936180584097,0.16246824077963085,13.28242826461792,326.0,47.0,-98.07478318774122,0.5040732432331652,1.242386017010032
./csi-dataset/homeoffice-communication-28G-csi/t16x16_r2x1_test_small/seed3463-epoch26-70.mat,-94.77447808325712,210.0,38.0,-119.40865717259777,-0.08587046229017758,13.315872430801392,135.0,34.0,-110.12378735387861,24.63417908934065,42.06415974321828
./csi-dataset/homeoffice-communication-28G-csi/t16x16_r2x1_test_small/seed3463-epoch55-52.mat,-83.7810874614219,122.0,20.0,-84.11059393067985,-0.11379688745887107,13.249721050262451,121.0,19.0,-98.60920172025729,0.32950646925795013,1.0542077633576807
./csi-dataset/homeoffice-communication-28G-csi/t16x16_r2x1_test_small/seed3463-epoch55-54.mat,-93.45464495306204,151.0,39.0,-126.36978594398539,-0.25050470639344025,11.973002433776855,198.0,11.0,-112.45965053446561,32.91514099092335,32.35355932285983
./csi-dataset/homeoffice-communication-28G-csi/t16x16_r2x1_test_small/seed3501-epoch19-75.mat,-77.59895836266385,155.0,22.0,-77.70711946558322,-0.42017210485216605,13.249568700790405,155.0,23.0,-92.86555600944595,0.10816110291936809,0.9999999999995357
./csi-dataset/homeoffice-communication-28G-csi/t16x16_r2x1_test_small/seed3501-epoch19-81.mat,-88.28479863415906,151.0,73.0,-138.53795872553266,-0.09246215943082059,11.945404767990112,122.0,59.0,-105.4384011892938,50.2531600913736,29.828303301577925
./csi-dataset/homeoffice-communication-28G-csi/t16x16_r2x1_test_small/seed3501-epoch19-97.mat,-89.93424873004714,110.0,30.0,-91.15250148837572,-0.15933177807797083,10.18285083770752,107.0,32.0,-106.2531030246137,1.2182527583285747,2.526800453600217
./csi-dataset/homeoffice-communication-28G-csi/t16x16_r2x1_test_small/seed3501-epoch20-21.mat,-93.48690810130316,150.0,59.0,-128.82662715061755,0.36178907130794824,9.7430100440979,300.0,15.0,-108.82013019952399,35.3397190493144,72.22018933899815
./csi-dataset/homeoffice-communication-28G-csi/t16x16_r2x1_test_small/seed3501-epoch20-40.mat,-90.46640848597784,8.0,67.0,-125.30080734617744,-0.25418091869555304,10.141417741775513,20.0,59.0,-114.81927100378017,34.8343988601996,13.338034985522103
./csi-dataset/homeoffice-communication-28G-csi/t16x16_r2x1_test_small/seed3501-epoch45-94.mat,-85.1941039049394,167.0,31.0,-86.41780214203472,0.058799195261581394,12.030627250671387,160.0,23.0,-97.8175129734044,1.22369823709532,8.595529393781433
./csi-dataset/homeoffice-communication-28G-csi/t16x16_r2x1_test_small/seed3502-epoch12-59.mat,-89.64360855815673,12.0,69.0,-130.1415799014855,-0.05645172076188443,11.524453401565552,113.0,44.0,-106.18211590230891,40.49797134332877,82.29660047719277
./csi-dataset/homeoffice-communication-28G-csi/t16x16_r2x1_test_small/seed3502-epoch12-62.mat,-84.46174914599663,172.0,62.0,-133.48106993865093,0.09641662039673193,9.645071268081665,283.0,72.0,-101.79441100869906,49.0193207926543,98.966602827241
./csi-dataset/homeoffice-communication-28G-csi/t16x16_r2x1_test_small/seed3502-epoch12-63.mat,-98.29457298907678,195.0,76.0,-100.60016749317197,-0.09548438358271616,12.63504409790039,184.0,68.0,-112.87746838372186,2.3055945040951826,13.15974406904388
./csi-dataset/homeoffice-communication-28G-csi/t16x16_r2x1_test_small/seed3666-epoch1-17.mat,-98.77179449878898,220.0,43.0,-99.15405281298675,-0.19809669068453117,10.65780782699585,219.0,42.0,-109.34312240637104,0.38225831419777023,1.2067985945048632
./csi-dataset/homeoffice-communication-28G-csi/t16x16_r2x1_test_small/seed3666-epoch1-35.mat,-93.562739516398,3.0,44.0,-94.68732689541602,-0.10259425370587594,13.198119401931763,1.0,44.0,-105.22875035672843,1.124587379018024,1.389280240734454
./csi-dataset/homeoffice-communication-28G-csi/t16x16_r2x1_test_small/seed3666-epoch1-46.mat,-95.32633958916944,206.0,62.0,-95.492327871246,0.16139373770039245,9.157073497772217,207.0,61.0,-107.31476290185185,0.1659882820765688,1.3312693600215528
./csi-dataset/homeoffice-communication-28G-csi/t16x16_r2x1_test_small/seed3666-epoch1-61.mat,-93.1694822303429,40.0,44.0,-144.2501091671208,-0.27966863045983037,11.791645050048828,162.0,12.0,-110.15285262177815,51.080626936777904,51.164575637676364
./csi-dataset/homeoffice-communication-28G-csi/t16x16_r2x1_test_small/seed3666-epoch1-7.mat,-88.59886142932584,87.0,50.0,-88.69665395119027,-0.10041394451886942,11.399197101593018,87.0,50.0,-102.47663700789786,0.09779252186443443,0.0
./csi-dataset/homeoffice-communication-28G-csi/t16x16_r2x1_test_small/seed3666-epoch10-93.mat,-95.51679294272718,351.0,69.0,-96.94607371844297,0.017352995919854175,13.67439079284668,350.0,67.0,-109.78869320960382,1.429280775715796,2.204435708664639
./csi-dataset/homeoffice-communication-28G-csi/t16x16_r2x1_test_small/seed3666-epoch9-44.mat,-82.15982606407917,36.0,20.0,-139.12854613148298,0.11361669402628205,13.105794906616211,149.0,39.0,-101.05601603464002,56.96872006740381,49.746000180581156
./csi-dataset/homeoffice-communication-28G-csi/t16x16_r2x1_test_small/seed3670-epoch1-14.mat,-90.85725979918249,347.0,33.0,-91.12525379777395,0.23959832520419344,10.873789072036743,349.0,33.0,-103.27038379187066,0.26799399859146433,1.0892391712397262
./csi-dataset/homeoffice-communication-28G-csi/t16x16_r2x1_test_small/seed3670-epoch1-80.mat,-94.11684300534034,344.0,73.0,-98.19587454223907,-0.11383734004772861,14.560128927230835,341.0,76.0,-109.55952389567416,4.079031536898725,4.165905217692749
./csi-dataset/homeoffice-communication-28G-csi/t16x16_r2x1_test_small/seed3670-epoch37-63.mat,-97.09661570838044,79.0,40.0,-98.3200836167996,-0.2827431130446214,10.891123056411743,117.0,24.0,-108.20408919905498,1.2234679084191526,25.063600117273626
./csi-dataset/homeoffice-communication-28G-csi/t16x16_r2x1_test_small/seed3670-epoch57-22.mat,-92.13895440869707,143.0,54.0,-92.13620424556423,-0.2318203165523307,12.576352596282959,143.0,55.0,-103.15420658901495,-0.0027501631328448184,0.9999999999999002
./csi-dataset/homeoffice-communication-28G-csi/t16x16_r2x1_test_small/seed3670-epoch57-98.mat,-86.4338309714352,180.0,55.0,-87.21892462003015,-0.07999704209815572,14.261805534362793,182.0,57.0,-100.50535282981068,0.7850936485949518,2.5977809130892524
./csi-dataset/homeoffice-communication-28G-csi/t16x16_r2x1_test_small/seed3761-epoch1-35.mat,-78.93164411795661,165.0,33.0,-79.65483023982563,-0.6033422709077858,12.826674938201904,163.0,33.0,-94.04374446292181,0.7231861218690199,1.0892391712400609
./csi-dataset/homeoffice-communication-28G-csi/t16x16_r2x1_test_small/seed3761-epoch10-86.mat,-85.55388614983866,351.0,57.0,-85.55483050716477,-0.1160952884312405,13.06217360496521,352.0,58.0,-100.17367235875687,0.0009443573261052052,1.3081528487651375
./csi-dataset/homeoffice-communication-28G-csi/t16x16_r2x1_test_small/seed3761-epoch9-59.mat,-76.65495779800449,196.0,38.0,-76.72841012486836,-0.05335776301038364,13.567716121673584,196.0,38.0,-90.25089098089859,0.07345232686387249,0.0
./csi-dataset/homeoffice-communication-28G-csi/t16x16_r2x1_test_small/seed3761-epoch9-71.mat,-81.72410799600422,86.0,43.0,-82.85241586525191,-0.7427029280255988,14.188069343566895,83.0,44.0,-97.4248003343081,1.128307869247692,2.2942333454521022
./csi-dataset/homeoffice-communication-28G-csi/t16x16_r2x1_test_small/seed3772-epoch54-27.mat,-85.88848922233915,17.0,71.0,-85.8961270310151,-0.038104158627707774,13.205012321472168,17.0,72.0,-98.79732017038471,0.007637808675951874,1.0000000000002647
./csi-dataset/homeoffice-communication-28G-csi/t16x16_r2x1_test_small/seed3772-epoch54-84.mat,-85.21408714545466,300.0,12.0,-85.69817018920112,-0.34387444638480646,12.7973051071167,295.0,12.0,-99.73508458299472,0.48408304374646605,1.0392428693870128
./csi-dataset/homeoffice-communication-28G-csi/t16x16_r2x1_test_small/seed3772-epoch55-18.mat,-84.15426752238602,264.0,45.0,-104.95420229906617,0.20410664829002134,14.324172019958496,256.0,17.0,-98.9879637244677,20.799934776680146,28.244564999544753
./csi-dataset/homeoffice-communication-28G-csi/t16x16_r2x1_test_small/seed383-epoch16-56.mat,-94.01455251067244,88.0,46.0,-94.14466396935251,0.14860798017928423,12.602329015731812,89.0,47.0,-106.47924026062427,0.13011145868006224,1.2353591410184304
./csi-dataset/homeoffice-communication-28G-csi/t16x16_r2x1_test_small/seed383-epoch19-8.mat,-85.67379793156536,25.0,56.0,-85.7812886203042,0.16983387400566297,10.904929637908936,25.0,55.0,-96.68263403157846,0.10749068873883516,0.9999999999999002
./csi-dataset/homeoffice-communication-28G-csi/t16x16_r2x1_test_small/seed383-epoch19-92.mat,-80.6929233874819,209.0,69.0,-81.0843437100014,-0.42348486587565626,14.082309007644653,208.0,68.0,-93.40954587204116,0.3914203225195081,1.3658849490661769
./csi-dataset/homeoffice-communication-28G-csi/t16x16_r2x1_test_small/seed383-epoch19-94.mat,-79.4261598404496,33.0,28.0,-79.74930425543035,-0.20311873627424593,12.936494827270508,35.0,27.0,-93.61533784229438,0.32314441498074586,1.361072255460298
./csi-dataset/homeoffice-communication-28G-csi/t16x16_r2x1_test_small/seed3835-epoch11-89.mat,-89.48465407208425,229.0,51.0,-91.59987995421696,0.06767038338518694,13.201909065246582,267.0,42.0,-102.3189121169103,2.1152258821327052,28.663566011015998
./csi-dataset/homeoffice-communication-28G-csi/t16x16_r2x1_test_small/seed3835-epoch11-9.mat,-117.03479835214438,34.0,52.0,-117.03926801168188,0.32822701511374064,9.716784954071045,34.0,53.0,-128.3052821353912,0.004469659537505777,0.9999999999999002
./csi-dataset/homeoffice-communication-28G-csi/t16x16_r2x1_test_small/seed3835-epoch12-13.mat,-85.2728907583668,189.0,71.0,-85.45272708281148,-0.49125896474560116,13.71532654762268,190.0,71.0,-98.61770814036787,0.179836324444679,0.9455173035354989
./csi-dataset/homeoffice-communication-28G-csi/t16x16_r2x1_test_small/seed3835-epoch12-92.mat,-83.70616901952516,3.0,58.0,-83.69296175102392,-0.14182853292402964,9.917515516281128,3.0,59.0,-95.1653083484562,-0.013207268501247427,1.0000000000006293
./csi-dataset/homeoffice-communication-28G-csi/t16x16_r2x1_test_small/seed3835-epoch40-27.mat,-92.29127585782813,5.0,41.0,-92.41282234795969,0.2015400811382163,12.665775537490845,4.0,41.0,-104.65093905599197,0.12154649013156416,0.6560542860149853
./csi-dataset/homeoffice-communication-28G-csi/t16x16_r2x1_test_small/seed3835-epoch40-99.mat,-73.03771883694823,240.0,66.0,-75.32929939019613,-0.06704834344539412,14.772280931472778,250.0,62.0,-86.26155899250408,2.291580553247897,9.83297029714599
./csi-dataset/homeoffice-communication-28G-csi/t16x16_r2x1_test_small/seed3835-epoch61-76.mat,-92.40948924358884,36.0,20.0,-125.1649159479579,-0.017848863163281603,13.281089782714844,125.0,33.0,-106.87806210470885,32.75542670436906,37.68875522903352
./csi-dataset/homeoffice-communication-28G-csi/t16x16_r2x1_test_small/seed3835-epoch62-34.mat,-85.00293384878886,265.0,44.0,-119.53843782513368,0.13666520890451572,12.179476737976074,302.0,25.0,-103.79031665824866,34.53550397634483,27.575335852578466
./csi-dataset/homeoffice-communication-28G-csi/t16x16_r2x1_test_small/seed3835-epoch62-56.mat,-95.51056557307056,346.0,43.0,-96.14943024161072,-0.17163336900624238,9.014631032943726,346.0,45.0,-108.09521622466347,0.6388646685401511,1.9999999999999472
./csi-dataset/homeoffice-communication-28G-csi/t16x16_r2x1_test_small/seed3835-epoch62-98.mat,-63.02907516986984,303.0,46.0,-108.18811421179967,0.005329037224683031,13.854388952255249,96.0,54.0,-92.29265689560252,45.15903904192983,96.32791353624178
./csi-dataset/homeoffice-communication-28G-csi/t16x16_r2x1_test_small/seed3903-epoch50-56.mat,-95.11389967738948,354.0,70.0,-95.80266166567847,0.009262833853402985,10.593670129776001,354.0,68.0,-109.02423079657697,0.6887619882889879,2.0000000000004943
./csi-dataset/homeoffice-communication-28G-csi/t16x16_r2x1_test_small/seed3924-epoch20-74.mat,-85.4271114691005,278.0,56.0,-85.5344231637709,0.37133854529078236,13.770983934402466,278.0,57.0,-98.97206785960023,0.10731169467040047,0.9999999999999002
./csi-dataset/homeoffice-communication-28G-csi/t16x16_r2x1_test_small/seed3924-epoch43-16.mat,-79.43243111559894,255.0,23.0,-79.47507107655471,0.16881150381858734,13.441271305084229,255.0,23.0,-92.38584543901324,0.04263996095576772,0.0
./csi-dataset/homeoffice-communication-28G-csi/t16x16_r2x1_test_small/seed3924-epoch65-47.mat,-83.74639703214145,210.0,42.0,-85.18495943756584,0.20720333949155523,14.004595279693604,209.0,40.0,-96.48707332033432,1.438562405424392,2.1048016531364024
./csi-dataset/homeoffice-communication-28G-csi/t16x16_r2x1_test_small/seed3924-epoch66-36.mat,-85.31540732444854,34.0,9.0,-85.34681532731216,-0.38898105516526593,13.854796648025513,36.0,10.0,-99.2821118705497,0.031408002863614115,1.0529259339342447
./csi-dataset/homeoffice-communication-28G-csi/t16x16_r2x1_test_small/seed3924-epoch66-40.mat,-86.7280003411458,45.0,11.0,-86.71643423086857,-0.07740408842796387,13.90127420425415,45.0,11.0,-99.23679324369513,-0.011566110277229313,0.0
./csi-dataset/homeoffice-communication-28G-csi/t16x16_r2x1_test_small/seed3924-epoch66-54.mat,-84.97215376860213,155.0,49.0,-90.2429529873625,0.02675378990548094,13.455952882766724,163.0,70.0,-105.0947267845309,5.270799218760374,22.07715137985901
./csi-dataset/homeoffice-communication-28G-csi/t16x16_r2x1_test_small/seed3924-epoch66-9.mat,-78.72139332288492,145.0,20.0,-80.82307999353719,0.06094373264000563,13.427378416061401,148.0,23.0,-95.15830792843767,2.1016866706522705,3.19422179145403
./csi-dataset/homeoffice-communication-28G-csi/t16x16_r2x1_test_small/seed4037-epoch24-22.mat,-90.86783252612,313.0,40.0,-95.7872593812501,-0.1403500223556704,11.357260704040527,330.0,50.0,-104.76763937740826,4.919426855130098,15.572389580932818
./csi-dataset/homeoffice-communication-28G-csi/t16x16_r2x1_test_small/seed4037-epoch24-56.mat,-90.06070772513388,311.0,41.0,-123.26829656697618,0.04719856524932464,12.147998809814453,10.0,44.0,-107.76262984233955,33.207588841842295,38.95732349304091
./csi-dataset/homeoffice-communication-28G-csi/t16x16_r2x1_test_small/seed4037-epoch5-55.mat,-87.21802589059676,144.0,62.0,-87.17821654821391,0.04265643362639526,13.491299629211426,145.0,62.0,-101.49625706362391,-0.03980934238285272,0.8829451228016715
./csi-dataset/homeoffice-communication-28G-csi/t16x16_r2x1_test_small/seed4037-epoch8-22.mat,-85.87101154428687,28.0,61.0,-85.91977441412632,0.21182674245012378,10.896952629089355,27.0,62.0,-98.71159791601544,0.04876286983945022,1.331269360021279
./csi-dataset/homeoffice-communication-28G-csi/t16x16_r2x1_test_small/seed4037-epoch8-81.mat,-96.79512090452896,9.0,63.0,-96.91988337243428,-0.08197933500317833,12.51840615272522,8.0,63.0,-110.84900903951552,0.12476246790532741,0.8910041932648245
./csi-dataset/homeoffice-communication-28G-csi/t16x16_r2x1_test_small/seed4037-epoch9-15.mat,-87.41009686755241,20.0,60.0,-87.75082906000645,0.39376026106499773,13.602612018585205,19.0,59.0,-101.32325891476054,0.3407321924540412,1.3199854135091336
./csi-dataset/homeoffice-communication-28G-csi/t16x16_r2x1_test_small/seed4052-epoch36-68.mat,-77.47753459620145,355.0,72.0,-132.51437066574258,-0.3732426683806429,13.057307004928589,93.0,39.0,-97.20355815217704,55.036836069541124,80.97568935045076
./csi-dataset/homeoffice-communication-28G-csi/t16x16_r2x1_test_small/seed4052-epoch61-60.mat,-92.47773482066977,185.0,74.0,-92.90605963094622,-0.02819954704390515,13.576000928878784,187.0,76.0,-106.45253278859633,0.4283248102764503,2.7805691541446844
./csi-dataset/homeoffice-communication-28G-csi/t16x16_r2x1_test_small/seed4171-epoch23-30.mat,-95.88599973503136,275.0,12.0,-96.29547178633472,-0.1664994893575762,13.18724250793457,273.0,11.0,-107.95185151192003,0.4094720513033536,1.0764191870716717
./csi-dataset/homeoffice-communication-28G-csi/t16x16_r2x1_test_small/seed4171-epoch23-78.mat,-79.76753281549031,281.0,16.0,-81.41507038091149,0.16938210500804962,13.859148502349854,346.0,54.0,-92.57955035487093,1.6475375654211746,48.756742363514874
./csi-dataset/homeoffice-communication-28G-csi/t16x16_r2x1_test_small/seed4171-epoch24-63.mat,-97.03832080585089,326.0,35.0,-97.05624622358289,0.3558809404438852,8.695651769638062,326.0,36.0,-108.94156902851506,0.017925417732001847,0.9999999999999002
./csi-dataset/homeoffice-communication-28G-csi/t16x16_r2x1_test_small/seed4171-epoch51-5.mat,-89.65532613033395,187.0,33.0,-90.01347862827996,-0.5873440698000088,14.008486270904541,186.0,32.0,-103.18344032847398,0.35815249794600845,1.1351758269281864
./csi-dataset/homeoffice-communication-28G-csi/t16x16_r2x1_test_small/seed4171-epoch51-64.mat,-86.07892810090418,57.0,45.0,-86.08414366196135,0.0678636538394568,14.454986333847046,57.0,46.0,-98.28583157772002,0.005215561057170248,0.9999999999999002
./csi-dataset/homeoffice-communication-28G-csi/t16x16_r2x1_test_small/seed4171-epoch51-67.mat,-100.8466090408536,156.0,31.0,-101.22242847719939,0.05299068261772022,8.012272357940674,154.0,32.0,-112.96158128989055,0.3758194363457932,1.4462673401907087
./csi-dataset/homeoffice-communication-28G-csi/t16x16_r2x1_test_small/seed4188-epoch16-80.mat,-75.18788094933262,51.0,9.0,-75.37421821212916,-0.25143551173020273,12.967746496200562,53.0,10.0,-90.05298385470176,0.18633726279654184,1.0529259339342447
./csi-dataset/homeoffice-communication-28G-csi/t16x16_r2x1_test_small/seed4188-epoch17-77.mat,-85.58004240265578,218.0,31.0,-86.16850318901015,-0.3032384729381594,13.357147455215454,216.0,32.0,-100.5069519376016,0.5884607863543749,1.4462673401907087
./csi-dataset/homeoffice-communication-28G-csi/t16x16_r2x1_test_small/seed4268-epoch14-16.mat,-78.41107822601774,26.0,28.0,-78.70530907633649,-0.005191586002700532,14.475709438323975,27.0,29.0,-92.89093462931335,0.29423085031875473,1.107976273692604
./csi-dataset/homeoffice-communication-28G-csi/t16x16_r2x1_test_small/seed4268-epoch14-35.mat,-89.07599774426772,54.0,13.0,-89.3158455417241,0.02071203997555271,10.621418952941895,58.0,14.0,-101.9251736131639,0.23984779745637752,1.3676400097586032
./csi-dataset/homeoffice-communication-28G-csi/t16x16_r2x1_test_small/seed4268-epoch15-30.mat,-101.94276612101812,165.0,62.0,-102.15060917327762,0.17642446074036378,8.313411474227905,166.0,64.0,-116.51259788873159,0.2078430522594914,2.189462278389685
./csi-dataset/homeoffice-communication-28G-csi/t16x16_r2x1_test_small/seed4268-epoch37-89.mat,-90.95748914455044,48.0,38.0,-91.00647787187162,0.08127185884410904,13.537102460861206,47.0,38.0,-104.94175490886846,0.04898872732118775,0.6156566229581099
./csi-dataset/homeoffice-communication-28G-csi/t16x16_r2x1_test_small/seed4268-epoch58-22.mat,-110.22429077257844,203.0,62.0,-136.1835658567515,0.15713070992436962,8.721016645431519,112.0,83.0,-125.74389456609015,25.959275084173058,87.59748608040321
./csi-dataset/homeoffice-communication-28G-csi/t16x16_r2x1_test_small/seed4268-epoch59-79.mat,-119.7901723878583,308.0,47.0,-120.14116514581899,0.38748662080291896,10.303918361663818,309.0,49.0,-132.17181055886067,0.3509927579606824,2.133557000710564
./csi-dataset/homeoffice-communication-28G-csi/t16x16_r2x1_test_small/seed4268-epoch83-20.mat,-86.02722609414614,151.0,15.0,-87.53889743891636,0.19270535123285315,12.437012434005737,56.0,8.0,-100.73469250103436,1.511671344770221,17.562930669415707
./csi-dataset/homeoffice-communication-28G-csi/t16x16_r2x1_test_small/seed4268-epoch83-4.mat,-88.7341960428908,196.0,43.0,-88.98664074283191,-0.16181159300195347,14.700364351272583,195.0,43.0,-101.8525248707976,0.2524446999411083,0.6819937299987878
./csi-dataset/homeoffice-communication-28G-csi/t16x16_r2x1_test_small/seed4274-epoch3-11.mat,-95.5009844653449,18.0,52.0,-95.59044026337776,0.3725972567565886,11.595544576644897,18.0,52.0,-108.09436152401331,0.08945579803285852,0.0
./csi-dataset/homeoffice-communication-28G-csi/t16x16_r2x1_test_small/seed4274-epoch3-8.mat,-92.57355158810536,43.0,21.0,-95.13419677975882,-0.21746438921045708,11.150856733322144,176.0,80.0,-104.43348761236031,2.560645191653464,94.50687590653084
./csi-dataset/homeoffice-communication-28G-csi/t16x16_r2x1_test_small/seed4274-epoch30-42.mat,-90.20848873714806,10.0,84.0,-91.01614009215724,-0.020740569319238844,11.11586308479309,8.0,79.0,-105.97223606855911,0.8076513550091846,5.3767974624710835
./csi-dataset/homeoffice-communication-28G-csi/t16x16_r2x1_test_small/seed4384-epoch24-4.mat,-84.50888964376587,295.0,66.0,-84.62757693070134,0.00886877335779157,15.14649772644043,295.0,66.0,-97.4117799745994,0.1186872869354687,0.0
./csi-dataset/homeoffice-communication-28G-csi/t16x16_r2x1_test_small/seed4384-epoch24-42.mat,-82.77743083621277,272.0,62.0,-83.68993324373093,-0.06998888261172231,14.058783531188965,271.0,64.0,-97.00481826428218,0.9125024075181614,2.1894622783895183
./csi-dataset/homeoffice-communication-28G-csi/t16x16_r2x1_test_small/seed4384-epoch24-63.mat,-78.30142007799313,313.0,42.0,-112.88791761352071,-0.07901386374744312,13.090020656585693,68.0,55.0,-96.32055940717827,34.586497535527585,78.77835237453714
./csi-dataset/homeoffice-communication-28G-csi/t16x16_r2x1_test_small/seed4384-epoch26-89.mat,-89.74530242106573,43.0,19.0,-130.00563023667826,0.04131829204249293,13.85527229309082,316.0,89.0,-107.49802924711092,40.26032781561253,88.07805946163779
./csi-dataset/homeoffice-communication-28G-csi/t16x16_r2x1_test_small/seed4384-epoch5-38.mat,-86.6302969079633,315.0,43.0,-87.66331502836698,0.1083843247832118,13.059510469436646,314.0,42.0,-97.45907721450058,1.033018120403682,1.2067985945048632
./csi-dataset/homeoffice-communication-28G-csi/t16x16_r2x1_test_small/seed4384-epoch50-40.mat,-108.43327560885444,55.0,43.0,-108.62829608054443,0.024460697419600663,10.970187664031982,56.0,42.0,-122.8810567339069,0.19502047168998615,1.2067985945048632
./csi-dataset/homeoffice-communication-28G-csi/t16x16_r2x1_test_small/seed4384-epoch50-78.mat,-82.57980519229953,156.0,31.0,-82.83907829396144,-0.160159019290671,15.238917827606201,155.0,32.0,-95.2178312397733,0.2592731016619041,1.1282452823842037
./csi-dataset/homeoffice-communication-28G-csi/t16x16_r2x1_test_small/seed4393-epoch11-2.mat,-91.86840175514962,219.0,24.0,-124.51060431272325,0.05773047984016555,11.456878423690796,296.0,38.0,-108.37576643388209,32.642202557573626,39.08476232475244
./csi-dataset/homeoffice-communication-28G-csi/t16x16_r2x1_test_small/seed4393-epoch11-32.mat,-90.29873927512033,97.0,46.0,-141.22893186609966,-0.00012887388752957918,13.36955451965332,17.0,41.0,-105.00664623591847,50.93019259097933,52.683676695231895
./csi-dataset/homeoffice-communication-28G-csi/t16x16_r2x1_test_small/seed4393-epoch11-5.mat,-85.2727385176918,9.0,72.0,-85.57121907077797,-0.13812687383848687,14.17139220237732,9.0,69.0,-96.78811929563098,0.29848055308616495,2.9999999999999227
./csi-dataset/homeoffice-communication-28G-csi/t16x16_r2x1_test_small/seed4393-epoch9-57.mat,-83.74416483870404,164.0,43.0,-84.28085356362631,-0.16287585417831463,14.05166506767273,163.0,42.0,-96.04809230369517,0.5366887249222714,1.2067985945048632
./csi-dataset/homeoffice-communication-28G-csi/t16x16_r2x1_test_small/seed440-epoch10-2.mat,-84.3890754459421,90.0,44.0,-84.42082140397733,-0.22716070560696822,10.639822721481323,90.0,44.0,-97.2999037202587,0.031745958035230615,0.0
./csi-dataset/homeoffice-communication-28G-csi/t16x16_r2x1_test_small/seed440-epoch33-32.mat,-87.7703700513066,277.0,47.0,-90.40441287804022,-0.06756973996468796,12.57131052017212,313.0,58.0,-102.02293786012255,2.6340428267336193,30.325024714953855
./csi-dataset/homeoffice-communication-28G-csi/t16x16_r2x1_test_small/seed4438-epoch14-6.mat,-91.14787882101108,297.0,57.0,-95.58127816184185,0.08059817282847104,14.183520555496216,332.0,65.0,-105.42270008826438,4.433399340830775,31.481735263733245
./csi-dataset/homeoffice-communication-28G-csi/t16x16_r2x1_test_small/seed4438-epoch15-3.mat,-75.73464884402499,274.0,11.0,-76.22397031999515,-0.14133100056466286,14.372626066207886,272.0,10.0,-89.61411941448293,0.48932147597015785,1.0642031077572507
./csi-dataset/homeoffice-communication-28G-csi/t16x16_r2x1_test_small/seed4438-epoch15-85.mat,-102.1985018752875,15.0,59.0,-143.0475804445528,-0.1842750271124931,8.626086235046387,61.0,55.0,-113.65146709821907,40.8490785692653,38.44841387404916
./csi-dataset/homeoffice-communication-28G-csi/t16x16_r2x1_test_small/seed4438-epoch4-16.mat,-92.22103395863388,351.0,19.0,-92.2701354781421,0.03363056936516362,9.866313219070435,351.0,19.0,-103.4643667406692,0.04910151950821273,0.0
./csi-dataset/homeoffice-communication-28G-csi/t16x16_r2x1_test_small/seed4438-epoch41-11.mat,-90.31213053322163,326.0,47.0,-90.30317118406131,0.37079814770795805,13.485459089279175,327.0,48.0,-102.46525707259393,-0.00895934916032104,1.242386017010032
./csi-dataset/homeoffice-communication-28G-csi/t16x16_r2x1_test_small/seed4438-epoch41-9.mat,-108.6128847873354,329.0,66.0,-140.99029733274,0.21947402432624663,11.796491146087646,23.0,16.0,-124.35662547755197,32.377412545404596,57.38516149821382
./csi-dataset/homeoffice-communication-28G-csi/t16x16_r2x1_test_small/seed4438-epoch69-34.mat,-81.50712973675475,356.0,33.0,-81.60252486754403,-0.23713659891006023,13.004607200622559,357.0,33.0,-96.55709524101242,0.09539513078928508,0.5446341727586
./csi-dataset/homeoffice-communication-28G-csi/t16x16_r2x1_test_small/seed4438-epoch69-52.mat,-108.81193051256912,170.0,66.0,-134.99044638108987,0.09847542974114365,10.323119640350342,147.0,64.0,-122.58433211185398,26.178515868520748,20.913849061207248
./csi-dataset/homeoffice-communication-28G-csi/t16x16_r2x1_test_small/seed4438-epoch70-19.mat,-95.13845695595391,12.0,69.0,-138.63950194597356,-0.09192945408371211,14.369298934936523,219.0,32.0,-112.34443669039293,43.50104499001965,97.86777891758213
./csi-dataset/homeoffice-communication-28G-csi/t16x16_r2x1_test_small/seed4461-epoch12-37.mat,-84.79389609970823,11.0,63.0,-84.81606376649833,0.11130583821216056,13.704289674758911,11.0,65.0,-100.01842705839846,0.02216766679009652,2.0000000000001297
./csi-dataset/homeoffice-communication-28G-csi/t16x16_r2x1_test_small/seed4461-epoch12-56.mat,-85.53418351733917,227.0,76.0,-88.3338486335174,0.04731355413863869,11.192255735397339,236.0,63.0,-98.44299055551895,2.7996651161782324,15.47947047421141
./csi-dataset/homeoffice-communication-28G-csi/t16x16_r2x1_test_small/seed4461-epoch34-28.mat,-91.23092410211636,23.0,25.0,-91.34589223269322,-0.5253291879914426,14.847547054290771,25.0,25.0,-104.00176114367143,0.11496813057685529,0.8452012752624251
./csi-dataset/homeoffice-communication-28G-csi/t16x16_r2x1_test_small/seed4461-epoch34-39.mat,-80.44523069525327,76.0,53.0,-80.64120511603781,0.15483742556491353,13.574200630187988,75.0,52.0,-93.09021373911939,0.19597442078453753,1.2764636308920168
./csi-dataset/homeoffice-communication-28G-csi/t16x16_r2x1_test_small/seed4461-epoch35-70.mat,-89.67084553994181,18.0,64.0,-122.22375739618931,-0.029656042728381404,13.468846082687378,59.0,33.0,-105.8225744086203,32.552911856247505,42.515618620170166
./csi-dataset/homeoffice-communication-28G-csi/t16x16_r2x1_test_small/seed4461-epoch35-91.mat,-85.32564874265077,248.0,41.0,-85.44801005978799,0.1310882281385487,10.915725469589233,250.0,42.0,-102.90715350935136,0.12236131713721932,1.6601041611766099
./csi-dataset/homeoffice-communication-28G-csi/t16x16_r2x1_test_small/seed4561-epoch17-39.mat,-101.02723532459252,312.0,12.0,-134.10497925219323,-0.2769911111962129,10.352871656417847,28.0,42.0,-116.85041446904306,33.07774392760071,40.486274670881805
./csi-dataset/homeoffice-communication-28G-csi/t16x16_r2x1_test_small/seed4561-epoch17-92.mat,-78.65858328198534,11.0,51.0,-78.8605982249858,-0.08657705849656439,12.751477003097534,12.0,50.0,-92.58855487786867,0.20201494300044942,1.2630726248457664
./csi-dataset/homeoffice-communication-28G-csi/t16x16_r2x1_test_small/seed4596-epoch12-20.mat,-98.74772179670872,180.0,77.0,-99.047231338859,0.2708296648842854,9.598963260650635,181.0,74.0,-110.31630475266418,0.2995095421502896,3.1523088733256817
./csi-dataset/homeoffice-communication-28G-csi/t16x16_r2x1_test_small/seed4596-epoch12-77.mat,-75.3893245779608,166.0,52.0,-75.39951626756127,-0.0031359176325429505,12.544530630111694,166.0,53.0,-89.86600327248348,0.010191689600461018,0.9999999999999002
./csi-dataset/homeoffice-communication-28G-csi/t16x16_r2x1_test_small/seed4596-epoch12-79.mat,-87.376581138872,178.0,62.0,-87.44003647796218,-0.3205088523073969,12.593586444854736,179.0,62.0,-98.12630618094362,0.06345533909018286,0.8829451228016715
./csi-dataset/homeoffice-communication-28G-csi/t16x16_r2x1_test_small/seed4596-epoch12-82.mat,-100.15263066059175,65.0,66.0,-135.81442001992056,-0.03155874515418011,11.501630067825317,231.0,89.0,-115.97722126473181,35.66178935932881,151.54308981108522
./csi-dataset/homeoffice-communication-28G-csi/t16x16_r2x1_test_small/seed4596-epoch37-46.mat,-88.66019679449794,165.0,21.0,-108.32463503784868,0.21947583764831102,13.730589151382446,4.0,85.0,-105.72554026197211,19.664438243350745,104.84394701426633
./csi-dataset/homeoffice-communication-28G-csi/t16x16_r2x1_test_small/seed4596-epoch37-80.mat,-87.06259223055918,126.0,52.0,-88.69496307878792,-0.3450765921360217,13.3641939163208,124.0,51.0,-99.79929671332903,1.6323708482287458,1.8573167367944052
./csi-dataset/homeoffice-communication-28G-csi/t16x16_r2x1_test_small/seed4596-epoch38-76.mat,-91.71014374218288,156.0,73.0,-96.45660299496987,-0.005059381353451853,13.022270679473877,51.0,46.0,-109.49685083933508,4.746459252786991,88.56431881695518
./csi-dataset/homeoffice-communication-28G-csi/t16x16_r2x1_test_small/seed4596-epoch63-45.mat,-91.57172831108716,6.0,89.0,-92.25321898487468,-0.7925280570380624,11.98100757598877,156.0,39.0,-102.78870964654112,0.6814906737875219,122.09748342758272
./csi-dataset/homeoffice-communication-28G-csi/t16x16_r2x1_test_small/seed4608-epoch19-40.mat,-83.72191604872287,17.0,26.0,-83.80610457795319,-0.02343659746659621,12.790947437286377,18.0,26.0,-97.91136883232295,0.0841885292303175,0.43836665202310754
./csi-dataset/homeoffice-communication-28G-csi/t16x16_r2x1_test_small/seed4608-epoch19-61.mat,-80.12540545952747,147.0,56.0,-80.29971710167666,-0.06428997151960947,13.850224256515503,146.0,57.0,-93.55017040732437,0.17431164214919193,1.3020442907410876
./csi-dataset/homeoffice-communication-28G-csi/t16x16_r2x1_test_small/seed4608-epoch19-65.mat,-83.3680516492407,246.0,49.0,-83.34937695004264,-0.29008856313506204,13.616976976394653,247.0,50.0,-97.55098865648682,-0.01867469919805842,1.2562500714928588
./csi-dataset/homeoffice-communication-28G-csi/t16x16_r2x1_test_small/seed4608-epoch2-67.mat,-79.69422000051581,272.0,33.0,-79.89351111173683,-0.48245398001554185,14.060309410095215,274.0,34.0,-95.0516746402402,0.19929111122101517,1.4893652867122804
./csi-dataset/homeoffice-communication-28G-csi/t16x16_r2x1_test_small/seed4608-epoch42-83.mat,-91.90878037725724,310.0,40.0,-94.01064579982703,-0.34148270250096635,15.377535581588745,309.0,37.0,-101.98626337278723,2.1018654225697873,3.0638227808126475
./csi-dataset/homeoffice-communication-28G-csi/t16x16_r2x1_test_small/seed4608-epoch44-20.mat,-98.9019445625302,269.0,8.0,-99.63486685630335,-0.312605589459392,11.390909194946289,262.0,7.0,-113.1418980600214,0.732922293773143,1.3528163907574993
./csi-dataset/homeoffice-communication-28G-csi/t16x16_r2x1_test_small/seed4608-epoch44-82.mat,-99.69194578152002,240.0,46.0,-143.59529929396606,0.11783493972262138,12.198599815368652,72.0,80.0,-118.11030700456676,43.903353512446046,124.91110078701863
./csi-dataset/homeoffice-communication-28G-csi/t16x16_r2x1_test_small/seed4608-epoch44-97.mat,-77.0491941163171,193.0,46.0,-77.60254096033069,-0.1704210577067351,14.193882942199707,192.0,45.0,-90.9950402398205,0.5533468440135891,1.2282790934639731
./csi-dataset/homeoffice-communication-28G-csi/t16x16_r2x1_test_small/seed4643-epoch19-35.mat,-97.51126622182936,119.0,62.0,-98.35921500699445,-0.02907918118604913,14.728423833847046,117.0,62.0,-110.65445959254292,0.8479487851650873,1.765875423904838
./csi-dataset/homeoffice-communication-28G-csi/t16x16_r2x1_test_small/seed4643-epoch19-45.mat,-86.65075204053241,104.0,46.0,-88.35988724691958,-0.10824900390859082,11.741101026535034,106.0,44.0,-101.04265019419532,1.7091352063871739,2.4493031837415775
./csi-dataset/homeoffice-communication-28G-csi/t16x16_r2x1_test_small/seed4643-epoch19-70.mat,-84.67270558015403,182.0,67.0,-84.79484046016816,-0.05412016624908955,14.307577133178711,183.0,66.0,-100.10515127556602,0.12213488001412998,1.356820668949606
./csi-dataset/homeoffice-communication-28G-csi/t16x16_r2x1_test_small/seed4643-epoch42-17.mat,-90.71101480169472,190.0,70.0,-129.75773893302977,0.2360145705056369,13.07118010520935,167.0,17.0,-118.10802023059914,39.046724131335054,54.551246396232436
./csi-dataset/homeoffice-communication-28G-csi/t16x16_r2x1_test_small/seed4643-epoch42-85.mat,-90.83567337587247,132.0,29.0,-91.06674900941813,0.13742788146806417,10.473584175109863,130.0,29.0,-101.42854386538262,0.2310756335456574,0.9695815830693915
./csi-dataset/homeoffice-communication-28G-csi/t16x16_r2x1_test_small/seed4643-epoch44-56.mat,-93.73182543020602,179.0,4.0,-112.0431943734834,-0.3984544761743023,11.742516994476318,26.0,51.0,-107.19416974340525,18.311368943277387,54.58566611962532
./csi-dataset/homeoffice-communication-28G-csi/t16x16_r2x1_test_small/seed4643-epoch69-63.mat,-90.49896116547644,178.0,67.0,-91.07223128388115,0.24180826506471997,13.02683162689209,177.0,66.0,-105.141695068614,0.5732701184047073,1.356820668949606
./csi-dataset/homeoffice-communication-28G-csi/t16x16_r2x1_test_small/seed4643-epoch7-2.mat,-75.55205469948069,168.0,32.0,-111.96842908885725,-0.7951722910164354,13.605414390563965,147.0,71.0,-91.62559308096773,36.41637438937656,41.93816511475002
./csi-dataset/homeoffice-communication-28G-csi/t16x16_r2x1_test_small/seed4643-epoch7-22.mat,-71.38620341101641,200.0,62.0,-115.34492024479533,-0.14392965185913242,15.51443362236023,128.0,85.0,-93.54760891653856,43.95871683377892,71.77648987324135
./csi-dataset/homeoffice-communication-28G-csi/t16x16_r2x1_test_small/seed4643-epoch7-56.mat,-95.21609841906258,66.0,70.0,-95.37473765441611,-0.04094877080461323,14.221580982208252,65.0,70.0,-107.9355731382806,0.15863923535353308,0.9396912255619194
./csi-dataset/homeoffice-communication-28G-csi/t16x16_r2x1_test_small/seed4643-epoch7-6.mat,-80.83582103396013,165.0,71.0,-98.0935286495336,0.14217543027417245,12.844116926193237,155.0,41.0,-98.21367633408468,17.257707615573466,31.0628954846441
./csi-dataset/homeoffice-communication-28G-csi/t16x16_r2x1_test_small/seed4643-epoch7-96.mat,-77.073980752895,348.0,67.0,-77.70464163655257,0.20017479000766192,13.764931440353394,347.0,66.0,-90.7202020971418,0.6306608836575691,1.3568206689498745
./csi-dataset/homeoffice-communication-28G-csi/t16x16_r2x1_test_small/seed4757-epoch11-10.mat,-85.70970746560775,236.0,56.0,-85.98336096302226,0.15297061359426833,13.64949345588684,236.0,55.0,-98.69012803204765,0.2736534974145144,0.9999999999999002
./csi-dataset/homeoffice-communication-28G-csi/t16x16_r2x1_test_small/seed4757-epoch11-31.mat,-86.12938875523278,322.0,59.0,-87.29651641137694,0.04315103403516307,12.801675081253052,324.0,56.0,-100.1672216174383,1.1671276561441601,3.441469364223497
./csi-dataset/homeoffice-communication-28G-csi/t16x16_r2x1_test_small/seed4757-epoch12-76.mat,-104.1477867751374,158.0,51.0,-131.60399165881674,-0.09127274145806785,12.228204488754272,68.0,17.0,-121.12486908852725,27.456204883679334,52.99949351111777
./csi-dataset/homeoffice-communication-28G-csi/t16x16_r2x1_test_small/seed4814-epoch17-71.mat,-83.8777530708669,220.0,21.0,-84.18550294172867,-0.22679721582272472,13.696826457977295,224.0,21.0,-97.14281243138888,0.30774987086176964,1.433218074956148
./csi-dataset/homeoffice-communication-28G-csi/t16x16_r2x1_test_small/seed4874-epoch0-54.mat,-83.04763886680261,126.0,62.0,-83.0612014050294,-0.07561962848850068,13.204735517501831,126.0,63.0,-96.66815711535135,0.013562538226778997,1.0000000000002647
./csi-dataset/homeoffice-communication-28G-csi/t16x16_r2x1_test_small/seed4874-epoch33-81.mat,-68.36392969565593,7.0,6.0,-111.31700573842173,0.013819926505008295,11.605896949768066,35.0,52.0,-86.11776374916556,42.9530760427658,46.76307035428556
./csi-dataset/homeoffice-communication-28G-csi/t16x16_r2x1_test_small/seed489-epoch0-41.mat,-123.3706293978794,148.0,53.0,-123.44121832834617,0.19561336108654181,9.889338493347168,148.0,54.0,-134.838574884882,0.07058893046676928,0.9999999999999002
./csi-dataset/homeoffice-communication-28G-csi/t16x16_r2x1_test_small/seed489-epoch0-90.mat,-98.47190799139128,106.0,12.0,-99.8576400352487,-0.29286353029691914,12.820915460586548,113.0,14.0,-112.07714974038326,1.3857320438574305,2.5420878989174565
./csi-dataset/homeoffice-communication-28G-csi/t16x16_r2x1_test_small/seed489-epoch10-3.mat,-99.30846428098693,180.0,71.0,-99.44617352671726,-0.1645583101276651,14.166326761245728,181.0,70.0,-110.45615165154489,0.13770924573033483,1.3742413997790721
./csi-dataset/homeoffice-communication-28G-csi/t16x16_r2x1_test_small/seed489-epoch4-38.mat,-93.8216594946134,176.0,89.0,-94.18429143066447,0.17750737196272381,11.412509441375732,3.0,78.0,-108.2625471899557,0.36263193605107347,165.2577146620214
./csi-dataset/homeoffice-communication-28G-csi/t16x16_r2x1_test_small/seed489-epoch4-58.mat,-84.52311877245252,29.0,38.0,-85.10233247247106,0.15284341895453601,11.711869955062866,28.0,37.0,-97.77785194748803,0.579213700018542,1.1706951848734204
./csi-dataset/homeoffice-communication-28G-csi/t16x16_r2x1_test_small/seed489-epoch4-92.mat,-88.74826631859428,269.0,23.0,-120.75264981686945,0.16897931753575046,11.146307468414307,70.0,13.0,-103.15478480398542,32.004383498275175,35.53056115092782
./csi-dataset/homeoffice-communication-28G-csi/t16x16_r2x1_test_small/seed489-epoch6-33.mat,-91.76382372917656,81.0,54.0,-118.6366635988346,-0.38906720932559424,13.001233339309692,67.0,32.0,-109.60080237839415,26.872839869658037,23.872369490824664
./csi-dataset/homeoffice-communication-28G-csi/t16x16_r2x1_test_small/seed4958-epoch7-5.mat,-99.42392448564308,211.0,37.0,-125.49435031684678,-0.061995764876786374,14.772221326828003,131.0,54.0,-117.25696210265636,26.070425831203693,56.360079138965034
./csi-dataset/homeoffice-communication-28G-csi/t16x16_r2x1_test_small/seed4958-epoch8-23.mat,-83.63819319202648,357.0,68.0,-84.55857098324755,-0.15074355154584507,11.795366764068604,357.0,65.0,-96.6072200509491,0.9203777912210711,3.0000000000000444
./csi-dataset/homeoffice-communication-28G-csi/t16x16_r2x1_test_small/seed5012-epoch39-93.mat,-96.98235542600251,172.0,31.0,-152.5935553635117,0.20394813518995658,12.363494634628296,300.0,64.0,-117.92664281871552,55.6111999375092,84.79269123779468
./csi-dataset/homeoffice-communication-28G-csi/t16x16_r2x1_test_small/seed5012-epoch4-24.mat,-87.54881233411659,351.0,61.0,-87.61592992746625,0.2375753052331736,10.27572512626648,351.0,62.0,-100.38627754768166,0.06711759334966416,1.0000000000006293
./csi-dataset/homeoffice-communication-28G-csi/t16x16_r2x1_test_small/seed5012-epoch4-49.mat,-84.98589075447809,183.0,44.0,-147.21959515588753,-0.06024733784679959,12.32067060470581,302.0,54.0,-104.24248774750032,62.23370440140944,81.35227058705404
./csi-dataset/homeoffice-communication-28G-csi/t16x16_r2x1_test_small/seed5012-epoch4-7.mat,-93.14303353489046,345.0,49.0,-96.56488077789038,0.30365733318846366,13.188223123550415,340.0,34.0,-110.0172884260545,3.4218472429999167,15.351492765646597
./csi-dataset/homeoffice-communication-28G-csi/t16x16_r2x1_test_small/seed5012-epoch63-26.mat,-105.17483503969126,315.0,85.0,-105.28499815749996,0.25125280894979996,9.04562520980835,316.0,80.0,-120.30536311012509,0.11016311780869614,5.097284192668174
./csi-dataset/homeoffice-communication-28G-csi/t16x16_r2x1_test_small/seed5012-epoch63-54.mat,-94.27508588695316,102.0,66.0,-94.3088875868451,-0.20418865181980594,13.556692123413086,102.0,67.0,-107.54568412878268,0.0338016998919386,0.9999999999999002
./csi-dataset/homeoffice-communication-28G-csi/t16x16_r2x1_test_small/seed5049-epoch5-91.mat,-87.0551119151458,167.0,54.0,-87.6249286468705,-0.10748891053789267,13.191885709762573,166.0,56.0,-102.1070262210859,0.5698167317246998,2.161211721648795
./csi-dataset/homeoffice-communication-28G-csi/t16x16_r2x1_test_small/seed513-epoch13-46.mat,-82.89644742036664,151.0,55.0,-83.03060290152132,-0.015071560113453009,12.12929654121399,151.0,55.0,-97.30798878202273,0.13415548115467857,0.0
./csi-dataset/homeoffice-communication-28G-csi/t16x16_r2x1_test_small/seed5176-epoch22-15.mat,-95.01741442083556,176.0,73.0,-95.6597238187998,0.27248896199166506,12.155502796173096,177.0,69.0,-108.43607025301593,0.6423093979642402,4.110171605744455
./csi-dataset/homeoffice-communication-28G-csi/t16x16_r2x1_test_small/seed5176-epoch45-22.mat,-70.77002635051434,147.0,43.0,-70.83516149805963,-0.043013053896109765,14.568165063858032,147.0,43.0,-86.25638267893977,0.06513514754529126,0.0
./csi-dataset/homeoffice-communication-28G-csi/t16x16_r2x1_test_small/seed5176-epoch45-97.mat,-88.11937616896842,350.0,62.0,-88.48189274969596,-0.8162121274889989,14.446993827819824,350.0,61.0,-102.46126230222612,0.36251658072754367,1.0000000000002647
./csi-dataset/homeoffice-communication-28G-csi/t16x16_r2x1_test_small/seed5176-epoch69-1.mat,-90.78067936560622,93.0,59.0,-132.618232864384,0.05138952363934235,14.61910080909729,309.0,73.0,-106.92240465008881,41.83755349877778,120.83579033357424
./csi-dataset/homeoffice-communication-28G-csi/t16x16_r2x1_test_small/seed5176-epoch69-16.mat,-88.81758618625167,252.0,40.0,-88.89687465464347,0.19347393840640503,14.198162317276001,252.0,40.0,-99.89370491454525,0.07928846839179471,8.537736462515939e-07
./csi-dataset/homeoffice-communication-28G-csi/t16x16_r2x1_test_small/seed5176-epoch69-19.mat,-88.96216982136737,94.0,66.0,-89.01079794427179,-0.5579602289608776,12.392918109893799,94.0,67.0,-104.26648825291034,0.04862812290441809,1.0000000000002647
./csi-dataset/homeoffice-communication-28G-csi/t16x16_r2x1_test_small/seed5176-epoch69-42.mat,-86.97549586313994,201.0,58.0,-87.15005523897244,-0.041319023017154954,14.184252738952637,201.0,57.0,-99.38387820163213,0.17455937583250147,0.9999999999995357
./csi-dataset/homeoffice-communication-28G-csi/t16x16_r2x1_test_small/seed5225-epoch1-15.mat,-89.51236630401384,284.0,33.0,-89.69800963001809,-0.27238788851558793,13.598109006881714,283.0,33.0,-101.73937015332208,0.1856433260042536,0.5446341727586
./csi-dataset/homeoffice-communication-28G-csi/t16x16_r2x1_test_small/seed5225-epoch4-15.mat,-85.8482930124035,296.0,25.0,-85.9206517827403,-0.005021493902249485,11.699538707733154,296.0,25.0,-99.29398075174825,0.07235877033679117,0.0
./csi-dataset/homeoffice-communication-28G-csi/t16x16_r2x1_test_small/seed5255-epoch35-37.mat,-86.81971221472048,85.0,33.0,-113.80142431621096,-0.30427669744433183,13.581921577453613,137.0,57.0,-101.03553008481504,26.981712101490473,42.43951670670093
./csi-dataset/homeoffice-communication-28G-csi/t16x16_r2x1_test_small/seed5255-epoch35-96.mat,-105.11940907553112,156.0,58.0,-106.51859032205621,0.19931553204477837,9.674113750457764,11.0,69.0,-117.38063275399553,1.3991812465250888,117.29898936189916
./csi-dataset/homeoffice-communication-28G-csi/t16x16_r2x1_test_small/seed5255-epoch35-98.mat,-87.93735435341404,5.0,39.0,-133.03742027531223,-0.4052179790451369,13.27116847038269,92.0,35.0,-105.16570187367671,45.10006592189819,49.04302853531783
./csi-dataset/homeoffice-communication-28G-csi/t16x16_r2x1_test_small/seed5255-epoch58-83.mat,-83.4570133883856,132.0,59.0,-83.45755675685368,0.31187229766579305,12.843581199645996,133.0,60.0,-96.62768741760706,0.0005433684680724582,1.3199854135091336
./csi-dataset/homeoffice-communication-28G-csi/t16x16_r2x1_test_small/seed5316-epoch2-14.mat,-88.53495175824466,154.0,21.0,-88.8450099518073,0.029770767697755884,14.219146966934204,151.0,21.0,-103.69991837678651,0.3100581935626394,1.0749968095942963
./csi-dataset/homeoffice-communication-28G-csi/t16x16_r2x1_test_small/seed5316-epoch2-21.mat,-73.49131547942443,270.0,32.0,-73.71339196382473,-0.1359961102163334,13.096009492874146,270.0,31.0,-86.15968174998494,0.22207648440030425,1.0000000000002647
./csi-dataset/homeoffice-communication-28G-csi/t16x16_r2x1_test_small/seed5316-epoch41-45.mat,-82.00254822192151,189.0,65.0,-108.51223512665786,-0.17835367344642017,11.681962728500366,11.0,64.0,-100.39630856993797,26.50968690473634,128.96342499761215
./csi-dataset/homeoffice-communication-28G-csi/t16x16_r2x1_test_small/seed5316-epoch41-49.mat,-80.73884352887659,273.0,55.0,-80.83579625700466,0.1380949071671549,15.131101608276367,273.0,56.0,-93.79116089745766,0.09695272812807332,0.9999999999999002
./csi-dataset/homeoffice-communication-28G-csi/t16x16_r2x1_test_small/seed5316-epoch41-50.mat,-99.03899841848512,181.0,53.0,-99.31229727533848,-0.06363525345035148,10.444846153259277,180.0,54.0,-112.50572040739985,0.27329885685335853,1.283018589070848
./csi-dataset/homeoffice-communication-28G-csi/t16x16_r2x1_test_small/seed5316-epoch41-84.mat,-89.26119663354841,171.0,70.0,-134.09642150795082,0.029811028485624447,13.236945867538452,230.0,26.0,-108.44023409837759,44.835224874402414,58.69675991874001
./csi-dataset/homeoffice-communication-28G-csi/t16x16_r2x1_test_small/seed5316-epoch69-22.mat,-83.7561121729996,334.0,72.0,-84.29112560317924,-0.1428569537981612,12.929534673690796,335.0,68.0,-96.87948855229997,0.5350134301796459,4.10883418135641
./csi-dataset/homeoffice-communication-28G-csi/t16x16_r2x1_test_small/seed5316-epoch69-96.mat,-87.99938129759718,196.0,32.0,-88.38952807415731,-0.10816938144553156,14.435219049453735,206.0,22.0,-103.07067278732211,0.39014677656012964,10.950422532087423
./csi-dataset/homeoffice-communication-28G-csi/t16x16_r2x1_test_small/seed5358-epoch3-11.mat,-94.36521027248534,241.0,34.0,-118.11919972647419,-0.22202719684025007,11.880338907241821,201.0,89.0,-114.29515651006064,23.75398945398885,63.719243182533916
./csi-dataset/homeoffice-communication-28G-csi/t16x16_r2x1_test_small/seed5358-epoch3-40.mat,-84.3328201530803,44.0,27.0,-84.33611213808072,0.2246181167995922,10.738156795501709,44.0,27.0,-95.53529757687208,0.0032919850004162754,0.0
./csi-dataset/homeoffice-communication-28G-csi/t16x16_r2x1_test_small/seed5358-epoch4-53.mat,-88.18488405171976,183.0,66.0,-88.36419951812232,0.016347367031915416,13.836029052734375,183.0,65.0,-101.89889716970407,0.17931546640255647,1.0000000000006293
./csi-dataset/homeoffice-communication-28G-csi/t16x16_r2x1_test_small/seed5358-epoch4-65.mat,-90.71319191898384,157.0,74.0,-90.68660246366632,0.22023829700699382,10.974225044250488,157.0,75.0,-102.37607128023312,-0.026589455317520105,0.9999999999995357
./csi-dataset/homeoffice-communication-28G-csi/t16x16_r2x1_test_small/seed5407-epoch27-20.mat,-88.27304006032784,22.0,34.0,-88.40597000015285,-0.05002079240407076,10.797056913375854,21.0,34.0,-100.01663196844719,0.13292993982500434,0.5591880253050119
./csi-dataset/homeoffice-communication-28G-csi/t16x16_r2x1_test_small/seed5407-epoch29-99.mat,-91.32012629309622,26.0,44.0,-147.5278004201039,-0.6099874254762323,12.810050010681152,277.0,52.0,-109.10677009594087,56.207674127007664,74.65358419818818
./csi-dataset/homeoffice-communication-28G-csi/t16x16_r2x1_test_small/seed5407-epoch62-32.mat,-87.40301674758697,39.0,67.0,-87.5755044347396,0.09382196618518923,12.849177837371826,39.0,66.0,-103.32862245371244,0.17248768715262486,1.0000000000002647
./csi-dataset/homeoffice-communication-28G-csi/t16x16_r2x1_test_small/seed5407-epoch62-66.mat,-101.77637396587764,132.0,16.0,-127.55077525036894,0.12458635951407282,10.573163270950317,29.0,36.0,-116.16072933437994,25.774401284491304,42.16357580982434
./csi-dataset/homeoffice-communication-28G-csi/t16x16_r2x1_test_small/seed5499-epoch20-19.mat,-107.94062281415152,201.0,32.0,-108.6719652298546,-0.13414123949635548,10.661983728408813,198.0,32.0,-119.4846995414037,0.7313424157030823,1.589627181426811
./csi-dataset/homeoffice-communication-28G-csi/t16x16_r2x1_test_small/seed5499-epoch20-3.mat,-111.16232097128382,341.0,73.0,-146.67582750782054,-0.10380482052678275,10.005794525146484,283.0,77.0,-126.81099282251498,35.513506536536724,55.97564200236978
./csi-dataset/homeoffice-communication-28G-csi/t16x16_r2x1_test_small/seed5499-epoch20-48.mat,-89.16837807454752,151.0,65.0,-114.80771603082027,-0.5184888925208979,13.547966003417969,90.0,22.0,-106.30410220970732,25.639337956272755,56.18990653570453
./csi-dataset/homeoffice-communication-28G-csi/t16x16_r2x1_test_small/seed5499-epoch20-89.mat,-76.71780733904143,217.0,48.0,-77.69961920854534,0.2515441504930961,12.939539432525635,215.0,48.0,-90.81713689416023,0.9818118695039146,1.4862558635376428
./csi-dataset/homeoffice-communication-28G-csi/t16x16_r2x1_test_small/seed5499-epoch20-94.mat,-102.08336140892118,225.0,41.0,-102.58840027022372,-0.15349701439824637,12.93349575996399,224.0,40.0,-112.25283148632572,0.5050388613025376,1.1923597758459477
./csi-dataset/homeoffice-communication-28G-csi/t16x16_r2x1_test_small/seed5499-epoch21-91.mat,-98.34448553135528,154.0,64.0,-123.6534423725511,-0.3486432668910564,11.857868671417236,191.0,75.0,-113.12606681517138,25.308956841195823,36.21468620410981
./csi-dataset/homeoffice-communication-28G-csi/t16x16_r2x1_test_small/seed5510-epoch16-81.mat,-92.07693017036668,47.0,71.0,-92.87400631738996,-0.5791766375674592,14.326563835144043,46.0,68.0,-107.4879739894176,0.7970761470232759,3.142780222261865
./csi-dataset/homeoffice-communication-28G-csi/t16x16_r2x1_test_small/seed5510-epoch17-92.mat,-82.8734497125653,191.0,52.0,-115.56744118124814,-0.4881712192904044,14.15217638015747,61.0,59.0,-99.17644578241962,32.69399146868284,96.72397558150496
./csi-dataset/homeoffice-communication-28G-csi/t16x16_r2x1_test_small/seed5559-epoch2-46.mat,-88.01802521873206,172.0,60.0,-89.85265212575378,-0.32448897421270817,12.882826805114746,171.0,56.0,-103.14410498317343,1.8346269070217147,4.088831864393794
./csi-dataset/homeoffice-communication-28G-csi/t16x16_r2x1_test_small/seed5559-epoch2-75.mat,-90.49457431305642,185.0,29.0,-91.76587105622238,-0.34450564421729757,13.37797474861145,181.0,28.0,-104.57427773637038,1.271296743165962,2.154231119260693
./csi-dataset/homeoffice-communication-28G-csi/t16x16_r2x1_test_small/seed5559-epoch20-26.mat,-89.61391210994272,208.0,53.0,-89.756487411445,0.09244252623076477,12.110549688339233,208.0,52.0,-101.80663437706811,0.14257530150227637,0.9999999999999002
./csi-dataset/homeoffice-communication-28G-csi/t16x16_r2x1_test_small/seed5559-epoch20-49.mat,-95.67205833185406,166.0,23.0,-97.74456641542005,-0.10795165209188662,12.32979702949524,161.0,22.0,-110.25072464259252,2.0725080835659924,2.1581160790409255
./csi-dataset/homeoffice-communication-28G-csi/t16x16_r2x1_test_small/seed5559-epoch20-90.mat,-92.07431771264248,257.0,57.0,-92.09000923437543,-0.07832078289973654,12.529387474060059,258.0,57.0,-104.39355602306091,0.015691521732946967,0.8386674103151271
./csi-dataset/homeoffice-communication-28G-csi/t16x16_r2x1_test_small/seed5559-epoch45-76.mat,-79.59149119494317,205.0,58.0,-114.94720350705086,-0.22540936632279007,14.769970178604126,48.0,41.0,-96.90264850963372,35.355712312107684,96.44248487309393
./csi-dataset/homeoffice-communication-28G-csi/t16x16_r2x1_test_small/seed5559-epoch45-8.mat,-98.78662550333468,58.0,65.0,-98.75675747283155,-0.32988689463561727,14.290539741516113,58.0,66.0,-111.39257673080094,-0.029868030503124032,1.0000000000002647
./csi-dataset/homeoffice-communication-28G-csi/t16x16_r2x1_test_small/seed5559-epoch68-48.mat,-78.08175482661034,293.0,47.0,-78.38533765594607,0.14771007327061247,12.916176557540894,292.0,48.0,-91.44269856457662,0.3035828293357383,1.242386017010032
./csi-dataset/homeoffice-communication-28G-csi/t16x16_r2x1_test_small/seed5559-epoch68-82.mat,-109.32134424730852,345.0,59.0,-145.4964610630612,0.02153172822296001,11.640005588531494,318.0,51.0,-125.5056863658075,36.17511681575267,23.413257357808323
./csi-dataset/homeoffice-communication-28G-csi/t16x16_r2x1_test_small/seed5559-epoch69-17.mat,-76.86049959182486,299.0,36.0,-76.82154799795651,0.19069827086246027,13.808067798614502,299.0,37.0,-91.0971015305963,-0.038951593868347345,0.9999999999999002
./csi-dataset/homeoffice-communication-28G-csi/t16x16_r2x1_test_small/seed5559-epoch69-52.mat,-89.0817255237458,289.0,50.0,-90.33245777912107,0.1244155268147682,14.00818943977356,287.0,49.0,-103.92138826750548,1.2507322553752687,1.8200501841060899
./csi-dataset/homeoffice-communication-28G-csi/t16x16_r2x1_test_small/seed5614-epoch20-94.mat,-85.89283650120373,328.0,52.0,-101.21311067657555,0.11231283152581362,11.203068733215332,302.0,25.0,-103.30849138185602,15.320274175371821,30.984997029766973
./csi-dataset/homeoffice-communication-28G-csi/t16x16_r2x1_test_small/seed5614-epoch40-34.mat,-93.03183535061962,256.0,45.0,-95.47372602921884,0.27397642399029876,12.55894684791565,217.0,54.0,-105.13526307972887,2.441890678599222,30.66071251106094
./csi-dataset/homeoffice-communication-28G-csi/t16x16_r2x1_test_small/seed5614-epoch41-19.mat,-82.54343258803333,16.0,61.0,-82.95353181248657,0.3580328641748872,13.868662357330322,17.0,61.0,-96.83671638783355,0.41009922445324776,0.8746170978937965
./csi-dataset/homeoffice-communication-28G-csi/t16x16_r2x1_test_small/seed5614-epoch41-48.mat,-97.43899213756688,351.0,40.0,-137.28397389242505,-0.04316375209421852,11.826163291931152,236.0,26.0,-112.18268990324637,39.84498175485817,55.28944249957688
./csi-dataset/homeoffice-communication-28G-csi/t16x16_r2x1_test_small/seed5614-epoch63-80.mat,-87.50977874597142,167.0,54.0,-87.5288292033283,0.2938477649534065,14.206373691558838,167.0,55.0,-99.03531356422731,0.019050457356883044,0.9999999999999002
./csi-dataset/homeoffice-communication-28G-csi/t16x16_r2x1_test_small/seed5614-epoch86-63.mat,-93.76539937212644,5.0,69.0,-94.82486471818669,0.09755516843341938,11.267868280410767,4.0,65.0,-107.18673988743271,1.0594653460602501,4.10448481800944
./csi-dataset/homeoffice-communication-28G-csi/t16x16_r2x1_test_small/seed5684-epoch3-41.mat,-87.67239573939767,258.0,23.0,-88.15063967993453,0.161523396271408,14.32201623916626,258.0,22.0,-100.51905652018,0.47824394053685637,0.9999999999995357
./csi-dataset/homeoffice-communication-28G-csi/t16x16_r2x1_test_small/seed5684-epoch5-68.mat,-80.08530940148057,32.0,52.0,-80.09797320762608,-0.0177208389673833,14.17560076713562,32.0,53.0,-93.78041481105599,0.012663806145511103,0.9999999999999002
./csi-dataset/homeoffice-communication-28G-csi/t16x16_r2x1_test_small/seed5720-epoch28-19.mat,-86.84928637115502,350.0,66.0,-87.62677752257686,0.15293758641312916,14.263234615325928,349.0,66.0,-101.51072889450847,0.7774911514218417,0.9135435393672272
./csi-dataset/homeoffice-communication-28G-csi/t16x16_r2x1_test_small/seed5720-epoch28-99.mat,-78.07556987767373,209.0,72.0,-78.8717039875215,0.2573568120373866,13.214529037475586,208.0,70.0,-91.07514591328277,0.7961341098477703,2.212211540744418
./csi-dataset/homeoffice-communication-28G-csi/t16x16_r2x1_test_small/seed5742-epoch24-13.mat,-88.61579398801297,43.0,46.0,-126.98839201507391,-0.8050586389438985,14.137732982635498,167.0,23.0,-107.86181509499576,38.372598027060945,61.1665678624043
./csi-dataset/homeoffice-communication-28G-csi/t16x16_r2x1_test_small/seed5742-epoch27-64.mat,-96.568789500824,191.0,45.0,-123.84021478642829,0.09900160646315426,14.054372310638428,354.0,37.0,-114.23856282605416,27.271425285604295,80.92266225724391
./csi-dataset/homeoffice-communication-28G-csi/t16x16_r2x1_test_small/seed5742-epoch27-68.mat,-86.04813050996984,32.0,26.0,-124.48086500990644,-0.027891173657682566,13.372296810150146,305.0,89.0,-105.9764772941553,38.4327344999366,87.78638852847517
./csi-dataset/homeoffice-communication-28G-csi/t16x16_r2x1_test_small/seed5742-epoch27-7.mat,-92.1488655990906,165.0,59.0,-92.2591164813136,0.20179463903512773,13.047304391860962,166.0,60.0,-107.05750341020257,0.11025088222299928,1.3199854135091336
./csi-dataset/homeoffice-communication-28G-csi/t16x16_r2x1_test_small/seed5742-epoch69-79.mat,-83.61974311824085,332.0,22.0,-83.75530432931964,-0.316789089432006,14.301571607589722,331.0,22.0,-95.23252357684378,0.13556121107879449,0.3746025059784123
./csi-dataset/homeoffice-communication-28G-csi/t16x16_r2x1_test_small/seed5742-epoch69-80.mat,-96.06395874845084,320.0,28.0,-130.9390203866109,-0.5098761360199511,13.492334127426147,56.0,57.0,-112.26434028991194,34.87506163816006,63.91324730854168
./csi-dataset/homeoffice-communication-28G-csi/t16x16_r2x1_test_small/seed5742-epoch7-18.mat,-86.96147071529396,247.0,74.0,-88.90440432855564,-0.20387386925524154,11.902841091156006,246.0,68.0,-101.71806138041076,1.9429336132616868,6.073952170510062
./csi-dataset/homeoffice-communication-28G-csi/t16x16_r2x1_test_small/seed5742-epoch7-8.mat,-85.78373400630352,218.0,33.0,-85.88008157455944,-0.29878902665130846,12.107978582382202,219.0,34.0,-99.42598798199789,0.09634756825592206,1.142177030716677
./csi-dataset/homeoffice-communication-28G-csi/t16x16_r2x1_test_small/seed5829-epoch18-98.mat,-88.50836840600196,31.0,50.0,-89.01365761035848,-0.10475084456659745,14.253062725067139,31.0,48.0,-103.48711308747656,0.5052892043565151,2.0000000000001297
./csi-dataset/homeoffice-communication-28G-csi/t16x16_r2x1_test_small/seed5867-epoch15-11.mat,-83.84059287329768,185.0,67.0,-131.45243848863817,-0.10256983685175558,12.352473735809326,49.0,20.0,-100.19320498777327,47.611845615340485,81.91184574649665
./csi-dataset/homeoffice-communication-28G-csi/t16x16_r2x1_test_small/seed5867-epoch16-66.mat,-86.67853355689802,256.0,59.0,-86.98003144775663,-0.4363335389716827,13.25908088684082,256.0,61.0,-102.30500222986959,0.301497890858613,2.0000000000001297
./csi-dataset/homeoffice-communication-28G-csi/t16x16_r2x1_test_small/seed5867-epoch16-82.mat,-81.75959230067667,292.0,18.0,-100.5198365871702,-0.5265085911077412,11.96570897102356,276.0,27.0,-101.61992350293411,18.76024428649353,10.810249841845499
./csi-dataset/homeoffice-communication-28G-csi/t16x16_r2x1_test_small/seed5867-epoch39-88.mat,-99.54397485640736,206.0,64.0,-103.2110225816721,0.27440598633555624,9.566030263900757,348.0,89.0,-114.61862556669571,3.6670477252647373,134.4672027768426
./csi-dataset/homeoffice-communication-28G-csi/t16x16_r2x1_test_small/seed5867-epoch40-19.mat,-88.50857259749884,295.0,25.0,-142.40139945156815,-0.12922972619018647,14.63564682006836,251.0,33.0,-107.28152614003028,53.89282685406931,22.230809596840793
./csi-dataset/homeoffice-communication-28G-csi/t16x16_r2x1_test_small/seed5867-epoch40-22.mat,-83.17284630014476,163.0,73.0,-83.62924833698085,-0.1905346556419687,10.95567274093628,162.0,71.0,-99.27083789014078,0.4564020368360957,2.214584694150878
./csi-dataset/homeoffice-communication-28G-csi/t16x16_r2x1_test_small/seed5867-epoch40-23.mat,-82.54095664651408,128.0,38.0,-82.78263654417646,0.0603806982071059,12.352283000946045,130.0,38.0,-98.93255057400177,0.24167989766237952,1.2312841306365645
./csi-dataset/homeoffice-communication-28G-csi/t16x16_r2x1_test_small/seed5867-epoch40-68.mat,-88.98920859424365,47.0,18.0,-89.06328958128833,0.09011942468102119,13.019984006881714,49.0,18.0,-102.32246999263279,0.07408098704468102,0.6180056077586904
./csi-dataset/homeoffice-communication-28G-csi/t16x16_r2x1_test_small/seed5867-epoch40-74.mat,-84.25144334721858,85.0,49.0,-143.75141407495076,-0.6908939889488634,13.213099956512451,198.0,59.0,-102.76620368697056,59.499970727732176,85.1166963917592
./csi-dataset/homeoffice-communication-28G-csi/t16x16_r2x1_test_small/seed5932-epoch27-27.mat,-93.54581532705538,13.0,58.0,-93.79387545961124,-0.031928467531533,11.747843742370605,13.0,57.0,-108.11328572783859,0.2480601325558638,0.9999999999999002
./csi-dataset/homeoffice-communication-28G-csi/t16x16_r2x1_test_small/seed5932-epoch27-33.mat,-92.51698029361944,150.0,56.0,-92.61020975755783,-0.3130690595788006,13.772616386413574,150.0,56.0,-105.83520718323804,0.09322946393838549,0.0
./csi-dataset/homeoffice-communication-28G-csi/t16x16_r2x1_test_small/seed5932-epoch27-55.mat,-91.74827714964864,141.0,64.0,-91.82310356176039,0.1527256257890638,13.964428424835205,141.0,65.0,-107.87749753527501,0.07482641211174723,0.9999999999999002
./csi-dataset/homeoffice-communication-28G-csi/t16x16_r2x1_test_small/seed5932-epoch51-26.mat,-87.88423599101961,36.0,65.0,-87.91877502596773,-0.1260945509122613,14.450247049331665,36.0,66.0,-102.07991861741321,0.034539034948124936,0.9999999999999002
./csi-dataset/homeoffice-communication-28G-csi/t16x16_r2x1_test_small/seed5932-epoch52-27.mat,-108.57179378258265,5.0,74.0,-108.61908081980252,0.27095052522032437,12.321170091629028,5.0,76.0,-118.22389178559109,0.04728703721987415,1.9999999999999472
./csi-dataset/homeoffice-communication-28G-csi/t16x16_r2x1_test_small/seed5932-epoch52-53.mat,-104.71255343780982,278.0,70.0,-106.6025346383892,0.01603385224811893,12.845552206039429,55.0,72.0,-117.2038999158206,1.8899812005793848,123.22452505755466
./csi-dataset/homeoffice-communication-28G-csi/t16x16_r2x1_test_small/seed5932-epoch52-68.mat,-92.08705656021525,109.0,37.0,-92.52221400587992,0.07406165191336156,13.959460973739624,109.0,35.0,-104.12686784345837,0.4351574456646716,2.0000000000001297
./csi-dataset/homeoffice-communication-28G-csi/t16x16_r2x1_test_small/seed5932-epoch52-8.mat,-97.8327226454897,32.0,14.0,-97.92558663454429,-0.02567836712288596,9.433740139007568,29.0,14.0,-110.41846286236634,0.09286398905459237,0.7256876348721341
./csi-dataset/homeoffice-communication-28G-csi/t16x16_r2x1_test_small/seed5932-epoch74-38.mat,-88.82733240641649,197.0,29.0,-106.37213426139282,-0.42407546784498984,12.880389928817749,47.0,20.0,-106.83014324481985,17.544801854976328,47.29108741383943
./csi-dataset/homeoffice-communication-28G-csi/t16x16_r2x1_test_small/seed5932-epoch8-84.mat,-86.1356801404778,185.0,70.0,-120.44497229985402,-0.1078593636016405,10.870531558990479,126.0,37.0,-104.2161563470053,34.30929215937621,55.63836746270088
./csi-dataset/homeoffice-communication-28G-csi/t16x16_r2x1_test_small/seed5955-epoch29-57.mat,-87.57842448153096,1.0,59.0,-89.425535979704,-0.2042445173365086,12.95792841911316,358.0,60.0,-103.02629212432211,1.8471114981730352,2.7714443550818197
./csi-dataset/homeoffice-communication-28G-csi/t16x16_r2x1_test_small/seed5955-epoch3-13.mat,-94.6417520568685,61.0,28.0,-100.3878569112762,-0.14659522561245275,13.05711054801941,52.0,18.0,-111.09308809991077,5.7461048544077045,10.573088123699893
./csi-dataset/homeoffice-communication-28G-csi/t16x16_r2x1_test_small/seed5955-epoch3-24.mat,-102.1925916193248,13.0,39.0,-102.20262887018016,0.06809169593264985,10.892032861709595,12.0,40.0,-115.33952072375577,0.01003725085536189,1.1851302768327094
./csi-dataset/homeoffice-communication-28G-csi/t16x16_r2x1_test_small/seed5955-epoch3-74.mat,-97.84558985285813,336.0,84.0,-97.84737008607325,0.1198990941728505,12.363860368728638,337.0,89.0,-110.3861075280376,0.0017802332151291012,5.098591329327763
./csi-dataset/homeoffice-communication-28G-csi/t16x16_r2x1_test_small/seed6021-epoch23-14.mat,-87.37587173309538,168.0,51.0,-123.28334687623115,-0.5309154932597018,12.666718482971191,2.0,62.0,-105.56450942902502,35.90747514313577,111.73712257685105
./csi-dataset/homeoffice-communication-28G-csi/t16x16_r2x1_test_small/seed6021-epoch44-13.mat,-102.1609455260155,152.0,68.0,-102.49008613197488,0.06640620254264207,10.864790678024292,151.0,69.0,-114.89549646290445,0.3291406059593811,1.3658849490661769
./csi-dataset/homeoffice-communication-28G-csi/t16x16_r2x1_test_small/seed6021-epoch45-68.mat,-99.96453344442584,179.0,66.0,-128.10081809397582,-0.2317147742811212,13.541860818862915,18.0,60.0,-116.1695892168168,28.136284649549978,123.00294067896245
./csi-dataset/homeoffice-communication-28G-csi/t16x16_r2x1_test_small/seed6021-epoch45-92.mat,-86.29976310773972,24.0,62.0,-133.13426921888458,-0.12777619622415193,15.412172555923462,287.0,45.0,-103.95528189186135,46.83450611114486,75.17433349047404
./csi-dataset/homeoffice-communication-28G-csi/t16x16_r2x1_test_small/seed6021-epoch67-12.mat,-88.5933364681364,195.0,59.0,-88.7531414604745,-0.1433287213840042,12.897255182266235,195.0,61.0,-101.95782987644692,0.15980499233809553,1.999999999999765
./csi-dataset/homeoffice-communication-28G-csi/t16x16_r2x1_test_small/seed6021-epoch69-4.mat,-96.39305951325466,339.0,49.0,-96.45712609960499,-0.33051240760671297,13.25603723526001,339.0,50.0,-111.2306139410245,0.0640665863503358,0.9999999999999002
./csi-dataset/homeoffice-communication-28G-csi/t16x16_r2x1_test_small/seed6021-epoch69-45.mat,-85.57241148973127,145.0,31.0,-85.96294843886295,-0.22669406477724818,15.048489332199097,143.0,31.0,-98.554604280434,0.39053694913168613,1.0300377248811952
./csi-dataset/homeoffice-communication-28G-csi/t16x16_r2x1_test_small/seed6060-epoch27-22.mat,-81.17942005224755,37.0,73.0,-82.4361834798325,0.15085573787416118,12.549646139144897,37.0,85.0,-96.44659823076498,1.2567634275849429,12.000000000000048
./csi-dataset/homeoffice-communication-28G-csi/t16x16_r2x1_test_small/seed6060-epoch27-60.mat,-109.78829732322656,223.0,20.0,-111.00752802501403,0.1727152345405094,10.128352880477905,196.0,29.0,-119.50043917383516,1.2192307017874668,14.160174623184902
./csi-dataset/homeoffice-communication-28G-csi/t16x16_r2x1_test_small/seed6060-epoch27-72.mat,-85.03186819979487,10.0,60.0,-85.09934878957483,-0.7853947566293369,11.945722818374634,11.0,60.0,-100.68558651386593,0.06748058977996152,0.8660226557403922
./csi-dataset/homeoffice-communication-28G-csi/t16x16_r2x1_test_small/seed6060-epoch29-2.mat,-98.01159986580078,183.0,74.0,-104.83464604737514,0.19572138237351422,10.9801185131073,178.0,68.0,-112.91710222936976,6.8230461815743695,7.636813837681809
./csi-dataset/homeoffice-communication-28G-csi/t16x16_r2x1_test_small/seed6060-epoch50-13.mat,-83.56001496775178,267.0,32.0,-107.89926189571963,-0.050120976142828955,14.261189699172974,323.0,55.0,-100.9102505840511,24.33924692796785,43.18420199105972
./csi-dataset/homeoffice-communication-28G-csi/t16x16_r2x1_test_small/seed6060-epoch50-82.mat,-81.83331938829035,247.0,45.0,-82.22845234685164,-0.22317232067540482,11.953271389007568,246.0,44.0,-94.80881184084915,0.39513295856129105,1.2211536508404743
./csi-dataset/homeoffice-communication-28G-csi/t16x16_r2x1_test_small/seed6136-epoch23-1.mat,-88.70984926112321,20.0,67.0,-91.28545504606848,0.15366172464247463,13.66035270690918,24.0,67.0,-106.5927807419707,2.5756057849452674,3.681905209913884
./csi-dataset/homeoffice-communication-28G-csi/t16x16_r2x1_test_small/seed6136-epoch23-73.mat,-93.79165218122536,351.0,67.0,-93.7805409219613,0.1563068993655662,10.88079023361206,352.0,68.0,-106.04036920613721,-0.011111259264055207,1.3614394577044877
./csi-dataset/homeoffice-communication-28G-csi/t16x16_r2x1_test_small/seed6136-epoch23-94.mat,-70.89004658398237,172.0,71.0,-71.33983116061187,-0.8786727379262451,14.106114387512207,172.0,76.0,-87.86213612168223,0.4497845766294972,4.999999999999992
./csi-dataset/homeoffice-communication-28G-csi/t16x16_r2x1_test_small/seed6136-epoch24-67.mat,-102.54470450930144,9.0,39.0,-103.16162531998829,0.029772126755495565,13.663788557052612,12.0,39.0,-114.58636153899053,0.6169208106868496,1.887830909747885
./csi-dataset/homeoffice-communication-28G-csi/t16x16_r2x1_test_small/seed6136-epoch24-84.mat,-107.03403349065036,27.0,22.0,-107.36227875421034,0.13939968888040988,8.87442946434021,24.0,23.0,-119.18124692364245,0.3282452635599782,1.5222168325608583
./csi-dataset/homeoffice-communication-28G-csi/t16x16_r2x1_test_small/seed6176-epoch21-18.mat,-94.60125917722068,110.0,39.0,-137.94444335154725,0.07356052380433253,12.288238048553467,291.0,36.0,-109.17227648018525,43.34318417432657,74.9966581538485
./csi-dataset/homeoffice-communication-28G-csi/t16x16_r2x1_test_small/seed6176-epoch43-54.mat,-77.56626243132693,344.0,62.0,-115.91137570174735,-0.5616925945183675,13.773483276367188,12.0,28.0,-95.98162301686627,38.34511327042041,38.69205034150165
./csi-dataset/homeoffice-communication-28G-csi/t16x16_r2x1_test_small/seed6176-epoch43-70.mat,-77.1611312127313,176.0,46.0,-77.18019757709885,-1.026107865947547,13.408781290054321,176.0,46.0,-89.97512198206675,0.019066364367546385,0.0
./csi-dataset/homeoffice-communication-28G-csi/t16x16_r2x1_test_small/seed6176-epoch45-5.mat,-84.86045774563657,20.0,60.0,-84.98892524285625,-0.2838394448103547,12.841028213500977,19.0,60.0,-97.29809141249993,0.1284674972196882,0.8660226557399713
./csi-dataset/homeoffice-communication-28G-csi/t16x16_r2x1_test_small/seed6176-epoch65-38.mat,-98.4834923886995,174.0,71.0,-98.63161799591161,0.23690497308926983,9.733671426773071,174.0,76.0,-111.79058925709418,0.14812560721210843,5.000000000000138
./csi-dataset/homeoffice-communication-28G-csi/t16x16_r2x1_test_small/seed6224-epoch6-34.mat,-78.91211438458751,14.0,69.0,-79.21262568700269,0.01310226043253826,14.539682626724243,15.0,67.0,-92.59400161585275,0.300511302415174,2.204435708664639
./csi-dataset/homeoffice-communication-28G-csi/t16x16_r2x1_test_small/seed6224-epoch6-88.mat,-78.48623736338104,148.0,21.0,-78.45531582520749,0.1409166525032871,14.586486577987671,149.0,21.0,-89.28808154224907,-0.03092153817354415,0.35836398515469853
./csi-dataset/homeoffice-communication-28G-csi/t16x16_r2x1_test_small/seed6224-epoch6-9.mat,-82.8673960849491,116.0,57.0,-82.9201199016843,0.15437877665837652,14.430809497833252,116.0,58.0,-97.10585081101443,0.05272381673519533,1.0000000000002647
./csi-dataset/homeoffice-communication-28G-csi/t16x16_r2x1_test_small/seed6267-epoch28-17.mat,-88.91907249452807,344.0,60.0,-89.31563245899727,-0.2741002498155085,14.158159494400024,344.0,59.0,-104.73011605092236,0.39655996446920483,1.0000000000002647
./csi-dataset/homeoffice-communication-28G-csi/t16x16_r2x1_test_small/seed6267-epoch29-83.mat,-84.59115112779679,172.0,74.0,-85.88437616479814,0.08254266382768549,13.16159963607788,170.0,74.0,-101.04195834768956,1.2932250370013492,1.922515975365411
./csi-dataset/homeoffice-communication-28G-csi/t16x16_r2x1_test_small/seed6267-epoch50-86.mat,-90.4935705538353,178.0,66.0,-90.53335482624666,-0.4319271765794721,12.43067741394043,178.0,65.0,-104.01431127342255,0.03978427241136728,0.9999999999999002
./csi-dataset/homeoffice-communication-28G-csi/t16x16_r2x1_test_small/seed6267-epoch52-49.mat,-89.93102130945493,123.0,66.0,-96.12839493553479,-0.17793828926481625,13.207695960998535,75.0,58.0,-106.6837402384595,6.197373626079852,42.78282824724458
./csi-dataset/homeoffice-communication-28G-csi/t16x16_r2x1_test_small/seed6267-epoch52-61.mat,-88.90419291414943,198.0,26.0,-91.65071985213218,-0.31043242867372745,12.698807954788208,229.0,11.0,-102.72713238962245,2.7465269379827504,17.45008412813577
./csi-dataset/homeoffice-communication-28G-csi/t16x16_r2x1_test_small/seed6303-epoch9-5.mat,-72.56153457876803,44.0,67.0,-72.59688422142324,0.07961318154125263,14.69970417022705,44.0,67.0,-85.542887388821,0.03534964265520557,0.0
./csi-dataset/homeoffice-communication-28G-csi/t16x16_r2x1_test_small/seed6303-epoch9-6.mat,-105.7991420058464,178.0,84.0,-130.71980536209014,0.21015004778615487,9.015019178390503,27.0,59.0,-118.46194599353927,24.920663356243736,133.76898432042373
./csi-dataset/homeoffice-communication-28G-csi/t16x16_r2x1_test_small/seed6303-epoch9-72.mat,-90.91176662866336,7.0,57.0,-92.58830396932495,-0.13342208651467846,15.705841541290283,5.0,61.0,-107.32747929981701,1.6765373406615964,4.351594736822471
./csi-dataset/homeoffice-communication-28G-csi/t16x16_r2x1_test_small/seed6303-epoch9-79.mat,-80.9312791608759,85.0,30.0,-80.99665200908214,0.22659965707351726,13.797661066055298,86.0,31.0,-92.85168320704032,0.06537284820623768,1.1213952283986786
./csi-dataset/homeoffice-communication-28G-csi/t16x16_r2x1_test_small/seed6317-epoch1-69.mat,-77.29081434916957,145.0,13.0,-77.63003102128893,-0.4928520726800838,13.293285608291626,143.0,12.0,-92.54181199109958,0.33921667211936324,1.089527974305836
./csi-dataset/homeoffice-communication-28G-csi/t16x16_r2x1_test_small/seed6317-epoch1-71.mat,-90.57423320359176,30.0,65.0,-90.7823829526326,-0.34812913016793523,14.844667673110962,31.0,65.0,-103.6777225486806,0.20814974904084238,0.9063057324413023
./csi-dataset/homeoffice-communication-28G-csi/t16x16_r2x1_test_small/seed6317-epoch29-22.mat,-82.91843316789682,3.0,61.0,-83.04778916230208,-0.15393965587057057,13.450456857681274,4.0,61.0,-97.73671953908817,0.1293559944052589,0.8746170978937965
./csi-dataset/homeoffice-communication-28G-csi/t16x16_r2x1_test_small/seed6317-epoch3-53.mat,-97.17682477505768,329.0,55.0,-115.338459124568,0.03581411685824942,10.564656019210815,327.0,32.0,-116.02104044738844,18.161634349510322,23.038744826197192
./csi-dataset/homeoffice-communication-28G-csi/t16x16_r2x1_test_small/seed6317-epoch54-42.mat,-89.25727986337257,285.0,58.0,-89.29820981934972,0.24006957544916774,13.612048387527466,286.0,58.0,-102.65745473530502,0.040929955977148325,0.8480450734750878
./csi-dataset/homeoffice-communication-28G-csi/t16x16_r2x1_test_small/seed632-epoch10-16.mat,-86.5386502994946,230.0,48.0,-86.75555348069037,0.07140525504944606,10.671562910079956,230.0,47.0,-99.59415648095856,0.2169031811957609,0.9999999999999002
./csi-dataset/homeoffice-communication-28G-csi/t16x16_r2x1_test_small/seed632-epoch10-78.mat,-65.09251328687436,78.0,44.0,-65.32646901693934,0.010826325356915634,13.69548773765564,77.0,44.0,-80.20326565152584,0.23395573006497727,0.6946538081101133
./csi-dataset/homeoffice-communication-28G-csi/t16x16_r2x1_test_small/seed632-epoch9-28.mat,-102.07427634151868,221.0,42.0,-137.07357241258248,0.193068580296197,10.99738621711731,349.0,16.0,-119.999228132822,34.999296071063796,53.07237946158537
./csi-dataset/homeoffice-communication-28G-csi/t16x16_r2x1_test_small/seed6453-epoch0-29.mat,-89.87620602271866,255.0,45.0,-89.88140464522537,-0.08092815310566492,14.77520227432251,256.0,45.0,-104.25419793520487,0.005198622506711104,0.7071022936882725
./csi-dataset/homeoffice-communication-28G-csi/t16x16_r2x1_test_small/seed6453-epoch7-35.mat,-84.81486436934205,175.0,16.0,-85.17305943468554,-0.0031155586029569804,10.07421326637268,174.0,15.0,-97.68069866086111,0.35819506534349443,1.0350565865888441
./csi-dataset/homeoffice-communication-28G-csi/t16x16_r2x1_test_small/seed6477-epoch30-20.mat,-70.87516788021078,55.0,66.0,-71.55257019744413,0.12756161147413447,13.331779479980469,53.0,67.0,-85.48195992592163,0.6774023172333443,2.0889730898176992
./csi-dataset/homeoffice-communication-28G-csi/t16x16_r2x1_test_small/seed6477-epoch30-83.mat,-109.43726217880588,352.0,71.0,-156.6907492488706,-0.09106407654154425,12.827044486999512,129.0,54.0,-123.68814054536085,47.25348707006471,111.59712986913942
./csi-dataset/homeoffice-communication-28G-csi/t16x16_r2x1_test_small/seed6477-epoch31-91.mat,-84.53504527313997,10.0,67.0,-84.95250149508419,0.1725182294114922,12.711509227752686,9.0,69.0,-99.57970918805503,0.41745622194422083,2.204435708664639
./csi-dataset/homeoffice-communication-28G-csi/t16x16_r2x1_test_small/seed6477-epoch74-10.mat,-89.9242392334337,105.0,15.0,-89.97911627108111,0.07976719818119737,14.06218695640564,105.0,16.0,-102.33986888974349,0.05487703764741525,0.9999999999999002
./csi-dataset/homeoffice-communication-28G-csi/t16x16_r2x1_test_small/seed6477-epoch74-84.mat,-83.09404066153563,4.0,70.0,-83.18956050939107,0.16069401100222247,10.80599069595337,4.0,69.0,-96.09286325647705,0.09551984785544221,1.0000000000006293
./csi-dataset/homeoffice-communication-28G-csi/t16x16_r2x1_test_small/seed6531-epoch28-28.mat,-92.05746889707994,324.0,63.0,-138.52425936519685,-0.034948230537822145,14.012228965759277,142.0,54.0,-109.52054226975739,46.46679046811691,116.97176639012268
./csi-dataset/homeoffice-communication-28G-csi/t16x16_r2x1_test_small/seed6531-epoch3-82.mat,-80.26344316749163,235.0,34.0,-80.55291660787441,0.2823375873380328,10.196877479553223,237.0,33.0,-93.22169451448927,0.28947344038277834,1.4893652867122804
./csi-dataset/homeoffice-communication-28G-csi/t16x16_r2x1_test_small/seed6531-epoch3-85.mat,-92.10112483042582,95.0,56.0,-100.01190098610307,0.17681242002925768,13.121919631958008,179.0,75.0,-107.79672859370437,7.9107761556772545,76.79504907173931
./csi-dataset/homeoffice-communication-28G-csi/t16x16_r2x1_test_small/seed6531-epoch53-12.mat,-81.72688472515406,239.0,6.0,-120.284291736841,-0.04185809369493243,13.083922386169434,134.0,32.0,-98.84107251568936,38.557407011686934,33.99708850810938
./csi-dataset/homeoffice-communication-28G-csi/t16x16_r2x1_test_small/seed6531-epoch53-31.mat,-95.23638702743742,348.0,31.0,-95.33080304812997,0.3662303292855512,9.634984493255615,348.0,31.0,-106.33940260087805,0.09441602069254884,0.0
./csi-dataset/homeoffice-communication-28G-csi/t16x16_r2x1_test_small/seed6531-epoch54-31.mat,-84.86812219925253,2.0,13.0,-87.1729139831055,0.03228175643923281,13.539546251296997,10.0,15.0,-99.88133120768923,2.304791783852977,2.778712092050545
./csi-dataset/homeoffice-communication-28G-csi/t16x16_r2x1_test_small/seed6533-epoch1-33.mat,-79.97698558054039,167.0,62.0,-80.05245958848816,0.011557683609673686,13.465477466583252,168.0,62.0,-92.5781965775202,0.07547400794777559,0.8829451228024969
./csi-dataset/homeoffice-communication-28G-csi/t16x16_r2x1_test_small/seed6533-epoch1-8.mat,-79.99140122297878,134.0,24.0,-80.21258993388156,-0.25862582600301964,13.04723072052002,133.0,24.0,-93.3083571005545,0.22118871090277992,0.4067323346576899
./csi-dataset/homeoffice-communication-28G-csi/t16x16_r2x1_test_small/seed6533-epoch1-88.mat,-85.96428339318011,198.0,66.0,-85.97749563089961,0.12814384962653458,14.203110933303833,199.0,66.0,-97.67168769371168,0.013212237719500308,0.9135435393672272
./csi-dataset/homeoffice-communication-28G-csi/t16x16_r2x1_test_small/seed6533-epoch10-100.mat,-84.80371799823871,12.0,69.0,-84.82812476321057,-0.17192569868578889,14.028615474700928,12.0,69.0,-100.7435109321604,0.024406764971857342,0.0
./csi-dataset/homeoffice-communication-28G-csi/t16x16_r2x1_test_small/seed6533-epoch10-23.mat,-93.69872457419422,227.0,70.0,-127.64976956268035,0.16132840490550904,12.400274753570557,138.0,44.0,-110.06601612921654,33.95104498848613,75.08291009080233
./csi-dataset/homeoffice-communication-28G-csi/t16x16_r2x1_test_small/seed6533-epoch5-67.mat,-86.82167581346663,349.0,55.0,-87.00900445865527,0.05067052053365395,12.582487344741821,349.0,56.0,-100.79400439458568,0.1873286451886429,0.9999999999999002
./csi-dataset/homeoffice-communication-28G-csi/t16x16_r2x1_test_small/seed6533-epoch7-99.mat,-81.59372685520219,35.0,56.0,-81.64051118275944,-0.17120380074112074,14.188332796096802,35.0,57.0,-94.87574573935221,0.04678432755724771,0.9999999999999002
./csi-dataset/homeoffice-communication-28G-csi/t16x16_r2x1_test_small/seed6636-epoch31-85.mat,-113.86507284902424,56.0,36.0,-118.92195777332388,0.09542441088571452,8.235984325408936,30.0,68.0,-128.1290353331379,5.056884924299638,37.54336451068478
./csi-dataset/homeoffice-communication-28G-csi/t16x16_r2x1_test_small/seed6636-epoch54-7.mat,-88.41732253155479,161.0,62.0,-109.97939233057184,-0.5672139927508786,13.294941902160645,200.0,77.0,-103.60162027450087,21.562069799017053,39.2673920448824
./csi-dataset/homeoffice-communication-28G-csi/t16x16_r2x1_test_small/seed6638-epoch16-8.mat,-81.21835778143034,348.0,47.0,-81.9078351239092,-0.23621093898753953,13.050350666046143,347.0,46.0,-94.11861067439632,0.6894773424788525,1.2353591410187252
./csi-dataset/homeoffice-communication-28G-csi/t16x16_r2x1_test_small/seed6638-epoch16-94.mat,-90.1742836093036,5.0,69.0,-90.92473511707965,-0.049594282551739255,14.521424770355225,4.0,66.0,-106.11001720331309,0.7504515077760487,3.138989456066987
./csi-dataset/homeoffice-communication-28G-csi/t16x16_r2x1_test_small/seed6638-epoch17-89.mat,-97.8885534004862,130.0,18.0,-98.82184419835158,0.21097951345680932,8.233989477157593,132.0,20.0,-110.11361421339387,0.9332907978653822,2.103047221783362
./csi-dataset/homeoffice-communication-28G-csi/t16x16_r2x1_test_small/seed666-epoch20-81.mat,-92.68437685488158,279.0,36.0,-93.31724239812283,-1.0192525204266283,12.057256937026978,295.0,37.0,-105.27969557510247,0.6328655432412518,9.548863626289466
./csi-dataset/homeoffice-communication-28G-csi/t16x16_r2x1_test_small/seed666-epoch22-14.mat,-77.26705473105652,353.0,51.0,-77.24470335998868,-0.7429727487299647,12.90312147140503,354.0,52.0,-90.10035963032627,-0.022351371067841797,1.2698127585966896
./csi-dataset/homeoffice-communication-28G-csi/t16x16_r2x1_test_small/seed666-epoch22-52.mat,-96.19059861674792,192.0,55.0,-96.31932994178824,-0.17782935615570783,14.67331862449646,193.0,55.0,-109.32897486109191,0.12873132504032014,0.8191486237146364
./csi-dataset/homeoffice-communication-28G-csi/t16x16_r2x1_test_small/seed666-epoch46-14.mat,-94.3002009589175,150.0,29.0,-147.7089330271308,-0.46217111947775025,14.420809268951416,355.0,27.0,-110.7795836984422,53.4087320682133,54.56250603768933
./csi-dataset/homeoffice-communication-28G-csi/t16x16_r2x1_test_small/seed666-epoch46-24.mat,-80.68868468938999,58.0,14.0,-81.10120165736146,-0.32543221908398423,12.349158763885498,63.0,14.0,-94.407321295298,0.4125169679714702,1.2092481369105252
./csi-dataset/homeoffice-communication-28G-csi/t16x16_r2x1_test_small/seed666-epoch47-49.mat,-109.12748124712869,162.0,38.0,-109.520241120543,-0.00381281190003091,10.710915327072144,162.0,40.0,-120.44078179892489,0.3927598734143203,2.0000000000001297
./csi-dataset/homeoffice-communication-28G-csi/t16x16_r2x1_test_small/seed666-epoch70-32.mat,-86.09651637559467,359.0,61.0,-86.8977690641661,-0.3176865812117433,14.322300434112549,358.0,46.0,-97.98766686082722,0.8012526885714237,15.021197944484745
./csi-dataset/homeoffice-communication-28G-csi/t16x16_r2x1_test_small/seed666-epoch70-91.mat,-81.29665388726247,21.0,55.0,-123.20084381104138,-0.06697921985375732,14.15169644355774,273.0,62.0,-98.80589264192497,41.904189923778915,87.37633324539257
./csi-dataset/homeoffice-communication-28G-csi/t16x16_r2x1_test_small/seed666-epoch72-89.mat,-84.97192540537336,354.0,72.0,-85.97071060006161,0.14095923633003682,11.795583963394165,354.0,68.0,-97.31753669241633,0.9987851946882529,4.000000000000042
./csi-dataset/homeoffice-communication-28G-csi/t16x16_r2x1_test_small/seed6761-epoch21-12.mat,-100.95976466476728,93.0,71.0,-101.13894922648788,-0.7412339524619134,14.10097336769104,93.0,74.0,-114.4599068161432,0.1791845617206036,3.000000000000166
./csi-dataset/homeoffice-communication-28G-csi/t16x16_r2x1_test_small/seed6761-epoch21-33.mat,-93.5765077367422,222.0,74.0,-127.31201101500312,0.02579818200042161,12.082874059677124,273.0,17.0,-110.78415429722645,33.73550327826092,63.86669407615901
./csi-dataset/homeoffice-communication-28G-csi/t16x16_r2x1_test_small/seed6761-epoch21-53.mat,-106.91124823329096,73.0,39.0,-107.139068318151,0.1404370952103532,9.788280248641968,74.0,40.0,-119.16661673418467,0.22782008486004202,1.1851302768327094
./csi-dataset/homeoffice-communication-28G-csi/t16x16_r2x1_test_small/seed6761-epoch22-10.mat,-82.82338826408208,247.0,24.0,-83.27040029606577,-0.381575377219014,14.106679201126099,278.0,5.0,-95.5852005246612,0.44701203198368944,19.871851388506574
./csi-dataset/homeoffice-communication-28G-csi/t16x16_r2x1_test_small/seed6761-epoch22-96.mat,-91.68164288550884,168.0,68.0,-124.35261044900972,-0.1017765454248949,12.3380708694458,77.0,48.0,-108.18459973197504,32.67096756350088,76.19398116119984
./csi-dataset/homeoffice-communication-28G-csi/t16x16_r2x1_test_small/seed6761-epoch43-10.mat,-81.03582045509395,311.0,72.0,-82.22500450193769,0.18576953472557323,14.549880743026733,311.0,79.0,-97.09681486118852,1.1891840468437351,6.99999999999992
./csi-dataset/homeoffice-communication-28G-csi/t16x16_r2x1_test_small/seed6761-epoch44-1.mat,-91.0011641569846,36.0,20.0,-91.03523056000702,0.279883537919286,14.309574127197266,35.0,20.0,-103.54104954620928,0.03406640302242181,0.34201631007762345
./csi-dataset/homeoffice-communication-28G-csi/t16x16_r2x1_test_small/seed6761-epoch44-3.mat,-69.10858706152774,207.0,73.0,-70.0537132642395,0.13572618106930168,13.341193437576294,206.0,73.0,-85.49559910842859,0.9451262027117622,0.956303718381467
./csi-dataset/homeoffice-communication-28G-csi/t16x16_r2x1_test_small/seed6761-epoch44-37.mat,-86.34656548454339,14.0,74.0,-86.73521201742994,-0.18989160346608958,14.908692121505737,15.0,73.0,-99.90626477287286,0.38864653288655404,1.3853894473665045
./csi-dataset/homeoffice-communication-28G-csi/t16x16_r2x1_test_small/seed6761-epoch44-44.mat,-96.69886285764584,309.0,71.0,-97.58334572698746,0.08647361587942748,12.196016073226929,298.0,71.0,-107.2147433840727,0.8844828693416247,10.399005745967985
./csi-dataset/homeoffice-communication-28G-csi/t16x16_r2x1_test_small/seed6761-epoch44-98.mat,-92.30837712658295,326.0,22.0,-92.33829517310042,0.14343726102012522,11.757303714752197,327.0,22.0,-104.17030272023125,0.02991804651746577,0.3746025059784123
./csi-dataset/homeoffice-communication-28G-csi/t16x16_r2x1_test_small/seed6761-epoch68-60.mat,-74.5966790711663,205.0,23.0,-102.46906159997528,0.12861771764903718,12.929677486419678,236.0,50.0,-92.36467366185758,27.87238252880897,31.977707611165393
./csi-dataset/homeoffice-communication-28G-csi/t16x16_r2x1_test_small/seed6761-epoch69-36.mat,-87.17318610576179,192.0,33.0,-112.02647865019958,-0.20451764715304255,12.369562864303589,228.0,47.0,-101.4974192786272,24.853292544437792,26.5912438406686
./csi-dataset/homeoffice-communication-28G-csi/t16x16_r2x1_test_small/seed6766-epoch12-60.mat,-99.4005290428646,134.0,66.0,-99.58235498149988,0.27208370989034913,12.828152418136597,134.0,65.0,-113.84547772470202,0.18182593863527075,0.9999999999999002
./csi-dataset/homeoffice-communication-28G-csi/t16x16_r2x1_test_small/seed6766-epoch13-47.mat,-87.83812971696919,232.0,25.0,-88.60184800152314,-0.03398358899516496,13.985185861587524,252.0,22.0,-103.52068743560805,0.7637182845539456,8.47434942726111
./csi-dataset/homeoffice-communication-28G-csi/t16x16_r2x1_test_small/seed6766-epoch13-95.mat,-96.1479429169901,325.0,50.0,-96.49944901882756,-0.8805843173035028,13.768060207366943,327.0,50.0,-111.76559622956438,0.3515061018374581,1.532056745876193
./csi-dataset/homeoffice-communication-28G-csi/t16x16_r2x1_test_small/seed6874-epoch14-58.mat,-90.2560516478526,294.0,71.0,-90.6161268466497,-0.29886252920630807,12.979748010635376,294.0,75.0,-105.75492862628003,0.36007519879710514,4.000000000000042
./csi-dataset/homeoffice-communication-28G-csi/t16x16_r2x1_test_small/seed6874-epoch14-59.mat,-87.34038484889517,196.0,71.0,-87.5559873661048,0.08895071383542053,10.377221822738647,197.0,75.0,-101.63086903808502,0.21560251720963208,4.112668371277696
./csi-dataset/homeoffice-communication-28G-csi/t16x16_r2x1_test_small/seed6874-epoch35-100.mat,-95.81734168336205,192.0,47.0,-96.90756793752999,0.08777025168015484,13.811025381088257,37.0,35.0,-107.87397487078877,1.0902262541679448,79.71900855672428
./csi-dataset/homeoffice-communication-28G-csi/t16x16_r2x1_test_small/seed6874-epoch35-29.mat,-107.7036469527824,202.0,55.0,-107.99135087747878,0.22393613498673381,13.285722255706787,202.0,57.0,-120.23795438233093,0.2877039246963733,1.999999999999765
./csi-dataset/homeoffice-communication-28G-csi/t16x16_r2x1_test_small/seed6874-epoch37-57.mat,-82.23338750983632,134.0,10.0,-82.88476787825196,-0.020549685375864435,13.744822025299072,135.0,9.0,-95.74260826827371,0.6513803684156443,1.013491622115977
./csi-dataset/homeoffice-communication-28G-csi/t16x16_r2x1_test_small/seed6874-epoch37-62.mat,-92.71649286542753,157.0,73.0,-93.29256826245225,-0.3522489669194653,12.580197811126709,156.0,72.0,-104.8084468443699,0.5760753970247237,1.3818624961238861
./csi-dataset/homeoffice-communication-28G-csi/t16x16_r2x1_test_small/seed6874-epoch59-63.mat,-86.43314417083255,169.0,37.0,-86.87684214849462,-0.8383166872836532,13.399040699005127,167.0,37.0,-101.59748145972017,0.44369797766206887,1.2035910692793514
./csi-dataset/homeoffice-communication-28G-csi/t16x16_r2x1_test_small/seed6874-epoch60-30.mat,-85.05072391866486,205.0,62.0,-86.59417777525206,-0.4024917638401355,10.75496530532837,203.0,63.0,-100.48094615873677,1.543453856587206,2.036403665722876
./csi-dataset/homeoffice-communication-28G-csi/t16x16_r2x1_test_small/seed6874-epoch60-43.mat,-97.91021912255916,129.0,61.0,-99.15449648019296,-0.03337261379691503,9.985470533370972,53.0,56.0,-111.30473633690892,1.2442773576338055,63.47950705340649
./csi-dataset/homeoffice-communication-28G-csi/t16x16_r2x1_test_small/seed6874-epoch60-56.mat,-91.1682912751428,137.0,43.0,-92.122581235328,-0.32047468587647,11.273760318756104,135.0,42.0,-103.14340481072315,0.9542899601851929,1.6808854257346106
./csi-dataset/homeoffice-communication-28G-csi/t16x16_r2x1_test_small/seed6874-epoch60-93.mat,-88.08301761679387,188.0,73.0,-88.2124599225302,0.13953646122632812,12.705260276794434,189.0,74.0,-102.83197698026719,0.1294423057363332,1.3853894473665045
./csi-dataset/homeoffice-communication-28G-csi/t16x16_r2x1_test_small/seed6874-epoch80-64.mat,-95.16144916283886,185.0,89.0,-98.173697564125,0.08611047606541755,12.532915115356445,161.0,53.0,-106.17799794554743,3.0122484012861435,42.270131118485146
./csi-dataset/homeoffice-communication-28G-csi/t16x16_r2x1_test_small/seed6874-epoch81-28.mat,-86.62951864378567,35.0,15.0,-86.68121947113079,-0.025083969051187927,14.08938980102539,36.0,15.0,-99.41831429936937,0.051700827345115385,0.25881598012840523
./csi-dataset/homeoffice-communication-28G-csi/t16x16_r2x1_test_small/seed6874-epoch81-44.mat,-89.06899717715297,209.0,51.0,-89.1390107712831,0.20535346034572088,13.027405738830566,209.0,51.0,-100.51576785726252,0.0700135941301312,0.0
./csi-dataset/homeoffice-communication-28G-csi/t16x16_r2x1_test_small/seed6874-epoch81-57.mat,-85.72902659295266,268.0,35.0,-86.20228547941278,0.04185284770657827,12.931742668151855,270.0,34.0,-98.94142189305272,0.4732588864601155,1.510938826912968
./csi-dataset/homeoffice-communication-28G-csi/t16x16_r2x1_test_small/seed6874-epoch81-79.mat,-87.84258287284848,212.0,50.0,-87.91212727959469,0.04339434095567707,13.433507442474365,213.0,50.0,-100.93297138421465,0.06954440674620344,0.7660404257702051
./csi-dataset/homeoffice-communication-28G-csi/t16x16_r2x1_test_small/seed6879-epoch6-24.mat,-86.77309656377437,58.0,72.0,-87.04954593287631,0.4254768946547275,12.790490865707397,59.0,70.0,-101.94782427323416,0.2764493691019396,2.212211540744418
./csi-dataset/homeoffice-communication-28G-csi/t16x16_r2x1_test_small/seed6879-epoch6-28.mat,-86.5024717998804,14.0,19.0,-86.50502925864839,-0.20069270139727724,13.648520231246948,13.0,19.0,-101.81338042990978,0.002557458767995513,0.32556446021366875
./csi-dataset/homeoffice-communication-28G-csi/t16x16_r2x1_test_small/seed6914-epoch17-77.mat,-93.61902284111856,138.0,54.0,-94.92328294779959,0.019444216634953104,9.785191059112549,91.0,34.0,-111.15004835589761,1.3042601066810278,37.26629989498804
./csi-dataset/homeoffice-communication-28G-csi/t16x16_r2x1_test_small/seed6914-epoch18-78.mat,-88.03860064382256,175.0,57.0,-88.08971345616513,-0.3092278346814543,15.005894899368286,175.0,58.0,-100.06632016885919,0.05111281234256637,0.9999999999999002
./csi-dataset/homeoffice-communication-28G-csi/t16x16_r2x1_test_small/seed6914-epoch35-29.mat,-89.8496377827535,340.0,51.0,-90.01852274057458,0.14325877893248684,11.299312591552734,341.0,50.0,-101.54405539297082,0.16888495782107782,1.2630726248457664
./csi-dataset/homeoffice-communication-28G-csi/t16x16_r2x1_test_small/seed6914-epoch36-54.mat,-94.41740922569002,170.0,42.0,-95.94403176776953,0.09612257000853619,8.779590845108032,168.0,41.0,-107.94340504844166,1.526622542079508,1.6601041611768295
./csi-dataset/homeoffice-communication-28G-csi/t16x16_r2x1_test_small/seed6914-epoch53-39.mat,-87.22300948645423,5.0,72.0,-122.1994855023222,0.007042091145369356,12.37244725227356,330.0,43.0,-106.04687867999789,34.97647601586797,40.771648795329746
./csi-dataset/homeoffice-communication-28G-csi/t16x16_r2x1_test_small/seed6914-epoch54-12.mat,-82.41889084897392,38.0,39.0,-122.52335756003653,-0.6804936639365833,13.080373287200928,283.0,55.0,-100.3439576040256,40.104466711062614,76.8271764603288
./csi-dataset/homeoffice-communication-28G-csi/t16x16_r2x1_test_small/seed6914-epoch54-33.mat,-80.5114626502471,214.0,42.0,-104.15480925182646,-0.08054263243209636,13.358559846878052,285.0,24.0,-102.35257581523031,23.643346601579367,39.86979629883923
./csi-dataset/homeoffice-communication-28G-csi/t16x16_r2x1_test_small/seed6914-epoch54-75.mat,-82.29236168611993,257.0,67.0,-82.47680867969163,0.12249206761399456,14.015320777893066,258.0,66.0,-94.78054250054372,0.18444699357169725,1.356820668949606
./csi-dataset/homeoffice-communication-28G-csi/t16x16_r2x1_test_small/seed7063-epoch13-59.mat,-82.47000900387272,339.0,72.0,-129.21161792313785,0.13317179383742472,13.940001726150513,253.0,51.0,-99.06996120348731,46.74160891926513,75.75738382115848
./csi-dataset/homeoffice-communication-28G-csi/t16x16_r2x1_test_small/seed7063-epoch13-81.mat,-98.15456409064736,189.0,43.0,-98.36852625708495,0.13494989775425548,13.455841541290283,190.0,42.0,-113.2617342930854,0.21396216643759658,1.2067985945048632
./csi-dataset/homeoffice-communication-28G-csi/t16x16_r2x1_test_small/seed7063-epoch13-87.mat,-89.29803075513432,77.0,27.0,-89.37008627853709,0.2273038574891625,11.349565029144287,76.0,27.0,-102.32333436453584,0.07205552340276711,0.45398592513558367
./csi-dataset/homeoffice-communication-28G-csi/t16x16_r2x1_test_small/seed7063-epoch14-63.mat,-95.2467980966144,42.0,41.0,-113.04603612751364,-0.3151705748774374,10.776858568191528,185.0,63.0,-109.74829705987742,17.799238030899247,97.13535046107185
./csi-dataset/homeoffice-communication-28G-csi/t16x16_r2x1_test_small/seed7063-epoch53-32.mat,-79.71356190339816,6.0,33.0,-119.8191791167537,-0.11984196210196552,13.262905597686768,234.0,47.0,-93.98934848458971,40.10561721335554,72.21528306135477
./csi-dataset/homeoffice-communication-28G-csi/t16x16_r2x1_test_small/seed7091-epoch12-44.mat,-89.13101025588973,228.0,68.0,-119.12497489869403,-0.1582828261206468,11.609555959701538,50.0,49.0,-110.05751164122552,29.9939646428043,116.9725921355606
./csi-dataset/homeoffice-communication-28G-csi/t16x16_r2x1_test_small/seed7091-epoch12-56.mat,-93.77974225483244,355.0,49.0,-129.55491352713,-0.19901942215211554,14.199796915054321,55.0,61.0,-111.27439851966639,35.775171272297555,49.60107108984712
./csi-dataset/homeoffice-communication-28G-csi/t16x16_r2x1_test_small/seed7091-epoch13-47.mat,-76.57347308962837,78.0,21.0,-113.73237769836491,-1.430865645958487,13.079472780227661,269.0,25.0,-97.49601720127617,37.15890460873655,45.77794720592764
./csi-dataset/homeoffice-communication-28G-csi/t16x16_r2x1_test_small/seed7091-epoch38-100.mat,-93.25719114863313,184.0,70.0,-130.28187267256396,-0.20282153528259417,14.540722608566284,223.0,41.0,-113.3038300753471,37.02468152393084,42.50388146045919
./csi-dataset/homeoffice-communication-28G-csi/t16x16_r2x1_test_small/seed7091-epoch38-6.mat,-104.50293450749282,157.0,33.0,-106.06533380851091,0.16139202404368702,9.820954322814941,232.0,1.0,-117.01806461425991,1.5623993010180897,32.753816434876065
./csi-dataset/homeoffice-communication-28G-csi/t16x16_r2x1_test_small/seed7091-epoch39-66.mat,-92.29265808594646,330.0,60.0,-94.72197161215604,-0.043608614180224325,11.790920495986938,332.0,55.0,-107.59270345071698,2.429313526209583,5.276471100187456
./csi-dataset/homeoffice-communication-28G-csi/t16x16_r2x1_test_small/seed7158-epoch15-22.mat,-84.37481382777003,350.0,57.0,-84.72031882619811,0.2771220203091821,14.053139925003052,349.0,57.0,-96.48379945763843,0.34550499842808335,0.8386674103151271
./csi-dataset/homeoffice-communication-28G-csi/t16x16_r2x1_test_small/seed7158-epoch15-23.mat,-85.55434820197333,232.0,30.0,-89.2064194707063,0.011607756266431402,13.698921918869019,274.0,22.0,-101.09247041780958,3.6520712687329677,19.582776749926605
./csi-dataset/homeoffice-communication-28G-csi/t16x16_r2x1_test_small/seed7158-epoch15-93.mat,-83.5473881414503,180.0,58.0,-118.09379371682881,-0.38188403037469243,10.166696786880493,308.0,8.0,-101.00087936647812,34.546405575378515,63.12160605209974
./csi-dataset/homeoffice-communication-28G-csi/t16x16_r2x1_test_small/seed7158-epoch17-85.mat,-82.73820784913411,85.0,58.0,-83.15179094811158,-0.19218597924375524,12.908217668533325,84.0,57.0,-96.90759106862686,0.4135830989774689,1.3081528487651375
./csi-dataset/homeoffice-communication-28G-csi/t16x16_r2x1_test_small/seed7158-epoch38-72.mat,-94.26485276286569,100.0,80.0,-94.35514112710007,-0.1484411574832405,10.803289413452148,101.0,89.0,-106.94992732528712,0.09028836423438236,9.054762197276217
./csi-dataset/homeoffice-communication-28G-csi/t16x16_r2x1_test_small/seed7158-epoch61-41.mat,-89.62522119058787,310.0,56.0,-89.70494954154505,0.06470207158304475,13.265613555908203,310.0,55.0,-102.6830284901805,0.07972835095718267,0.9999999999999002
./csi-dataset/homeoffice-communication-28G-csi/t16x16_r2x1_test_small/seed7158-epoch61-57.mat,-80.99629293808835,321.0,45.0,-81.34569967422657,-0.5615967646138829,12.34569764137268,320.0,45.0,-94.0506890564045,0.3494067361382207,0.7071022936882725
./csi-dataset/homeoffice-communication-28G-csi/t16x16_r2x1_test_small/seed7158-epoch61-61.mat,-110.15008161552812,277.0,35.0,-110.18729863027912,0.10077841269357146,10.664048433303833,277.0,35.0,-122.46818415574607,0.03721701475099337,1.2074182697257333e-06
./csi-dataset/homeoffice-communication-28G-csi/t16x16_r2x1_test_small/seed7158-epoch61-94.mat,-78.76337265905165,213.0,42.0,-124.88938796779652,0.04127057847898974,13.760993719100952,98.0,55.0,-96.04691600933263,46.12601530874487,78.77835237453714
./csi-dataset/homeoffice-communication-28G-csi/t16x16_r2x1_test_small/seed7158-epoch86-91.mat,-119.78736513889172,119.0,59.0,-120.25088649769357,-0.2750267497944199,12.286347150802612,113.0,87.0,-130.600202945157,0.46352135880185585,28.567019240254762
./csi-dataset/homeoffice-communication-28G-csi/t16x16_r2x1_test_small/seed7158-epoch87-34.mat,-83.93892931680091,264.0,51.0,-85.55462437596239,0.07803271927770827,11.79749321937561,263.0,55.0,-99.63621138537968,1.6156950591614816,4.078861636616852
./csi-dataset/homeoffice-communication-28G-csi/t16x16_r2x1_test_small/seed7158-epoch87-9.mat,-84.50333340132671,354.0,74.0,-85.89118244155812,-0.0637499566130102,13.011265993118286,353.0,73.0,-99.37313115550197,1.3878490402314014,1.3853894473667674
./csi-dataset/homeoffice-communication-28G-csi/t16x16_r2x1_test_small/seed7176-epoch9-32.mat,-96.24342762580504,261.0,39.0,-96.35671690372251,0.291532066848721,9.212799310684204,261.0,40.0,-107.54836925567477,0.1132892779174739,1.0000000000002647
./csi-dataset/homeoffice-communication-28G-csi/t16x16_r2x1_test_small/seed7176-epoch9-71.mat,-108.325780227271,88.0,52.0,-108.36348327252303,0.33931764560692,10.880032300949097,89.0,53.0,-121.8495926882878,0.037703045252030165,1.2764636308920168
./csi-dataset/homeoffice-communication-28G-csi/t16x16_r2x1_test_small/seed7269-epoch0-49.mat,-90.20201331609417,150.0,53.0,-90.26855773121561,-0.21408254044639308,13.34588885307312,150.0,52.0,-102.48309021858303,0.0665444151214416,0.9999999999991713
./csi-dataset/homeoffice-communication-28G-csi/t16x16_r2x1_test_small/seed7269-epoch0-52.mat,-100.62924196928329,12.0,46.0,-124.99418771620154,0.21166583934364558,9.515711784362793,323.0,67.0,-119.1107998538081,24.364945746918252,45.10272141311333
./csi-dataset/homeoffice-communication-28G-csi/t16x16_r2x1_test_small/seed7269-epoch0-96.mat,-81.39779886883392,295.0,32.0,-81.52034968561387,0.06077788972275289,11.254433155059814,295.0,33.0,-97.17051558861307,0.12255081677994895,0.9999999999999002
./csi-dataset/homeoffice-communication-28G-csi/t16x16_r2x1_test_small/seed7269-epoch32-100.mat,-111.43787766019302,159.0,70.0,-112.30692291426861,-0.14670660908297606,9.953251600265503,158.0,68.0,-124.1478505495852,0.8690452540755871,2.2071343286360317
./csi-dataset/homeoffice-communication-28G-csi/t16x16_r2x1_test_small/seed7269-epoch32-81.mat,-83.80492482240386,275.0,70.0,-84.71983801391035,0.2598595757932256,13.30879545211792,274.0,70.0,-95.95197401075764,0.9149131915064856,0.9396912255611437
./csi-dataset/homeoffice-communication-28G-csi/t16x16_r2x1_test_small/seed7269-epoch32-84.mat,-85.27431362708278,3.0,32.0,-85.35987120745096,-0.4554608993233433,14.665616989135742,3.0,32.0,-96.05002265324352,0.08555758036818872,0.0
./csi-dataset/homeoffice-communication-28G-csi/t16x16_r2x1_test_small/seed7269-epoch51-61.mat,-101.00705845839926,105.0,69.0,-100.98442800155291,0.02615023827028251,10.658727884292603,105.0,70.0,-112.7001274931664,-0.02263045684634335,0.9999999999999002
./csi-dataset/homeoffice-communication-28G-csi/t16x16_r2x1_test_small/seed7269-epoch52-12.mat,-87.28348487583149,74.0,52.0,-88.66290502913884,0.2631929356241641,13.064190149307251,75.0,49.0,-100.69928302240419,1.3794201533073505,3.0975772757421507
./csi-dataset/homeoffice-communication-28G-csi/t16x16_r2x1_test_small/seed7269-epoch52-75.mat,-82.41081701335258,17.0,77.0,-83.13000784911274,0.1511200520055047,13.80478549003601,10.0,61.0,-97.00103287239347,0.7191908357601591,17.271326159262017
./csi-dataset/homeoffice-communication-28G-csi/t16x16_r2x1_test_small/seed7269-epoch52-8.mat,-90.08312761134506,98.0,60.0,-90.28175180127195,-0.10473153627971499,14.481686353683472,97.0,62.0,-103.59143150885542,0.19862418992688902,2.1828435096324763
./csi-dataset/homeoffice-communication-28G-csi/t16x16_r2x1_test_small/seed7317-epoch10-44.mat,-93.85001485283132,243.0,15.0,-94.34630380157907,-0.03950550288664556,14.049782752990723,244.0,14.0,-105.01963252793846,0.49628894874774687,1.0308325193883807
./csi-dataset/homeoffice-communication-28G-csi/t16x16_r2x1_test_small/seed7317-epoch10-46.mat,-92.51292111162726,310.0,45.0,-93.17030773979471,0.1958808056521063,10.927809715270996,310.0,44.0,-105.28264069417247,0.6573866281674441,0.9999999999999002
./csi-dataset/homeoffice-communication-28G-csi/t16x16_r2x1_test_small/seed7317-epoch10-65.mat,-99.5881379457974,196.0,64.0,-99.84829232395397,0.21394954223048912,10.692847967147827,195.0,64.0,-113.8772592828429,0.26015437815657094,0.8987918540090485
./csi-dataset/homeoffice-communication-28G-csi/t16x16_r2x1_test_small/seed739-epoch18-46.mat,-87.2499732707479,3.0,43.0,-87.78552137826209,0.06334617826657729,10.325665950775146,3.0,42.0,-101.83958015718417,0.5355481075141881,1.0000000000002647
./csi-dataset/homeoffice-communication-28G-csi/t16x16_r2x1_test_small/seed739-epoch18-86.mat,-89.61281353062482,181.0,36.0,-89.7345822340819,0.037671258746377334,13.846474170684814,181.0,37.0,-102.80722341815613,0.12176870345707869,0.9999999999999002
./csi-dataset/homeoffice-communication-28G-csi/t16x16_r2x1_test_small/seed739-epoch19-36.mat,-87.0002191659531,28.0,66.0,-87.05106779921616,-0.17951667252857306,12.723389863967896,28.0,66.0,-100.32256340793074,0.05084863326305822,0.0
./csi-dataset/homeoffice-communication-28G-csi/t16x16_r2x1_test_small/seed739-epoch19-37.mat,-87.11748163513741,64.0,66.0,-87.2777519965161,-0.304501305026764,13.324660062789917,64.0,65.0,-100.4014424629099,0.16027036137869288,0.9999999999995357
./csi-dataset/homeoffice-communication-28G-csi/t16x16_r2x1_test_small/seed739-epoch19-65.mat,-79.85022528776268,120.0,71.0,-80.49903653408833,-0.5633761677641622,14.58098554611206,119.0,69.0,-92.35670302975434,0.6488112463256499,2.209727199982382
./csi-dataset/homeoffice-communication-28G-csi/t16x16_r2x1_test_small/seed7423-epoch19-48.mat,-96.31587986777636,199.0,51.0,-96.75065197762252,0.030708490235666352,11.71158218383789,201.0,53.0,-111.49401634224978,0.43477210984616477,2.54618029157557
./csi-dataset/homeoffice-communication-28G-csi/t16x16_r2x1_test_small/seed7423-epoch19-54.mat,-88.16661661257154,165.0,71.0,-88.39177744143873,-0.36606850442868355,13.146065473556519,165.0,74.0,-103.69766689603802,0.2251608288671889,3.0000000000000444
./csi-dataset/homeoffice-communication-28G-csi/t16x16_r2x1_test_small/seed7423-epoch44-83.mat,-84.14231146597741,178.0,46.0,-84.22695608095708,0.08807274679137389,12.00311803817749,178.0,47.0,-96.67703453068208,0.08464461497966624,0.9999999999999002
./csi-dataset/homeoffice-communication-28G-csi/t16x16_r2x1_test_small/seed7423-epoch46-27.mat,-85.94988535818034,19.0,50.0,-85.95124035620132,0.09083105070668507,13.398533821105957,19.0,51.0,-100.90632503143027,0.0013549980209859314,0.9999999999999002
./csi-dataset/homeoffice-communication-28G-csi/t16x16_r2x1_test_small/seed7423-epoch46-85.mat,-75.01692592825563,262.0,26.0,-92.9766692423078,0.18135950955721258,13.562841892242432,228.0,38.0,-93.34928418337802,17.959743314052176,21.2501604504476
./csi-dataset/homeoffice-communication-28G-csi/t16x16_r2x1_test_small/seed7448-epoch1-13.mat,-75.00068159281417,64.0,36.0,-75.20070339996572,0.1873563240803362,14.40250301361084,66.0,36.0,-88.25649066022649,0.20002180715154338,1.1755314401623178
./csi-dataset/homeoffice-communication-28G-csi/t16x16_r2x1_test_small/seed7448-epoch1-24.mat,-82.58534194199768,98.0,51.0,-82.99027530806457,0.2132481941937172,13.488859415054321,97.0,50.0,-96.79161715426036,0.404933366066885,1.2630726248457664
./csi-dataset/homeoffice-communication-28G-csi/t16x16_r2x1_test_small/seed7448-epoch1-65.mat,-91.91074034965224,198.0,55.0,-92.07013938974143,0.12841067967938902,12.893471002578735,200.0,56.0,-106.49399554094474,0.15939904008918404,1.9278176000878031
./csi-dataset/homeoffice-communication-28G-csi/t16x16_r2x1_test_small/seed7549-epoch22-14.mat,-110.58068035208638,246.0,50.0,-113.79530662125946,0.15629030952316036,8.971816778182983,200.0,51.0,-123.63729689535066,3.214626269173081,35.10802545101542
./csi-dataset/homeoffice-communication-28G-csi/t16x16_r2x1_test_small/seed7549-epoch42-95.mat,-83.68481647356373,14.0,23.0,-83.87032190548285,0.11651608903769617,14.232816219329834,12.0,23.0,-98.03750234660136,0.18550543191912539,0.781428639422252
./csi-dataset/homeoffice-communication-28G-csi/t16x16_r2x1_test_small/seed7549-epoch45-86.mat,-81.74503517161801,218.0,56.0,-81.8184040463498,-0.11609773281797864,15.351136922836304,218.0,56.0,-94.60744608284216,0.07336887473178422,0.0
./csi-dataset/homeoffice-communication-28G-csi/t16x16_r2x1_test_small/seed7549-epoch7-29.mat,-76.50252201805782,14.0,56.0,-76.48871992305385,-0.05809382314529632,13.479763984680176,14.0,57.0,-89.6918796604501,-0.013802095003967452,1.0000000000002647
./csi-dataset/homeoffice-communication-28G-csi/t16x16_r2x1_test_small/seed7549-epoch7-33.mat,-85.08185510687044,106.0,57.0,-85.20835793157083,0.17660102468917327,11.794559240341187,107.0,58.0,-97.92421505878048,0.12650282470039542,1.308152848764859
./csi-dataset/homeoffice-communication-28G-csi/t16x16_r2x1_test_small/seed7549-epoch70-56.mat,-93.9896201446718,77.0,75.0,-94.58840375734725,0.216507831424803,13.565482139587402,78.0,85.0,-108.56781360126328,0.5987836126754473,10.048241246571392
./csi-dataset/homeoffice-communication-28G-csi/t16x16_r2x1_test_small/seed7599-epoch18-10.mat,-89.29155538689207,221.0,56.0,-89.53228915456512,-0.09487527910564952,11.083057165145874,221.0,58.0,-103.96013338431314,0.24073376767304921,2.0000000000004943
./csi-dataset/homeoffice-communication-28G-csi/t16x16_r2x1_test_small/seed7599-epoch18-18.mat,-97.96506638248404,192.0,49.0,-124.44069726942585,-0.35971173698658054,13.254532814025879,254.0,18.0,-112.48539512771048,26.475630886941815,42.824566632821
./csi-dataset/homeoffice-communication-28G-csi/t16x16_r2x1_test_small/seed7599-epoch18-27.mat,-70.65290955908975,245.0,21.0,-70.86533328166965,-0.28411176844103303,13.412904024124146,248.0,21.0,-84.57057411513354,0.21242372257989928,1.0749968095942963
./csi-dataset/homeoffice-communication-28G-csi/t16x16_r2x1_test_small/seed7599-epoch18-52.mat,-83.49316654063038,61.0,19.0,-83.52126955049758,0.22826091208863053,13.417644500732422,60.0,19.0,-96.19321033622435,0.028103009867194828,0.32556446021366875
./csi-dataset/homeoffice-communication-28G-csi/t16x16_r2x1_test_small/seed7599-epoch19-28.mat,-95.81229801120573,173.0,70.0,-95.84009686330916,0.2963364848410064,10.828988552093506,173.0,72.0,-106.90220319339288,0.02779885210343025,2.0000000000001297
./csi-dataset/homeoffice-communication-28G-csi/t16x16_r2x1_test_small/seed7599-epoch19-41.mat,-81.74369767671402,192.0,18.0,-81.85429681347392,0.020814687871154813,14.289855718612671,194.0,19.0,-97.79938090509395,0.11059913675990174,1.1842331064021685
./csi-dataset/homeoffice-communication-28G-csi/t16x16_r2x1_test_small/seed7599-epoch19-53.mat,-83.93369914741609,317.0,51.0,-84.4273855868132,-0.09855306461587654,12.842005252838135,318.0,54.0,-101.33176767372356,0.4936864393971092,3.1030639278704766
./csi-dataset/homeoffice-communication-28G-csi/t16x16_r2x1_test_small/seed76-epoch33-24.mat,-101.44082063888048,42.0,50.0,-101.48903780476707,-0.06791389978653983,11.829140186309814,42.0,51.0,-112.95478052770106,0.04821716588658376,0.9999999999999002
./csi-dataset/homeoffice-communication-28G-csi/t16x16_r2x1_test_small/seed76-epoch59-26.mat,-87.86428274392685,131.0,21.0,-131.6414160737979,-0.20124206519957566,13.022022485733032,77.0,41.0,-106.00468390414576,43.77713332987105,32.565506977963615
./csi-dataset/homeoffice-communication-28G-csi/t16x16_r2x1_test_small/seed76-epoch59-73.mat,-90.1447028616906,310.0,69.0,-90.74815464075294,0.13360385208097714,12.890337228775024,311.0,75.0,-106.16192677732116,0.6034517790623397,6.074818312038145
./csi-dataset/homeoffice-communication-28G-csi/t16x16_r2x1_test_small/seed76-epoch85-33.mat,-87.36842259029417,138.0,27.0,-97.56634068880444,-0.166219653207198,14.194844245910645,178.0,16.0,-102.66252470178696,10.197918098510272,17.75846507704086
./csi-dataset/homeoffice-communication-28G-csi/t16x16_r2x1_test_small/seed76-epoch85-71.mat,-92.2371048047327,310.0,43.0,-92.71910149118584,-0.24740187359706645,13.034212589263916,312.0,42.0,-105.22501043609871,0.48199668645314375,1.6808854257346106
./csi-dataset/homeoffice-communication-28G-csi/t16x16_r2x1_test_small/seed76-epoch9-42.mat,-96.67068885870248,357.0,74.0,-97.91141185805026,0.08965635048133735,9.885802268981934,356.0,74.0,-109.6525668066378,1.2407229993477813,0.9612607689521299
./csi-dataset/homeoffice-communication-28G-csi/t16x16_r2x1_test_small/seed7625-epoch37-74.mat,-81.32702569880112,18.0,68.0,-81.39289094312483,-0.012576768268264926,12.951759099960327,18.0,70.0,-95.47591548292395,0.06586524432370311,2.0000000000001297
./csi-dataset/homeoffice-communication-28G-csi/t16x16_r2x1_test_small/seed7625-epoch62-1.mat,-87.29884518714299,343.0,45.0,-87.31809304983,-0.039149158193356515,13.912430047988892,343.0,46.0,-99.75442900674237,0.019247862687009842,1.0000000000006293
./csi-dataset/homeoffice-communication-28G-csi/t16x16_r2x1_test_small/seed7625-epoch62-78.mat,-91.3650993675498,48.0,36.0,-91.3572716632874,-0.09025704883647401,12.185813188552856,48.0,36.0,-102.95305516476188,-0.00782770426239665,0.0
./csi-dataset/homeoffice-communication-28G-csi/t16x16_r2x1_test_small/seed7625-epoch63-13.mat,-93.3050631968504,229.0,41.0,-93.32289382805669,0.38058022360330857,10.754526615142822,230.0,41.0,-104.78019392132418,0.017830631206294356,0.6560542860149853
./csi-dataset/homeoffice-communication-28G-csi/t16x16_r2x1_test_small/seed7625-epoch63-60.mat,-89.70173614976885,235.0,8.0,-90.30911171987654,0.18533894907629322,8.51037335395813,241.0,7.0,-105.54245120535994,0.6073755701076919,1.2688878089479494
./csi-dataset/homeoffice-communication-28G-csi/t16x16_r2x1_test_small/seed7664-epoch15-53.mat,-101.7442089413904,127.0,52.0,-102.25013066722035,0.15720506337468743,10.593626260757446,127.0,50.0,-114.31346227455487,0.5059217258299498,1.9999999999999472
./csi-dataset/homeoffice-communication-28G-csi/t16x16_r2x1_test_small/seed7664-epoch15-58.mat,-82.10979671260857,185.0,87.0,-104.00646198500436,-0.25222965116896234,13.801007986068726,198.0,69.0,-97.28254168670341,21.896665272395794,22.003387908552263
./csi-dataset/homeoffice-communication-28G-csi/t16x16_r2x1_test_small/seed7664-epoch15-65.mat,-87.94692816904646,245.0,60.0,-88.15780022459023,-0.9387729791343691,14.497642278671265,245.0,61.0,-102.4719161026644,0.2108720555437742,1.0000000000002647
./csi-dataset/homeoffice-communication-28G-csi/t16x16_r2x1_test_small/seed7664-epoch15-75.mat,-99.13485648878506,34.0,22.0,-122.88253562502379,0.010111480211190349,13.780982971191406,17.0,35.0,-113.67677276877282,23.74767913623873,15.20765334198575
./csi-dataset/homeoffice-communication-28G-csi/t16x16_r2x1_test_small/seed7664-epoch38-24.mat,-88.13732548120093,256.0,44.0,-88.2345752421506,0.19891322167739334,13.63875937461853,256.0,44.0,-99.70848297747027,0.09724976094966564,0.0
./csi-dataset/homeoffice-communication-28G-csi/t16x16_r2x1_test_small/seed7703-epoch20-93.mat,-83.61065219796473,337.0,51.0,-83.63051578649711,-0.22411834014514076,13.93651819229126,338.0,51.0,-97.20028915694847,0.01986358853238812,0.7771420548734437
./csi-dataset/homeoffice-communication-28G-csi/t16x16_r2x1_test_small/seed7703-epoch21-84.mat,-89.567568912057,6.0,74.0,-89.73442117509393,-0.16228655755267396,13.905054092407227,7.0,76.0,-100.21109007364218,0.16685226303692957,2.2210123745180264
./csi-dataset/homeoffice-communication-28G-csi/t16x16_r2x1_test_small/seed7790-epoch20-80.mat,-109.3648428161933,196.0,65.0,-109.38986786485862,0.12057583454636822,14.468204736709595,196.0,65.0,-120.87429729262526,0.025025048665312966,8.537736462515939e-07
./csi-dataset/homeoffice-communication-28G-csi/t16x16_r2x1_test_small/seed7790-epoch21-35.mat,-90.36839454269796,147.0,64.0,-90.51079413006678,0.12351921952249756,15.255650997161865,148.0,65.0,-105.14206700939317,0.1423995873688284,1.347078901746263
./csi-dataset/homeoffice-communication-28G-csi/t16x16_r2x1_test_small/seed7790-epoch42-1.mat,-99.8663328835414,337.0,49.0,-100.51123265329315,0.08286750184679093,11.764818906784058,326.0,57.0,-112.00665126995284,0.6448997697517456,11.863835343427517
./csi-dataset/homeoffice-communication-28G-csi/t16x16_r2x1_test_small/seed7790-epoch63-3.mat,-92.23733904299174,239.0,58.0,-92.37097652191426,-0.23790513561651205,11.779622554779053,239.0,59.0,-103.9508881991764,0.1336374789225232,0.9999999999999002
./csi-dataset/homeoffice-communication-28G-csi/t16x16_r2x1_test_small/seed7790-epoch63-67.mat,-90.81574616394892,177.0,76.0,-93.29808758759037,-0.22577851530376636,13.287949323654175,184.0,45.0,-103.84971347610741,2.482341423641458,31.56430656196395
./csi-dataset/homeoffice-communication-28G-csi/t16x16_r2x1_test_small/seed7802-epoch27-34.mat,-96.49526881990371,141.0,74.0,-147.54001235608663,0.23781774302176273,9.233929634094238,274.0,21.0,-116.45584987409576,51.04474353618292,88.71697300750039
./csi-dataset/homeoffice-communication-28G-csi/t16x16_r2x1_test_small/seed7850-epoch1-97.mat,-109.6240796140652,186.0,56.0,-128.180052314328,0.21035106073530818,9.396386623382568,169.0,50.0,-126.27690878346228,18.555972700262814,14.811536249242803
./csi-dataset/homeoffice-communication-28G-csi/t16x16_r2x1_test_small/seed79-epoch0-80.mat,-97.945164562422,12.0,52.0,-98.03369796226258,0.12520136504803947,13.674176454544067,12.0,52.0,-109.88155134688088,0.0885333998405855,0.0
./csi-dataset/homeoffice-communication-28G-csi/t16x16_r2x1_test_small/seed79-epoch1-15.mat,-87.81822502515888,291.0,49.0,-88.09778115839558,-0.04483787876393652,11.220596551895142,290.0,49.0,-102.06901962680233,0.2795561332366958,0.7547054571971609
./csi-dataset/homeoffice-communication-28G-csi/t16x16_r2x1_test_small/seed79-epoch34-49.mat,-91.92820875218524,33.0,56.0,-115.01851758479725,-0.4128173956531045,14.259828567504883,76.0,32.0,-109.7692601077795,23.09030883261201,37.295321044113855
./csi-dataset/homeoffice-communication-28G-csi/t16x16_r2x1_test_small/seed79-epoch34-72.mat,-94.55050183993784,316.0,33.0,-133.10574976263578,0.12568517136188195,10.74768352508545,130.0,30.0,-109.71681216254865,38.555247922697944,62.90402979821555
./csi-dataset/homeoffice-communication-28G-csi/t16x16_r2x1_test_small/seed79-epoch55-64.mat,-87.93446965762313,269.0,55.0,-124.10375318506641,0.27256869145909823,14.083821296691895,127.0,69.0,-106.29043515702116,36.169283527443284,113.39547024338127
./csi-dataset/homeoffice-communication-28G-csi/t16x16_r2x1_test_small/seed7910-epoch22-77.mat,-87.24861995371194,264.0,45.0,-87.36460491978531,0.14836239672778295,14.878539085388184,264.0,45.0,-99.51581095281921,0.11598496607336983,0.0
./csi-dataset/homeoffice-communication-28G-csi/t16x16_r2x1_test_small/seed7910-epoch45-94.mat,-79.44270817413398,104.0,8.0,-110.55136010810747,-0.38404228598313184,11.840553522109985,96.0,66.0,-97.15289757889013,31.10865193397349,58.08355817835872
./csi-dataset/homeoffice-communication-28G-csi/t16x16_r2x1_test_small/seed7910-epoch46-54.mat,-88.21112116285677,239.0,54.0,-128.05428322064162,0.008456014422875024,11.956409692764282,289.0,21.0,-106.41789505175376,39.84316205778485,42.683869064541874
./csi-dataset/homeoffice-communication-28G-csi/t16x16_r2x1_test_small/seed7910-epoch7-16.mat,-90.76004662504504,110.0,62.0,-90.89069369407542,-0.1552836089123446,10.903407096862793,110.0,62.0,-103.74915686476335,0.13064706903038825,0.0
./csi-dataset/homeoffice-communication-28G-csi/t16x16_r2x1_test_small/seed7910-epoch7-74.mat,-89.0002096989518,4.0,70.0,-89.05599561358136,-0.39762656798864504,12.679744720458984,4.0,72.0,-101.36902954665531,0.055785914629552735,2.0000000000003118
./csi-dataset/homeoffice-communication-28G-csi/t16x16_r2x1_test_small/seed7910-epoch70-27.mat,-91.60448830907164,351.0,69.0,-91.61045524603436,-0.4827679625157,13.270398378372192,352.0,70.0,-107.04087442557453,0.005966936962721547,1.3701534390591796
./csi-dataset/homeoffice-communication-28G-csi/t16x16_r2x1_test_small/seed7910-epoch70-29.mat,-81.64206864190832,15.0,33.0,-81.68601038120143,-0.05331122333106575,12.805651664733887,15.0,34.0,-95.2271373106858,0.04394173929310341,0.9999999999999002
./csi-dataset/homeoffice-communication-28G-csi/t16x16_r2x1_test_small/seed7910-epoch70-8.mat,-103.11575835466942,29.0,23.0,-103.17370838208092,-0.0007457119743803364,8.791528940200806,31.0,23.0,-116.40718152552127,0.057950027411493465,0.7814286394227185
./csi-dataset/homeoffice-communication-28G-csi/t16x16_r2x1_test_small/seed7910-epoch70-88.mat,-87.50394981060165,292.0,73.0,-87.76645546796743,-0.10641275438085396,13.421510457992554,292.0,71.0,-100.56599495974518,0.2625056573657787,2.0000000000001297
./csi-dataset/homeoffice-communication-28G-csi/t16x16_r2x1_test_small/seed7936-epoch10-75.mat,-85.52844690272364,197.0,61.0,-86.08457275492795,-0.33706236175220394,13.924954175949097,196.0,60.0,-96.24732952091848,0.5561258522043033,1.32569856241122
./csi-dataset/homeoffice-communication-28G-csi/t16x16_r2x1_test_small/seed7936-epoch10-84.mat,-91.2192893771527,195.0,67.0,-91.49094514903653,0.19514121175483257,11.253232479095459,195.0,66.0,-103.84463075690425,0.27165577188382883,0.9999999999999002
./csi-dataset/homeoffice-communication-28G-csi/t16x16_r2x1_test_small/seed7936-epoch8-45.mat,-87.11264474815657,315.0,25.0,-118.10950184054226,-0.1359397454275122,14.189886331558228,25.0,11.0,-104.97304226897586,30.996857092385696,23.474615438929522
./csi-dataset/homeoffice-communication-28G-csi/t16x16_r2x1_test_small/seed8024-epoch0-9.mat,-93.7008511106074,163.0,33.0,-94.00757236464005,-0.038426680938614455,10.330894947052002,162.0,34.0,-107.59493895435845,0.30672125403265227,1.142177030716677
./csi-dataset/homeoffice-communication-28G-csi/t16x16_r2x1_test_small/seed8024-epoch0-97.mat,-86.10585129786266,217.0,41.0,-86.64051689795838,-0.1563685568599893,14.375832080841064,283.0,27.0,-96.83277177493781,0.5346656000957211,37.47720621859484
./csi-dataset/homeoffice-communication-28G-csi/t16x16_r2x1_test_small/seed8024-epoch1-92.mat,-87.50224538492026,78.0,32.0,-88.69493825050183,-0.3649664534490993,14.531330585479736,81.0,34.0,-101.86750980551409,1.1926928655815772,2.5820644286119614
./csi-dataset/homeoffice-communication-28G-csi/t16x16_r2x1_test_small/seed8024-epoch31-61.mat,-104.73076701528902,68.0,16.0,-105.12415888782746,0.08698675694382663,10.094573020935059,71.0,15.0,-117.0479542808814,0.39339187253844443,1.2813891498816365
./csi-dataset/homeoffice-communication-28G-csi/t16x16_r2x1_test_small/seed8024-epoch31-97.mat,-77.85928854057717,347.0,26.0,-77.84842590950936,0.06634736845505995,14.137844562530518,348.0,26.0,-90.11112327950954,-0.010862631067809048,0.43836665202310754
./csi-dataset/homeoffice-communication-28G-csi/t16x16_r2x1_test_small/seed8024-epoch55-25.mat,-90.97975927883786,201.0,21.0,-119.02450895508485,0.014212060569725349,11.492408514022827,201.0,66.0,-105.11805052706039,28.044749676246994,45.0
./csi-dataset/homeoffice-communication-28G-csi/t16x16_r2x1_test_small/seed8024-epoch55-70.mat,-89.27589371341732,7.0,41.0,-89.46008938036172,-0.4941384342884432,13.227966070175171,8.0,41.0,-101.76567919831946,0.18419566694440448,0.6560542860149853
./csi-dataset/homeoffice-communication-28G-csi/t16x16_r2x1_test_small/seed8024-epoch56-49.mat,-91.04818553626367,312.0,59.0,-91.17240140568893,-0.1316479568860338,12.032469034194946,312.0,59.0,-102.473346620709,0.12421586942525664,0.0
./csi-dataset/homeoffice-communication-28G-csi/t16x16_r2x1_test_small/seed8024-epoch56-65.mat,-84.79486504074688,40.0,41.0,-84.78427022578428,0.11718096601990269,13.119140863418579,40.0,41.0,-96.49853984286013,-0.010594814962601617,8.537736462515939e-07
./csi-dataset/homeoffice-communication-28G-csi/t16x16_r2x1_test_small/seed8165-epoch18-61.mat,-80.16793062235624,72.0,13.0,-80.27487926163269,-0.08809176125460794,13.905429124832153,70.0,13.0,-93.23884540245793,0.10694863927645315,0.44988042337059964
./csi-dataset/homeoffice-communication-28G-csi/t16x16_r2x1_test_small/seed8165-epoch18-7.mat,-93.99944144289272,164.0,51.0,-97.46728079614334,-0.10121203542314028,9.661824703216553,28.0,38.0,-107.10540654877235,3.467839353250625,81.27241240318651
./csi-dataset/homeoffice-communication-28G-csi/t16x16_r2x1_test_small/seed8165-epoch19-79.mat,-79.82351249236372,102.0,72.0,-130.33963565368714,-0.3117870986460667,15.94899845123291,191.0,54.0,-97.37205048724132,50.51612316132342,78.7515448098074
./csi-dataset/homeoffice-communication-28G-csi/t16x16_r2x1_test_small/seed8165-epoch19-96.mat,-88.93360386958014,349.0,69.0,-133.79817588431698,0.17230184452647268,12.411927223205566,314.0,40.0,-105.6310803946252,44.86457201473684,39.995587242068524
./csi-dataset/homeoffice-communication-28G-csi/t16x16_r2x1_test_small/seed8165-epoch40-33.mat,-81.9992177478227,120.0,12.0,-117.47129319465252,0.06466332793492113,13.300164937973022,115.0,75.0,-98.04185843737281,35.47207544682982,63.04913135516358
./csi-dataset/homeoffice-communication-28G-csi/t16x16_r2x1_test_small/seed8165-epoch40-73.mat,-111.46522840415058,259.0,19.0,-147.46212900602808,-0.02522363099953373,10.404931783676147,341.0,23.0,-127.37712147345222,35.9969006018775,27.369704552245754
./csi-dataset/homeoffice-communication-28G-csi/t16x16_r2x1_test_small/seed8165-epoch42-8.mat,-85.45335817745537,187.0,62.0,-113.87175424702569,0.10586963272985861,14.021292924880981,220.0,60.0,-105.65155097729931,28.41839606957032,28.832952681827766
./csi-dataset/homeoffice-communication-28G-csi/t16x16_r2x1_test_small/seed8235-epoch1-38.mat,-91.70951320642271,341.0,54.0,-92.16605991851155,0.05953696634147854,12.707044124603271,341.0,56.0,-107.07789265368083,0.4565467120888371,1.999999999999765
./csi-dataset/homeoffice-communication-28G-csi/t16x16_r2x1_test_small/seed8235-epoch1-62.mat,-108.44429071918636,51.0,59.0,-148.27266390665812,0.0062309164141062245,10.57040286064148,239.0,44.0,-124.47350846003215,39.82837318747177,102.6594825956871
./csi-dataset/homeoffice-communication-28G-csi/t16x16_r2x1_test_small/seed8235-epoch1-69.mat,-91.06922188751476,231.0,41.0,-91.45607301154021,-0.6897787796537058,13.670100450515747,231.0,40.0,-103.18865405558726,0.38685112402545485,1.0000000000006293
./csi-dataset/homeoffice-communication-28G-csi/t16x16_r2x1_test_small/seed8235-epoch36-69.mat,-94.3948172165493,255.0,42.0,-94.52115308779467,-0.2004930193530372,11.7709801197052,255.0,43.0,-107.92688865345949,0.1263358712453737,0.9999999999999002
./csi-dataset/homeoffice-communication-28G-csi/t16x16_r2x1_test_small/seed8235-epoch36-82.mat,-88.93268574184395,83.0,32.0,-144.20990092008128,-0.7626390446175932,12.387676000595093,221.0,70.0,-108.78081502703071,55.27721517823733,94.58901259593024
./csi-dataset/homeoffice-communication-28G-csi/t16x16_r2x1_test_small/seed8235-epoch62-6.mat,-91.58737928486892,164.0,39.0,-133.4856776806576,0.0012979033157066722,11.402240991592407,114.0,76.0,-107.85760763909533,41.898298395788686,54.51343650131068
./csi-dataset/homeoffice-communication-28G-csi/t16x16_r2x1_test_small/seed8235-epoch62-93.mat,-107.02213396781757,27.0,64.0,-128.07859611469493,0.03759855758825392,12.24853253364563,59.0,28.0,-120.00781249487707,21.056462146877365,41.84952088625362
./csi-dataset/homeoffice-communication-28G-csi/t16x16_r2x1_test_small/seed8303-epoch17-31.mat,-69.46859326443067,19.0,25.0,-69.78073566853038,-0.48965077411439384,14.00668740272522,17.0,24.0,-84.9450147167699,0.31214240409971694,1.2990590537751754
./csi-dataset/homeoffice-communication-28G-csi/t16x16_r2x1_test_small/seed8303-epoch18-66.mat,-88.07420550470042,290.0,42.0,-119.96247748014609,-0.5094338361434352,13.161394357681274,16.0,73.0,-102.75485431376403,31.888271975445676,74.81650471974326
./csi-dataset/homeoffice-communication-28G-csi/t16x16_r2x1_test_small/seed8303-epoch37-37.mat,-93.67957074544825,32.0,24.0,-93.89132461579831,0.10847779490771536,11.400751113891602,30.0,25.0,-104.05876763362961,0.21175387035006565,1.2990590537751754
./csi-dataset/homeoffice-communication-28G-csi/t16x16_r2x1_test_small/seed8303-epoch39-40.mat,-81.05360190626345,335.0,50.0,-81.4024779755594,-0.1474286333296202,14.576220512390137,335.0,49.0,-93.30397175483637,0.3488760692959545,0.9999999999999002
./csi-dataset/homeoffice-communication-28G-csi/t16x16_r2x1_test_small/seed8303-epoch39-82.mat,-83.00806490711715,356.0,42.0,-83.17079222355815,-0.18432514787622623,12.13247537612915,356.0,43.0,-99.11964429982021,0.16272731644100702,0.9999999999999002
./csi-dataset/homeoffice-communication-28G-csi/t16x16_r2x1_test_small/seed8303-epoch61-51.mat,-97.0912269713228,107.0,32.0,-97.07660837793311,-0.2538281137857952,9.518386840820312,107.0,32.0,-111.8418862056575,-0.01461859338968452,8.537736462515939e-07
./csi-dataset/homeoffice-communication-28G-csi/t16x16_r2x1_test_small/seed8303-epoch61-70.mat,-93.6148489001443,332.0,46.0,-94.4392370199182,-0.6186945366850762,13.252593040466309,50.0,74.0,-107.2092214985523,0.8243881197739,70.41291075166602
./csi-dataset/homeoffice-communication-28G-csi/t16x16_r2x1_test_small/seed8303-epoch63-79.mat,-91.59433428229757,352.0,54.0,-91.78035853925942,0.11741359109766902,13.38705062866211,352.0,54.0,-106.27312942069204,0.18602425696185776,0.0
./csi-dataset/homeoffice-communication-28G-csi/t16x16_r2x1_test_small/seed8303-epoch83-35.mat,-90.64079969178222,140.0,39.0,-91.19247973123711,0.1704074332707015,13.482325315475464,142.0,38.0,-106.11557700931478,0.5516800394548937,1.596801668977735
./csi-dataset/homeoffice-communication-28G-csi/t16x16_r2x1_test_small/seed8303-epoch84-32.mat,-80.17054960650898,22.0,57.0,-125.29714695130282,-0.0009372899705180071,14.695428133010864,94.0,36.0,-97.65419772126484,45.126597344793836,53.63303620874065
./csi-dataset/homeoffice-communication-28G-csi/t16x16_r2x1_test_small/seed8303-epoch84-55.mat,-86.21893815061115,143.0,52.0,-86.34432733559842,-0.19494088434869306,13.645192384719849,144.0,52.0,-101.4110723878339,0.12538918498727014,0.7880069624891246
./csi-dataset/homeoffice-communication-28G-csi/t16x16_r2x1_test_small/seed8340-epoch19-100.mat,-88.19343730798747,76.0,39.0,-88.66341046352979,-0.018754346477303008,11.888902187347412,75.0,41.0,-101.9170101120138,0.4699731555423199,2.100702032237135
./csi-dataset/homeoffice-communication-28G-csi/t16x16_r2x1_test_small/seed8340-epoch2-58.mat,-93.427474186123,111.0,30.0,-93.77249964574204,-0.19178586248594587,13.504138708114624,112.0,29.0,-102.41073373581612,0.34502545961903763,1.1146355706854914
./csi-dataset/homeoffice-communication-28G-csi/t16x16_r2x1_test_small/seed8340-epoch2-92.mat,-97.9913924005668,351.0,64.0,-118.6035393264806,-0.46172511151825546,12.251530170440674,136.0,39.0,-116.98472323309502,20.612146925913805,97.04553576499472
./csi-dataset/homeoffice-communication-28G-csi/t16x16_r2x1_test_small/seed8413-epoch11-84.mat,-81.669048196765,286.0,62.0,-112.54990825311879,-0.16036238151050353,13.143178224563599,321.0,43.0,-100.47482479157075,30.880860056353782,33.215351002746374
./csi-dataset/homeoffice-communication-28G-csi/t16x16_r2x1_test_small/seed8456-epoch0-49.mat,-86.51716841474612,144.0,7.0,-86.49978375127753,0.3487080938224886,11.642208099365234,145.0,7.0,-98.77989062510034,-0.017384663468590134,0.12186781957148683
./csi-dataset/homeoffice-communication-28G-csi/t16x16_r2x1_test_small/seed8456-epoch1-27.mat,-93.37044885467948,251.0,45.0,-94.06783705032338,0.2321650056336949,10.888604640960693,252.0,43.0,-108.9120829957013,0.6973881956438959,2.117153106140247
./csi-dataset/homeoffice-communication-28G-csi/t16x16_r2x1_test_small/seed8456-epoch32-29.mat,-103.39361619669354,174.0,60.0,-123.42865816003288,-0.011916023567213108,9.231764078140259,328.0,15.0,-122.78740242454685,20.03504196333934,73.65002693161607
./csi-dataset/homeoffice-communication-28G-csi/t16x16_r2x1_test_small/seed8456-epoch32-47.mat,-85.84710211720838,212.0,67.0,-86.08504045088279,0.18708462213201782,11.097146272659302,213.0,66.0,-100.36560294251105,0.23793833367440698,1.356820668949606
./csi-dataset/homeoffice-communication-28G-csi/t16x16_r2x1_test_small/seed8456-epoch35-31.mat,-88.73808043380215,263.0,71.0,-88.76953410214963,-0.04514895327700219,13.720025777816772,264.0,72.0,-102.72603628560526,0.03145366834748131,1.3781454783867997
./csi-dataset/homeoffice-communication-28G-csi/t16x16_r2x1_test_small/seed8456-epoch56-41.mat,-91.5619430341538,162.0,67.0,-91.90674406760819,-0.2024849620715201,13.441567182540894,161.0,67.0,-105.00402530681441,0.34480103345438806,0.9205030696913519
./csi-dataset/homeoffice-communication-28G-csi/t16x16_r2x1_test_small/seed8456-epoch56-43.mat,-94.0176716399686,41.0,41.0,-128.9266829978477,0.23755371568413497,11.586739540100098,317.0,65.0,-112.35098779601779,34.90901135787911,67.59780614510598
./csi-dataset/homeoffice-communication-28G-csi/t16x16_r2x1_test_small/seed8456-epoch56-53.mat,-88.78607273315147,99.0,54.0,-88.83045873123372,0.2703575794943698,14.226945400238037,99.0,54.0,-101.63380651937123,0.04438599808224808,0.0
./csi-dataset/homeoffice-communication-28G-csi/t16x16_r2x1_test_small/seed8456-epoch56-82.mat,-92.94560395273152,323.0,62.0,-93.96884772002714,-0.2412636541296178,12.88142466545105,322.0,65.0,-107.3658568235405,1.0232437672956252,3.1305884412822347
./csi-dataset/homeoffice-communication-28G-csi/t16x16_r2x1_test_small/seed8456-epoch56-88.mat,-90.97468528590775,24.0,51.0,-90.9865084567345,-0.27537525586007927,14.688129186630249,24.0,51.0,-104.58303993674417,0.011823170826744445,0.0
./csi-dataset/homeoffice-communication-28G-csi/t16x16_r2x1_test_small/seed8456-epoch78-41.mat,-88.01733379571414,314.0,48.0,-91.864769751366,0.1348895962980522,13.07446551322937,348.0,71.0,-102.08347743277015,3.8474359556518607,36.83389445380513
./csi-dataset/homeoffice-communication-28G-csi/t16x16_r2x1_test_small/seed8456-epoch78-83.mat,-85.05761018502555,6.0,69.0,-129.3579886540204,0.1536926699331289,13.287317037582397,331.0,21.0,-102.36729810524601,44.30037846899485,52.50984100993215
./csi-dataset/homeoffice-communication-28G-csi/t16x16_r2x1_test_small/seed850-epoch2-20.mat,-89.92793334799876,3.0,30.0,-142.4315525524661,-0.2620851701518718,12.399452209472656,260.0,59.0,-105.48412196082893,52.50361920446733,69.53557624977137
./csi-dataset/homeoffice-communication-28G-csi/t16x16_r2x1_test_small/seed850-epoch20-17.mat,-84.29520144193799,264.0,25.0,-84.29022852300736,0.14430213901532007,13.16304326057434,264.0,25.0,-95.81122217669426,-0.004972918930633341,0.0
./csi-dataset/homeoffice-communication-28G-csi/t16x16_r2x1_test_small/seed850-epoch44-92.mat,-89.36155575172192,336.0,66.0,-89.75547942701505,-0.5475296365801392,10.444350719451904,336.0,67.0,-102.41596036682702,0.39392367529312367,0.9999999999995357
./csi-dataset/homeoffice-communication-28G-csi/t16x16_r2x1_test_small/seed850-epoch46-24.mat,-87.99826467477702,239.0,68.0,-138.92935878487305,0.18103825774775373,13.243689060211182,323.0,58.0,-109.83870917607481,50.931094110096026,73.69791623600003
./csi-dataset/homeoffice-communication-28G-csi/t16x16_r2x1_test_small/seed850-epoch46-58.mat,-87.1741620165397,60.0,57.0,-142.8590422982826,0.18444533467009006,12.312824249267578,166.0,26.0,-105.73665227217317,55.68488028174289,67.1586660740563
./csi-dataset/homeoffice-communication-28G-csi/t16x16_r2x1_test_small/seed850-epoch68-71.mat,-89.12465856949063,64.0,38.0,-89.19386851286156,-0.24349788444704767,13.526235342025757,65.0,39.0,-101.78783923525584,0.06920994337092168,1.1779057547174527
./csi-dataset/homeoffice-communication-28G-csi/t16x16_r2x1_test_small/seed850-epoch69-19.mat,-93.41171320334732,2.0,55.0,-102.86788455628621,-0.14057676022973054,11.900551319122314,349.0,53.0,-108.22493493233509,9.456171352938895,10.69665844188446
./csi-dataset/homeoffice-communication-28G-csi/t16x16_r2x1_test_small/seed8551-epoch22-16.mat,-89.19100486585339,14.0,32.0,-133.17142955448313,-0.23980470524993436,14.49082088470459,270.0,1.0,-105.58102749238324,43.98042468862974,32.25496777474947
./csi-dataset/homeoffice-communication-28G-csi/t16x16_r2x1_test_small/seed8551-epoch24-22.mat,-73.83827165456584,286.0,64.0,-74.08688180791465,0.2062351343637655,13.925707817077637,286.0,64.0,-88.05580725059491,0.24861015334880676,0.0
./csi-dataset/homeoffice-communication-28G-csi/t16x16_r2x1_test_small/seed8551-epoch45-10.mat,-77.81035881567664,184.0,50.0,-77.92753223728016,-0.16606495766288898,13.013144493103027,184.0,51.0,-91.29014556396784,0.11717342160352473,0.9999999999999002
./csi-dataset/homeoffice-communication-28G-csi/t16x16_r2x1_test_small/seed8551-epoch45-58.mat,-82.68004917743465,196.0,61.0,-82.81174945553657,0.08221021417201912,12.877143621444702,196.0,61.0,-94.39704086005882,0.13170027810191698,1.2074182697257333e-06
./csi-dataset/homeoffice-communication-28G-csi/t16x16_r2x1_test_small/seed8551-epoch47-18.mat,-87.14096292362763,89.0,14.0,-130.51489228895812,0.2076744109224391,12.216654062271118,97.0,67.0,-107.5495152553517,43.3739293653305,53.155321465770676
./csi-dataset/homeoffice-communication-28G-csi/t16x16_r2x1_test_small/seed8551-epoch47-44.mat,-91.28253312576624,49.0,59.0,-91.29686279948339,0.1256278332604821,11.219622135162354,49.0,59.0,-104.93377589317448,0.014329673717156766,0.0
./csi-dataset/homeoffice-communication-28G-csi/t16x16_r2x1_test_small/seed8551-epoch47-50.mat,-90.57832838204128,161.0,62.0,-90.80505439307944,0.07731674561314128,12.052082061767578,161.0,64.0,-105.2990233154094,0.22672601103816703,1.9999999999999472
./csi-dataset/homeoffice-communication-28G-csi/t16x16_r2x1_test_small/seed8551-epoch47-63.mat,-85.28267023836986,156.0,18.0,-128.34843734256106,-0.11002263280537217,10.655914783477783,81.0,38.0,-105.60881857893635,43.065767104191195,36.995473830033355
./csi-dataset/homeoffice-communication-28G-csi/t16x16_r2x1_test_small/seed8551-epoch69-15.mat,-89.82889676873283,246.0,42.0,-90.04599949563969,-0.7665772622872855,13.86836290359497,246.0,42.0,-102.31833673024877,0.21710272690685883,0.0
./csi-dataset/homeoffice-communication-28G-csi/t16x16_r2x1_test_small/seed8551-epoch69-64.mat,-72.99182960459301,61.0,42.0,-73.00581882544006,-0.21472070373556496,12.926836490631104,61.0,42.0,-87.57100016108188,0.013989220847051342,0.0
./csi-dataset/homeoffice-communication-28G-csi/t16x16_r2x1_test_small/seed856-epoch22-73.mat,-89.63436198100385,167.0,69.0,-89.76990829312784,-0.2343269728580717,14.204328298568726,167.0,68.0,-100.59479383743397,0.13554631212399215,0.9999999999999002
./csi-dataset/homeoffice-communication-28G-csi/t16x16_r2x1_test_small/seed856-epoch22-78.mat,-84.88319924593192,43.0,12.0,-94.07941119023549,-0.3065745723233182,13.670781135559082,338.0,8.0,-104.78248122990519,9.19621194430357,11.228888743343685
./csi-dataset/homeoffice-communication-28G-csi/t16x16_r2x1_test_small/seed856-epoch23-19.mat,-91.80443343495278,229.0,61.0,-107.57572674889164,0.22357762918624624,9.215947151184082,38.0,1.0,-105.44298444097686,15.771293313938855,61.981799860944015
./csi-dataset/homeoffice-communication-28G-csi/t16x16_r2x1_test_small/seed8595-epoch19-11.mat,-85.04171767919247,20.0,24.0,-85.05164519319912,0.030491749104338717,14.158594369888306,20.0,24.0,-99.40122245612613,0.009927514006648153,8.537736462515939e-07
./csi-dataset/homeoffice-communication-28G-csi/t16x16_r2x1_test_small/seed8595-epoch19-20.mat,-105.4367307304009,342.0,73.0,-105.70120443985302,0.09867343493034975,10.257708311080933,342.0,71.0,-117.26557912862935,0.264473709452119,1.9999999999999472
./csi-dataset/homeoffice-communication-28G-csi/t16x16_r2x1_test_small/seed8595-epoch2-59.mat,-89.40107528668172,276.0,67.0,-131.29326877502353,0.14792330182971136,12.550689697265625,311.0,1.0,-104.89787607994124,41.89219348834182,66.1820878891997
./csi-dataset/homeoffice-communication-28G-csi/t16x16_r2x1_test_small/seed8595-epoch2-64.mat,-96.65940567452095,238.0,41.0,-96.75578844606733,0.11868871995727026,13.468029022216797,239.0,41.0,-108.65975642982342,0.09638277154637365,0.6560542860149853
./csi-dataset/homeoffice-communication-28G-csi/t16x16_r2x1_test_small/seed8661-epoch15-7.mat,-89.06176952716379,148.0,8.0,-89.10161115779428,-0.23425733368184587,13.880714416503906,146.0,8.0,-101.7288300361215,0.039841630630490954,0.2783323442917796
./csi-dataset/homeoffice-communication-28G-csi/t16x16_r2x1_test_small/seed8669-epoch12-62.mat,-83.6317977722706,265.0,73.0,-84.05213130789298,0.21458267035466072,12.757234334945679,265.0,71.0,-97.41979936407076,0.4203335356223761,2.0000000000001297
./csi-dataset/homeoffice-communication-28G-csi/t16x16_r2x1_test_small/seed8669-epoch35-57.mat,-79.93344659133713,321.0,43.0,-126.27596399644871,0.11303057144626139,14.153411388397217,145.0,71.0,-97.52823292678129,46.34251740511158,113.90151994995027
./csi-dataset/homeoffice-communication-28G-csi/t16x16_r2x1_test_small/seed8669-epoch35-58.mat,-94.08989789373112,279.0,69.0,-134.23916663996818,0.0035142885909329458,11.779500007629395,336.0,56.0,-108.98005597252173,40.149268746237055,51.542580163887884
./csi-dataset/homeoffice-communication-28G-csi/t16x16_r2x1_test_small/seed8669-epoch36-78.mat,-79.23813569195457,241.0,16.0,-79.94351385419657,-0.045656630286500244,13.726088285446167,236.0,16.0,-94.46856571933309,0.705378162241999,1.3777827042780042
./csi-dataset/homeoffice-communication-28G-csi/t16x16_r2x1_test_small/seed8669-epoch36-8.mat,-97.1202285117244,28.0,28.0,-103.49512965904705,0.2721209447663807,9.892180442810059,348.0,71.0,-111.74857135397613,6.374901147322646,51.13392009750771
./csi-dataset/homeoffice-communication-28G-csi/t16x16_r2x1_test_small/seed8669-epoch36-80.mat,-82.11534768835621,188.0,65.0,-82.67447584308208,-0.04961798683661711,13.512584209442139,187.0,64.0,-96.16038986518328,0.5591281547258689,1.3470789017465334
./csi-dataset/homeoffice-communication-28G-csi/t16x16_r2x1_test_small/seed8669-epoch57-13.mat,-96.33439229185936,20.0,61.0,-133.41593145940047,0.03517600882177985,11.51264476776123,270.0,10.0,-112.27105170861262,37.08153916754111,64.81771064344387
./csi-dataset/homeoffice-communication-28G-csi/t16x16_r2x1_test_small/seed8669-epoch59-61.mat,-85.43816278630018,81.0,57.0,-85.73243104722742,-0.2740735435667554,12.793367385864258,82.0,56.0,-101.51477206137389,0.29426826092723957,1.3020442907408076
./csi-dataset/homeoffice-communication-28G-csi/t16x16_r2x1_test_small/seed8669-epoch59-7.mat,-93.87224953281353,189.0,64.0,-97.38597991489624,0.21469635214331106,12.332381010055542,169.0,52.0,-107.0869452516514,3.513730382082713,20.701571714734634
./csi-dataset/homeoffice-communication-28G-csi/t16x16_r2x1_test_small/seed8763-epoch41-51.mat,-81.62919056934497,214.0,46.0,-140.01793818248416,-0.10851069597494778,13.882722854614258,66.0,53.0,-99.46366109461638,58.38874761313919,93.96456841121874
./csi-dataset/homeoffice-communication-28G-csi/t16x16_r2x1_test_small/seed8775-epoch24-30.mat,-84.89827269587566,256.0,59.0,-85.89950539114051,-0.11206389102416403,12.52592945098877,255.0,58.0,-100.86612571310205,1.0012326952648465,1.3141350637034173
./csi-dataset/homeoffice-communication-28G-csi/t16x16_r2x1_test_small/seed8775-epoch49-28.mat,-83.6533245053187,159.0,24.0,-83.70676564454193,-0.26956872718678393,12.83753228187561,160.0,24.0,-98.54927613688835,0.053441139223238565,0.4067323346576899
./csi-dataset/homeoffice-communication-28G-csi/t16x16_r2x1_test_small/seed8775-epoch5-76.mat,-80.52745620062964,303.0,35.0,-106.0681952267849,-0.5823505745295445,12.831532001495361,11.0,23.0,-98.65984168804347,25.54073902615525,33.071728557282654
./csi-dataset/homeoffice-communication-28G-csi/t16x16_r2x1_test_small/seed8775-epoch73-39.mat,-89.10006247022318,250.0,25.0,-89.12744002134377,-0.12742408302711605,14.129042863845825,250.0,25.0,-101.82219188515943,0.027377551120594035,0.0
./csi-dataset/homeoffice-communication-28G-csi/t16x16_r2x1_test_small/seed8775-epoch73-47.mat,-92.58269503995665,212.0,60.0,-92.80006630497901,-0.24606866901547053,12.677241086959839,212.0,59.0,-107.02011425863121,0.21737126502236492,0.9999999999999002
./csi-dataset/homeoffice-communication-28G-csi/t16x16_r2x1_test_small/seed8775-epoch73-53.mat,-84.49165565655532,270.0,34.0,-96.15720526797696,-0.0282936732008765,12.969287872314453,196.0,60.0,-99.38971482962265,11.665549611421639,56.7698725105433
./csi-dataset/homeoffice-communication-28G-csi/t16x16_r2x1_test_small/seed8859-epoch15-67.mat,-89.99544561746872,327.0,71.0,-121.64230519947341,0.1241403487060565,9.613803148269653,211.0,57.0,-105.14695576477321,31.646859582004694,99.80536756782827
./csi-dataset/homeoffice-communication-28G-csi/t16x16_r2x1_test_small/seed8895-epoch20-1.mat,-99.78440164730318,4.0,49.0,-100.35443606992929,0.012208661406083676,10.180328845977783,4.0,48.0,-112.93384375074234,0.570034422626108,0.9999999999999002
./csi-dataset/homeoffice-communication-28G-csi/t16x16_r2x1_test_small/seed8895-epoch20-8.mat,-79.34367061480997,110.0,58.0,-122.42157450913489,-0.41598258631508167,12.818446397781372,73.0,45.0,-97.99155258850044,43.07790389432492,31.39241947311004
./csi-dataset/homeoffice-communication-28G-csi/t16x16_r2x1_test_small/seed8895-epoch42-23.mat,-90.08329228317636,223.0,66.0,-90.40280873465042,-0.09702714139784163,10.890836477279663,223.0,65.0,-105.77161618104817,0.31951645147405827,0.9999999999999002
./csi-dataset/homeoffice-communication-28G-csi/t16x16_r2x1_test_small/seed8895-epoch65-22.mat,-103.0855320316652,191.0,56.0,-150.02522976270023,0.2003975266402992,8.700124263763428,124.0,52.0,-120.42020179255096,46.93969773103504,53.16343614525445
./csi-dataset/homeoffice-communication-28G-csi/t16x16_r2x1_test_small/seed8895-epoch65-3.mat,-107.80320150724546,327.0,45.0,-108.53765486057964,-0.022595156068166533,10.314237594604492,40.0,32.0,-117.49938162513965,0.7344533533341746,44.828917254076146
./csi-dataset/homeoffice-communication-28G-csi/t16x16_r2x1_test_small/seed8895-epoch65-43.mat,-98.5305438657228,152.0,49.0,-98.65355140952633,0.0905033789477212,12.895188093185425,153.0,49.0,-112.55521172061863,0.1230075438035243,0.7547054571971609
./csi-dataset/homeoffice-communication-28G-csi/t16x16_r2x1_test_small/seed8950-epoch29-48.mat,-87.7314870838471,315.0,45.0,-88.28920098339289,0.025634892062906034,12.545475006103516,314.0,44.0,-102.08795633252647,0.5577138995457886,1.221153650840176
./csi-dataset/homeoffice-communication-28G-csi/t16x16_r2x1_test_small/seed8950-epoch29-71.mat,-92.68843924559904,223.0,65.0,-93.93587966680391,0.11801863440519345,10.597419738769531,244.0,52.0,-106.85056446366514,1.247440421204871,22.038104923751273
./csi-dataset/homeoffice-communication-28G-csi/t16x16_r2x1_test_small/seed8950-epoch3-31.mat,-99.89721669434996,72.0,34.0,-100.49332163928425,0.2606965466836805,12.201731443405151,72.0,33.0,-109.86934829232176,0.5961049449342823,0.9999999999999002
./csi-dataset/homeoffice-communication-28G-csi/t16x16_r2x1_test_small/seed8950-epoch3-6.mat,-88.16589963878413,356.0,50.0,-89.7853739400351,0.1903091807687124,10.626163244247437,354.0,49.0,-101.78365379818959,1.6194743012509747,1.8200501841060899
./csi-dataset/homeoffice-communication-28G-csi/t16x16_r2x1_test_small/seed8950-epoch3-8.mat,-97.87410152840184,126.0,57.0,-114.82942958742623,0.19258440491313045,10.283991575241089,135.0,57.0,-116.43802290842329,16.955328059024396,7.5457294565698225
./csi-dataset/homeoffice-communication-28G-csi/t16x16_r2x1_test_small/seed8963-epoch33-41.mat,-78.31377114867507,30.0,65.0,-79.10852846520426,-0.2441950296398432,13.577764749526978,28.0,67.0,-93.26164603012313,0.7947573165291857,2.708812387102893
./csi-dataset/homeoffice-communication-28G-csi/t16x16_r2x1_test_small/seed8963-epoch35-35.mat,-92.10030948963475,119.0,42.0,-92.134930261378,0.17286039273438392,13.150096416473389,119.0,43.0,-105.5639601090474,0.03462077174324918,1.0000000000002647
./csi-dataset/homeoffice-communication-28G-csi/t16x16_r2x1_test_small/seed8963-epoch35-58.mat,-84.61578904875223,342.0,52.0,-84.93989351912083,0.05847987084366968,12.823597431182861,342.0,52.0,-96.11745793991275,0.3241044703685958,0.0
./csi-dataset/homeoffice-communication-28G-csi/t16x16_r2x1_test_small/seed8963-epoch35-72.mat,-96.447511483394,346.0,76.0,-132.3339262947002,0.028473359783208085,11.756901502609253,296.0,32.0,-115.21230019215118,35.88641481130621,57.610713653823176
./csi-dataset/homeoffice-communication-28G-csi/t16x16_r2x1_test_small/seed8963-epoch60-70.mat,-87.24830598006315,27.0,39.0,-133.46409750465543,-0.3391564392958899,13.735212087631226,306.0,23.0,-103.95949205071534,46.21579152459228,41.076487824328595
./csi-dataset/homeoffice-communication-28G-csi/t16x16_r2x1_test_small/seed8963-epoch60-98.mat,-87.60098576820499,179.0,52.0,-87.75763196993269,0.22049096917369326,11.440927028656006,179.0,53.0,-99.9459406304061,0.15664620172769617,0.9999999999991713
./csi-dataset/homeoffice-communication-28G-csi/t16x16_r2x1_test_small/seed8963-epoch61-56.mat,-93.43125821213776,355.0,89.0,-135.66857862432363,0.038048873766876934,12.933259725570679,154.0,25.0,-110.07131142553563,42.237320412185866,112.2513728315294
./csi-dataset/homeoffice-communication-28G-csi/t16x16_r2x1_test_small/seed8963-epoch61-94.mat,-83.03951546922904,132.0,66.0,-133.90689740536945,0.31898586650005123,12.780165910720825,113.0,6.0,-105.15473347082741,50.867381936140404,60.34360271719493
./csi-dataset/homeoffice-communication-28G-csi/t16x16_r2x1_test_small/seed9041-epoch18-6.mat,-94.49892569538125,304.0,71.0,-95.07111890376045,0.32679982885756886,9.081989765167236,303.0,70.0,-109.11037583651057,0.5721932083792041,1.3742413997796028
./csi-dataset/homeoffice-communication-28G-csi/t16x16_r2x1_test_small/seed9041-epoch4-15.mat,-79.83987182124213,105.0,63.0,-79.8660676441306,-0.3198603167198977,12.621015787124634,105.0,63.0,-93.72928422250715,0.026195822888468,8.537736462515939e-07
./csi-dataset/homeoffice-communication-28G-csi/t16x16_r2x1_test_small/seed9041-epoch40-87.mat,-86.41406703621524,350.0,40.0,-86.94540296389015,-0.224169701797994,14.924007892608643,342.0,73.0,-100.20394648893935,0.5313359276749026,33.62410574550452
./csi-dataset/homeoffice-communication-28G-csi/t16x16_r2x1_test_small/seed9041-epoch60-14.mat,-96.90017377415826,359.0,40.0,-97.22320067359816,0.060408290215679505,10.635735988616943,356.0,29.0,-110.26156248990469,0.3230268994398955,11.127512222096666
./csi-dataset/homeoffice-communication-28G-csi/t16x16_r2x1_test_small/seed9041-epoch78-39.mat,-91.80545845646108,308.0,44.0,-92.33940300783715,0.11326236558266367,11.336633920669556,290.0,89.0,-102.68099246127866,0.5339445513760666,47.69221849266847
./csi-dataset/homeoffice-communication-28G-csi/t16x16_r2x1_test_small/seed9041-epoch78-81.mat,-78.74465695467131,28.0,65.0,-78.75430346467498,-0.3007858572666222,12.611892223358154,28.0,65.0,-92.2581968834262,0.009646510003662456,0.0
./csi-dataset/homeoffice-communication-28G-csi/t16x16_r2x1_test_small/seed9041-epoch78-86.mat,-88.11246121929577,191.0,11.0,-88.14154794440302,-0.08070836322065844,10.705836057662964,191.0,12.0,-102.94250637856476,0.029086725107248412,0.9999999999995357
./csi-dataset/homeoffice-communication-28G-csi/t16x16_r2x1_test_small/seed9041-epoch78-88.mat,-77.50781925362072,280.0,56.0,-77.70972803526654,-0.13329105405525987,12.014462232589722,280.0,58.0,-91.36303495451868,0.2019087816458125,2.0000000000001297
./csi-dataset/homeoffice-communication-28G-csi/t16x16_r2x1_test_small/seed9041-epoch80-22.mat,-104.66884542344452,94.0,34.0,-124.52631120651071,0.02623552192684009,9.33824634552002,96.0,60.0,-129.1563465043873,19.85746578306619,26.038531357833616
./csi-dataset/homeoffice-communication-28G-csi/t16x16_r2x1_test_small/seed9041-epoch80-61.mat,-94.03357783779563,243.0,65.0,-94.15888904245362,0.07225252850237407,12.93847131729126,243.0,65.0,-106.30369576821718,0.12531120465799006,0.0
./csi-dataset/homeoffice-communication-28G-csi/t16x16_r2x1_test_small/seed9041-epoch80-93.mat,-89.16072177680732,30.0,21.0,-89.25065734741753,-0.3544794231975634,14.90455436706543,28.0,21.0,-100.43974390399174,0.08993557061020852,0.716704183912905
./csi-dataset/homeoffice-communication-28G-csi/t16x16_r2x1_test_small/seed9049-epoch21-53.mat,-83.67619444277601,325.0,28.0,-83.78931136725188,0.10963392036990649,14.495645999908447,326.0,27.0,-95.1366591483445,0.11311692447587518,1.101427343591066
./csi-dataset/homeoffice-communication-28G-csi/t16x16_r2x1_test_small/seed9049-epoch21-62.mat,-81.51436563592596,1.0,73.0,-81.56408203920863,-0.7338197858108211,11.217192888259888,1.0,72.0,-95.3743551044016,0.04971640328267313,1.0000000000002647
./csi-dataset/homeoffice-communication-28G-csi/t16x16_r2x1_test_small/seed9049-epoch22-27.mat,-93.2249494279319,41.0,29.0,-93.44734588497559,-0.34747340367010837,13.051757097244263,42.0,28.0,-109.25498970594454,0.22239645704368627,1.107976273692604
./csi-dataset/homeoffice-communication-28G-csi/t16x16_r2x1_test_small/seed9049-epoch22-37.mat,-79.289262295776,282.0,40.0,-79.77335629346662,0.1362472252212431,10.815024137496948,281.0,41.0,-94.84789875833022,0.48409399769062134,1.1923597758459477
./csi-dataset/homeoffice-communication-28G-csi/t16x16_r2x1_test_small/seed9049-epoch22-9.mat,-80.7731408317572,8.0,15.0,-81.88809922790534,-0.19193734405467056,13.033901453018188,15.0,14.0,-95.57353724976707,1.1149583961481397,2.016101521638485
./csi-dataset/homeoffice-communication-28G-csi/t16x16_r2x1_test_small/seed907-epoch21-95.mat,-84.89590371688534,20.0,21.0,-85.11089849938186,0.19396754423756302,12.927096366882324,22.0,21.0,-100.53307176395424,0.21499478249651816,0.716704183912905
./csi-dataset/homeoffice-communication-28G-csi/t16x16_r2x1_test_small/seed9151-epoch5-24.mat,-92.82202639526324,165.0,48.0,-143.0808994162059,-0.055785471366224915,11.509177207946777,286.0,65.0,-109.36938123630794,50.25887302094267,93.67521193465214
./csi-dataset/homeoffice-communication-28G-csi/t16x16_r2x1_test_small/seed9151-epoch5-81.mat,-91.5085178652207,42.0,25.0,-91.71883205695373,0.08313506351428301,13.817948818206787,42.0,24.0,-104.29851730056845,0.21031419173303334,1.0000000000002647
./csi-dataset/homeoffice-communication-28G-csi/t16x16_r2x1_test_small/seed9151-epoch75-51.mat,-87.36646101165347,328.0,60.0,-87.4044399842795,-0.0463515005564048,12.59979248046875,328.0,61.0,-100.2514824097365,0.037978972626035556,0.9999999999999002
./csi-dataset/homeoffice-communication-28G-csi/t16x16_r2x1_test_small/seed9151-epoch75-71.mat,-96.90203482522097,231.0,42.0,-97.12795544778237,-0.6689552006487907,12.474570989608765,233.0,43.0,-111.83899249848676,0.22592062256140366,1.6808854257346106
./csi-dataset/homeoffice-communication-28G-csi/t16x16_r2x1_test_small/seed9193-epoch17-75.mat,-96.202482479106,334.0,72.0,-130.1931071072767,-0.08881620891860997,13.456403017044067,54.0,53.0,-113.82383241696138,33.99062462817069,71.46613519397818
./csi-dataset/homeoffice-communication-28G-csi/t16x16_r2x1_test_small/seed9193-epoch18-42.mat,-87.19818561081381,124.0,33.0,-118.73260592185594,-0.6830799741648981,13.335329294204712,347.0,85.0,-105.8664388667147,31.534420311042126,108.88762529915472
./csi-dataset/homeoffice-communication-28G-csi/t16x16_r2x1_test_small/seed9193-epoch18-49.mat,-73.6825400470517,5.0,57.0,-73.97745165959404,-0.07789546327401875,12.850499153137207,4.0,59.0,-88.02551429603257,0.2949116125423359,2.1723309760084506
./csi-dataset/homeoffice-communication-28G-csi/t16x16_r2x1_test_small/seed9210-epoch17-38.mat,-87.3670286560299,178.0,61.0,-118.340659691181,-0.13325545492529112,12.942574739456177,150.0,66.0,-103.4529997988856,30.9736310351511,25.488822132346627
./csi-dataset/homeoffice-communication-28G-csi/t16x16_r2x1_test_small/seed9210-epoch17-47.mat,-86.35972476252151,222.0,53.0,-116.35693279222409,0.018283123221924824,12.183260202407837,100.0,66.0,-103.37210688028247,29.997208029702577,98.15453515198735
./csi-dataset/homeoffice-communication-28G-csi/t16x16_r2x1_test_small/seed9210-epoch17-48.mat,-85.88751041981494,31.0,24.0,-85.99881686559554,-0.07449071319940881,12.136504173278809,30.0,25.0,-98.16961758163959,0.111306445780599,1.0825430461820966
./csi-dataset/homeoffice-communication-28G-csi/t16x16_r2x1_test_small/seed9210-epoch17-61.mat,-95.65022899177464,181.0,73.0,-96.41669536506481,0.039193071170902316,9.768324375152588,8.0,68.0,-108.1008366809871,0.7664663732901715,140.40212249122163
./csi-dataset/homeoffice-communication-28G-csi/t16x16_r2x1_test_small/seed9210-epoch18-39.mat,-89.93805262900558,116.0,37.0,-89.9349948096146,-0.281554191425164,12.563335180282593,116.0,37.0,-102.01220117273394,-0.003057819390988925,0.0
./csi-dataset/homeoffice-communication-28G-csi/t16x16_r2x1_test_small/seed9210-epoch18-41.mat,-97.77649343394452,189.0,70.0,-102.18080945169957,-0.09601634743808929,12.128231525421143,200.0,73.0,-110.55855029728588,4.40431601775505,10.85128787409645
./csi-dataset/homeoffice-communication-28G-csi/t16x16_r2x1_test_small/seed9210-epoch18-42.mat,-78.34735414597729,124.0,43.0,-78.54933910852165,0.12122878839968043,14.823455810546875,124.0,42.0,-90.65181288379148,0.20198496254435838,1.0000000000002647
./csi-dataset/homeoffice-communication-28G-csi/t16x16_r2x1_test_small/seed9210-epoch18-78.mat,-91.24324351832094,355.0,52.0,-128.56260905109977,-0.15952892205857072,12.479600667953491,306.0,36.0,-108.77687119753591,37.31936553277883,36.68282631676945
./csi-dataset/homeoffice-communication-28G-csi/t16x16_r2x1_test_small/seed9210-epoch18-79.mat,-83.00176922402326,81.0,4.0,-83.28330729700014,-0.2010631208909497,14.539860010147095,66.0,4.0,-94.36200992011727,0.28153807297687194,1.0433759359799295
./csi-dataset/homeoffice-communication-28G-csi/t16x16_r2x1_test_small/seed9210-epoch18-81.mat,-91.6274669487638,65.0,52.0,-92.22635590100823,0.03708127288264007,13.459397315979004,65.0,50.0,-102.98775783332844,0.5988889522444367,1.9999999999999472
./csi-dataset/homeoffice-communication-28G-csi/t16x16_r2x1_test_small/seed9251-epoch19-11.mat,-76.39220839327612,347.0,21.0,-119.17808410584274,-0.25382045522901264,12.90935230255127,43.0,74.0,-91.95967106953654,42.78587571256662,63.258662851091586
./csi-dataset/homeoffice-communication-28G-csi/t16x16_r2x1_test_small/seed9251-epoch38-88.mat,-101.02647907279388,157.0,39.0,-101.06659852709535,0.026621513277764186,12.044532537460327,157.0,40.0,-115.48782116652312,0.040119454301475344,0.9999999999999002
./csi-dataset/homeoffice-communication-28G-csi/t16x16_r2x1_test_small/seed9251-epoch39-18.mat,-90.71121902525924,290.0,19.0,-118.42189669431181,-0.049785161940014255,12.369058609008789,277.0,75.0,-106.3596081005309,27.710677669052572,56.555228013984404
./csi-dataset/homeoffice-communication-28G-csi/t16x16_r2x1_test_small/seed9251-epoch39-68.mat,-82.95310997281743,334.0,47.0,-83.03618136677889,-0.15518040595158,14.11616849899292,335.0,47.0,-97.86302942019586,0.08307139396146113,0.7313493840048898
./csi-dataset/homeoffice-communication-28G-csi/t16x16_r2x1_test_small/seed9251-epoch39-75.mat,-80.03804495613663,332.0,44.0,-80.31081802458188,0.28804721830034097,14.437737941741943,332.0,43.0,-93.035557159468,0.27277306844524674,1.0000000000002647
./csi-dataset/homeoffice-communication-28G-csi/t16x16_r2x1_test_small/seed9251-epoch62-93.mat,-92.35853991301444,130.0,31.0,-135.1086135749466,0.05657460306202855,11.526845216751099,209.0,41.0,-109.35913378702276,42.75007366193215,44.652215827213695
./csi-dataset/homeoffice-communication-28G-csi/t16x16_r2x1_test_small/seed9251-epoch65-21.mat,-90.64951497272992,288.0,67.0,-90.96093825033266,0.014121563885530763,12.427079200744629,288.0,66.0,-105.32581558532306,0.31142327760274213,1.0000000000002647
./csi-dataset/homeoffice-communication-28G-csi/t16x16_r2x1_test_small/seed9251-epoch65-41.mat,-84.06360192652166,1.0,41.0,-86.37853488361355,-0.07364529588276891,12.528175354003906,324.0,4.0,-98.65121336307452,2.314932957091898,37.868639479411286
./csi-dataset/homeoffice-communication-28G-csi/t16x16_r2x1_test_small/seed9363-epoch12-50.mat,-86.21099495424491,219.0,67.0,-86.24421649057707,0.1359591857398409,13.656115531921387,220.0,67.0,-97.60629007015788,0.03322153633216374,0.9205030696913519
./csi-dataset/homeoffice-communication-28G-csi/t16x16_r2x1_test_small/seed9363-epoch13-52.mat,-87.65984796602581,30.0,36.0,-93.67082193287794,0.3948636673073228,13.805826187133789,159.0,48.0,-102.88741215340886,6.010973966852134,74.54717549429503
./csi-dataset/homeoffice-communication-28G-csi/t16x16_r2x1_test_small/seed9363-epoch35-12.mat,-89.13609529919174,186.0,57.0,-89.25167749423065,0.1038112613012554,14.101992845535278,186.0,57.0,-102.97459444936206,0.1155821950389111,0.0
./csi-dataset/homeoffice-communication-28G-csi/t16x16_r2x1_test_small/seed9363-epoch35-14.mat,-97.38964066318992,247.0,47.0,-97.34370068550325,-0.044177542662684255,10.75973129272461,248.0,47.0,-110.05639694800897,-0.045939977686671796,0.7313493840048898
./csi-dataset/homeoffice-communication-28G-csi/t16x16_r2x1_test_small/seed9363-epoch37-43.mat,-92.45745366089596,185.0,39.0,-94.39985485095013,0.16981692420030325,13.097304582595825,190.0,38.0,-106.45117050805217,1.94240119005417,3.268475769287449
./csi-dataset/homeoffice-communication-28G-csi/t16x16_r2x1_test_small/seed9363-epoch37-58.mat,-101.88159919083932,172.0,83.0,-101.81180735333206,0.13527020399169898,10.851423978805542,173.0,84.0,-112.82315699965416,-0.06979183750726747,1.4096661574852618
./csi-dataset/homeoffice-communication-28G-csi/t16x16_r2x1_test_small/seed9375-epoch27-91.mat,-86.38322869534882,100.0,29.0,-138.38497397411155,-0.32395704703050443,13.536101579666138,182.0,59.0,-105.28116634974793,52.001745278762726,59.44949753910932
./csi-dataset/homeoffice-communication-28G-csi/t16x16_r2x1_test_small/seed9375-epoch53-24.mat,-83.16021434861125,314.0,71.0,-83.3973240776217,0.06589610326213013,11.37596583366394,314.0,70.0,-97.59548687124249,0.2371097290104558,0.9999999999999002
./csi-dataset/homeoffice-communication-28G-csi/t16x16_r2x1_test_small/seed9375-epoch53-79.mat,-87.23418164996312,42.0,52.0,-87.3977816466231,0.13460116903682984,14.673413038253784,42.0,54.0,-102.67579594811625,0.1635999966599826,1.9999999999999472
./csi-dataset/homeoffice-communication-28G-csi/t16x16_r2x1_test_small/seed9375-epoch56-3.mat,-83.28138191076474,75.0,52.0,-83.32337853015869,-0.11992832642915507,13.373326063156128,75.0,53.0,-97.17199490286298,0.041996619393955825,0.9999999999999002
./csi-dataset/homeoffice-communication-28G-csi/t16x16_r2x1_test_small/seed9415-epoch10-33.mat,-88.62751464507141,343.0,40.0,-89.03897672591425,-0.11460582469123426,13.3389310836792,342.0,39.0,-102.24037260665015,0.4114620808428384,1.1851302768327094
./csi-dataset/homeoffice-communication-28G-csi/t16x16_r2x1_test_small/seed9435-epoch1-20.mat,-85.04458635572064,83.0,64.0,-85.31840884481007,-0.6986169714680319,14.55505108833313,84.0,63.0,-98.2260942337575,0.27382248908942586,1.3419642209981493
./csi-dataset/homeoffice-communication-28G-csi/t16x16_r2x1_test_small/seed9435-epoch1-21.mat,-78.8415794017387,37.0,62.0,-94.27193276720129,0.12642810278933825,13.669904708862305,20.0,46.0,-97.27562985287547,15.430353365462594,21.01139635290259
./csi-dataset/homeoffice-communication-28G-csi/t16x16_r2x1_test_small/seed9435-epoch1-76.mat,-78.96678358758702,328.0,12.0,-79.00239837041087,0.03126317204641216,13.904923915863037,328.0,12.0,-95.26356022500663,0.03561478282385622,0.0
./csi-dataset/homeoffice-communication-28G-csi/t16x16_r2x1_test_small/seed9435-epoch1-77.mat,-96.95083973255576,160.0,47.0,-97.0596863271224,0.2229466195292953,9.501006364822388,161.0,46.0,-107.87463716477444,0.10884659456664281,1.2353591410184304
./csi-dataset/homeoffice-communication-28G-csi/t16x16_r2x1_test_small/seed9435-epoch10-60.mat,-93.49568113330584,315.0,38.0,-93.52746248141807,0.0467338815305306,13.742915391921997,316.0,38.0,-108.10181079769364,0.03178134811223288,0.6156566229581099
./csi-dataset/homeoffice-communication-28G-csi/t16x16_r2x1_test_small/seed9435-epoch34-61.mat,-83.91224147584681,167.0,61.0,-84.23797281181851,-0.06956697067848294,11.574705362319946,167.0,60.0,-98.23377108229693,0.325731335971696,0.9999999999999002
./csi-dataset/homeoffice-communication-28G-csi/t16x16_r2x1_test_small/seed9435-epoch34-84.mat,-85.10745683781658,129.0,13.0,-85.10215105570802,-0.10649677077025865,12.040221214294434,129.0,13.0,-98.58811454402051,-0.005305782108564472,0.0
./csi-dataset/homeoffice-communication-28G-csi/t16x16_r2x1_test_small/seed9435-epoch57-47.mat,-85.69037007089068,104.0,21.0,-120.10494261679496,-0.1733965424913515,12.772849082946777,8.0,45.0,-99.88136819982671,34.41457254590428,50.679842850955275
./csi-dataset/homeoffice-communication-28G-csi/t16x16_r2x1_test_small/seed9536-epoch0-34.mat,-88.04829435897993,345.0,68.0,-88.30612262255315,-0.021103110454898655,13.834172248840332,345.0,67.0,-99.58407998434103,0.25782826357321653,1.0000000000002647
./csi-dataset/homeoffice-communication-28G-csi/t16x16_r2x1_test_small/seed9536-epoch0-42.mat,-93.19987486995116,196.0,53.0,-138.74977638712147,0.11073491861288298,14.079607725143433,106.0,28.0,-109.26279211372508,45.54990151717031,57.9018568195304
./csi-dataset/homeoffice-communication-28G-csi/t16x16_r2x1_test_small/seed9536-epoch10-72.mat,-78.56329737225933,228.0,74.0,-79.31588900299268,-0.19838596976102485,13.225709915161133,225.0,75.0,-90.42796008809228,0.7525916307333489,3.058897734462099
./csi-dataset/homeoffice-communication-28G-csi/t16x16_r2x1_test_small/seed9536-epoch77-19.mat,-96.61753139037494,332.0,36.0,-97.16725240785608,0.05029942050890612,10.217875003814697,333.0,35.0,-107.76739939658114,0.5497210174811471,1.156352547621995
./csi-dataset/homeoffice-communication-28G-csi/t16x16_r2x1_test_small/seed9536-epoch77-46.mat,-83.91779136876099,12.0,74.0,-83.94722186018208,-0.0764673388988164,13.389230251312256,12.0,74.0,-96.4538401051081,0.02943049142109544,0.0
./csi-dataset/homeoffice-communication-28G-csi/t16x16_r2x1_test_small/seed9536-epoch77-63.mat,-93.36132967784552,245.0,51.0,-93.47572043086357,-0.1568383285678383,11.309049606323242,246.0,51.0,-105.39708699799625,0.11439075301805701,0.7771420548739126
./csi-dataset/homeoffice-communication-28G-csi/t16x16_r2x1_test_small/seed9536-epoch9-51.mat,-101.62093831552356,335.0,46.0,-125.60634757826675,0.03874814559868278,10.871299028396606,105.0,49.0,-118.49213334171793,23.98540926274319,83.87071780593307
./csi-dataset/homeoffice-communication-28G-csi/t16x16_r2x1_test_small/seed9536-epoch9-56.mat,-76.36127225916968,175.0,46.0,-76.61834119409987,0.032478407877157944,13.558126449584961,174.0,46.0,-90.38213221557871,0.2570689349301887,0.7193353945255158
./csi-dataset/homeoffice-communication-28G-csi/t16x16_r2x1_test_small/seed9536-epoch9-87.mat,-92.35392973749462,330.0,17.0,-93.0706999607439,0.03637134009298537,13.530903339385986,333.0,16.0,-106.79793838332954,0.7167702232492701,1.3134616666083785
./csi-dataset/homeoffice-communication-28G-csi/t16x16_r2x1_test_small/seed9573-epoch34-55.mat,-92.88409067123771,43.0,42.0,-128.30250012716465,-0.18365234382062412,14.761831998825073,91.0,39.0,-107.93226081256064,35.418409455926934,30.761782560423327
./csi-dataset/homeoffice-communication-28G-csi/t16x16_r2x1_test_small/seed9573-epoch34-83.mat,-85.49447081822225,351.0,46.0,-85.51076105916921,0.10559868918437265,12.746266841888428,352.0,46.0,-97.66142270522329,0.01629024094695808,0.7193353945245025
./csi-dataset/homeoffice-communication-28G-csi/t16x16_r2x1_test_small/seed9573-epoch59-12.mat,-78.09278969783858,13.0,72.0,-78.23427508947817,-0.0876349530547531,14.421742677688599,12.0,74.0,-91.70733205014116,0.14148539163959128,2.2168441302813084
./csi-dataset/homeoffice-communication-28G-csi/t16x16_r2x1_test_small/seed959-epoch50-62.mat,-97.15715207070387,260.0,47.0,-135.3445990604718,-0.03747116434320241,13.480089664459229,113.0,67.0,-114.53197978646361,38.187446989767935,107.34515961904407
./csi-dataset/homeoffice-communication-28G-csi/t16x16_r2x1_test_small/seed959-epoch51-40.mat,-95.32131384455413,239.0,26.0,-95.76830225882345,0.22503036378870656,13.922717571258545,240.0,25.0,-108.05590200285552,0.44698841426932745,1.0887007056189941
./csi-dataset/homeoffice-communication-28G-csi/t16x16_r2x1_test_small/seed959-epoch51-83.mat,-88.20448016911388,7.0,88.0,-88.28108335063291,-0.0655416101947428,13.53782057762146,7.0,82.0,-101.05185943119673,0.07660318151903311,5.9999999999999645
./csi-dataset/homeoffice-communication-28G-csi/t16x16_r2x1_test_small/seed959-epoch8-13.mat,-83.43640824943111,300.0,63.0,-84.3144093670808,0.12830600662613068,13.436789512634277,299.0,64.0,-96.72400390068061,0.8780011176496885,1.3419642209978777
./csi-dataset/homeoffice-communication-28G-csi/t16x16_r2x1_test_small/seed959-epoch8-30.mat,-76.66614962526741,146.0,47.0,-76.68316967308762,0.32370692936167567,14.393683195114136,147.0,48.0,-91.59450177933068,0.017020047820210493,1.242386017010032
./csi-dataset/homeoffice-communication-28G-csi/t16x16_r2x1_test_small/seed959-epoch8-44.mat,-87.25648012697648,277.0,29.0,-87.84435961711624,-0.6566452308996782,12.354283094406128,277.0,28.0,-102.35580598616387,0.5878794901397555,0.9999999999999002
./csi-dataset/homeoffice-communication-28G-csi/t16x16_r2x1_test_small/seed959-epoch80-67.mat,-77.28323800357514,152.0,63.0,-77.6688587162828,-0.03600914855615933,14.769277095794678,151.0,64.0,-90.91173230594174,0.38562071270766296,1.3419642209976061
./csi-dataset/homeoffice-communication-28G-csi/t16x16_r2x1_test_small/seed9662-epoch21-24.mat,-85.9314085030627,346.0,52.0,-86.2737012001736,-0.07089294789031331,11.051276683807373,346.0,51.0,-100.39923143778626,0.3422926971109064,0.9999999999991713
./csi-dataset/homeoffice-communication-28G-csi/t16x16_r2x1_test_small/seed9662-epoch21-43.mat,-87.65296884325804,15.0,36.0,-87.69188741017642,0.14278649652837527,13.736706256866455,15.0,37.0,-100.18708208792448,0.038918566918383135,0.9999999999999002
./csi-dataset/homeoffice-communication-28G-csi/t16x16_r2x1_test_small/seed9662-epoch24-57.mat,-95.59916256759982,10.0,67.0,-95.6744829510687,0.3729016883830939,10.827295064926147,10.0,69.0,-108.14805505671217,0.0753203834688776,2.0000000000001297
./csi-dataset/homeoffice-communication-28G-csi/t16x16_r2x1_test_small/seed9662-epoch24-60.mat,-77.05937773149198,78.0,31.0,-77.62767676534381,-0.10704738642954137,14.815774202346802,81.0,31.0,-92.01902382853903,0.5682990338518294,1.5449845371369366
./csi-dataset/homeoffice-communication-28G-csi/t16x16_r2x1_test_small/seed9662-epoch24-64.mat,-83.31087982193873,15.0,64.0,-85.69840294475627,-0.06487573791093726,13.362610578536987,13.0,60.0,-99.30709643125469,2.387523122817541,4.372181909258852
./csi-dataset/homeoffice-communication-28G-csi/t16x16_r2x1_test_small/seed9662-epoch8-93.mat,-90.55010666184263,248.0,36.0,-131.02366291285506,-0.02231230750631008,13.297448873519897,326.0,72.0,-109.09248199658191,40.473556251012425,68.51693729658894
./csi-dataset/homeoffice-communication-28G-csi/t16x16_r2x1_test_small/seed9674-epoch37-33.mat,-89.60839416626625,217.0,62.0,-89.64438274866338,0.06274511814689221,12.162615060806274,218.0,63.0,-102.98112986869194,0.03598858239712399,1.3366928403878866
./csi-dataset/homeoffice-communication-28G-csi/t16x16_r2x1_test_small/seed9674-epoch37-34.mat,-92.79776979977794,104.0,25.0,-126.74216009923228,0.13409651434462666,12.976893424987793,16.0,49.0,-109.85184683351068,33.94439029945434,52.71913216373512
./csi-dataset/homeoffice-communication-28G-csi/t16x16_r2x1_test_small/seed9674-epoch37-83.mat,-88.49638218009915,136.0,8.0,-88.50929438724536,0.2919242650083774,13.175209999084473,136.0,8.0,-101.50854780342634,0.012912207146214882,0.0
./csi-dataset/homeoffice-communication-28G-csi/t16x16_r2x1_test_small/seed9674-epoch37-92.mat,-81.79469018350851,298.0,34.0,-105.05325355021093,-0.20341561834212807,13.913643836975098,282.0,76.0,-105.04076781430449,23.25856336670242,43.76970466382736
./csi-dataset/homeoffice-communication-28G-csi/t16x16_r2x1_test_small/seed9674-epoch62-4.mat,-88.61994420761351,27.0,57.0,-119.54004447505541,-0.039848744862603924,13.742279291152954,141.0,47.0,-104.04747295781334,30.920100267441896,82.99447929613028
./csi-dataset/homeoffice-communication-28G-csi/t16x16_r2x1_test_small/seed9763-epoch25-31.mat,-86.32632688515983,202.0,54.0,-86.46007240061473,0.08299550346666773,13.775938987731934,202.0,54.0,-99.84969648326904,0.13374551545490476,0.0
./csi-dataset/homeoffice-communication-28G-csi/t16x16_r2x1_test_small/seed9763-epoch27-88.mat,-84.10907615904954,183.0,59.0,-137.73106782556602,-0.22787539622039232,13.557180881500244,292.0,58.0,-104.61227601255138,53.62199166651648,87.9216045562965
./csi-dataset/homeoffice-communication-28G-csi/t16x16_r2x1_test_small/seed9763-epoch5-84.mat,-79.77388545411684,162.0,46.0,-124.22404702810556,-0.06371093074818712,14.239780902862549,63.0,29.0,-94.23329557112606,44.45016157398872,56.426483171235276
./csi-dataset/homeoffice-communication-28G-csi/t16x16_r2x1_test_small/seed9763-epoch74-71.mat,-113.90450496802958,206.0,56.0,-114.30390306497266,0.10885839377736728,10.23993992805481,206.0,59.0,-125.26275159426639,0.3993980969430737,2.9999999999999227
./csi-dataset/homeoffice-communication-28G-csi/t16x16_r2x1_test_small/seed9798-epoch25-89.mat,-93.75327265243024,241.0,43.0,-93.81726337203844,0.16208325905921572,14.508809804916382,241.0,43.0,-106.87738167342395,0.06399071960819924,0.0
./csi-dataset/homeoffice-communication-28G-csi/t16x16_r2x1_test_small/seed9798-epoch26-17.mat,-102.4780732021764,185.0,55.0,-151.0582141412384,-0.4349809382906431,13.894280672073364,252.0,67.0,-119.57629755051175,48.580140939062005,58.75232929601365
./csi-dataset/homeoffice-communication-28G-csi/t16x16_r2x1_test_small/seed9811-epoch19-1.mat,-92.03521906632872,184.0,15.0,-137.64408940324924,-0.11852000116887229,12.335519313812256,288.0,35.0,-107.54903780157738,45.60887033692052,40.9461191049939
./csi-dataset/homeoffice-communication-28G-csi/t16x16_r2x1_test_small/seed9811-epoch19-82.mat,-100.24262171262146,188.0,71.0,-100.32162202845336,0.2306942948375662,8.597233772277832,188.0,71.0,-111.54381924556908,0.07900031583190525,8.537736462515939e-07
./csi-dataset/homeoffice-communication-28G-csi/t16x16_r2x1_test_small/seed9811-epoch2-73.mat,-81.73899293141918,342.0,39.0,-81.75784695713796,0.20386824926114133,11.517705202102661,342.0,40.0,-95.18023402678926,0.01885402571878103,1.0000000000002647
./csi-dataset/homeoffice-communication-28G-csi/t16x16_r2x1_test_small/seed9811-epoch4-17.mat,-103.49877355868884,325.0,68.0,-103.57077161937832,-0.46158277922179547,13.600155353546143,325.0,68.0,-116.57249554289989,0.07199806068948078,0.0
./csi-dataset/homeoffice-communication-28G-csi/t16x16_r2x1_test_small/seed9811-epoch4-29.mat,-87.72115389005396,172.0,25.0,-88.09039450619595,-1.0110243749549954,14.731878280639648,174.0,24.0,-100.02393370791859,0.3692406161419939,1.2990590537751754
./csi-dataset/homeoffice-communication-28G-csi/t16x16_r2x1_test_small/seed9811-epoch4-73.mat,-79.58495678984494,79.0,42.0,-79.67997989056427,-0.10490600638350922,14.911535263061523,79.0,42.0,-93.31253480316559,0.09502310071933096,0.0
./csi-dataset/homeoffice-communication-28G-csi/t16x16_r2x1_test_small/seed9811-epoch63-15.mat,-91.63539392804938,50.0,32.0,-91.8281972543103,-0.12259698715098555,11.528834819793701,49.0,31.0,-104.78208941634944,0.1928033262609148,1.1282452823842037
./csi-dataset/homeoffice-communication-28G-csi/t16x16_r2x1_test_small/seed9834-epoch22-17.mat,-95.86338838007784,272.0,21.0,-96.08083264578408,0.18199154612924984,10.089045763015747,331.0,37.0,-108.98594843930462,0.21744426570624853,31.055348406270664
./csi-dataset/homeoffice-communication-28G-csi/t16x16_r2x1_test_small/seed9834-epoch22-47.mat,-83.85138139831447,346.0,56.0,-84.65679274205078,0.11666826913209316,13.344676733016968,345.0,55.0,-94.88754417515203,0.80541134373631,1.2958150987623782
./csi-dataset/homeoffice-communication-28G-csi/t16x16_r2x1_test_small/seed9834-epoch6-76.mat,-98.0446914776648,166.0,54.0,-98.38435086453495,-0.14880742878612696,14.82430362701416,165.0,53.0,-110.99463569177743,0.33965938687015296,1.283018589070848
./csi-dataset/homeoffice-communication-28G-csi/t16x16_r2x1_test_small/seed9901-epoch27-96.mat,-88.47750985615576,116.0,46.0,-88.6017076971468,-0.009417574809966522,13.131573677062988,115.0,46.0,-100.37963082564207,0.12419784099103026,0.7193353945245025
./csi-dataset/homeoffice-communication-28G-csi/t16x16_r2x1_test_small/seed9901-epoch29-12.mat,-84.75917442299757,140.0,22.0,-85.16227036697015,0.1282990201286578,11.722473621368408,143.0,22.0,-97.69839511856904,0.4030959439725734,1.123709418566352
./csi-dataset/homeoffice-communication-28G-csi/t16x16_r2x1_test_small/seed9901-epoch29-16.mat,-87.16318812102502,168.0,65.0,-87.18036434697355,0.15253654481646906,11.50997257232666,168.0,65.0,-99.82474766231553,0.017176225948531965,0.0
./csi-dataset/homeoffice-communication-28G-csi/t16x16_r2x1_test_small/seed9901-epoch29-25.mat,-86.32458386634093,8.0,59.0,-86.53244044157866,0.04870334791255615,12.843260526657104,9.0,59.0,-99.09672510985787,0.20785657523772727,0.8571644146975286
./csi-dataset/homeoffice-communication-28G-csi/t16x16_r2x1_test_small/seed9901-epoch29-70.mat,-93.35467049013744,34.0,68.0,-93.47509163119571,-0.23268878179461816,13.528766393661499,34.0,71.0,-104.955658594767,0.12042114105827295,3.0000000000000444
./csi-dataset/homeoffice-communication-28G-csi/t16x16_r2x1_test_small/seed9901-epoch29-93.mat,-76.23907160027342,295.0,50.0,-77.43957019051601,-0.3559334171766202,14.008046388626099,251.0,52.0,-86.86090907735573,1.2004985902425886,33.90434933367082
./csi-dataset/homeoffice-communication-28G-csi/t16x16_r2x1_test_small/seed9901-epoch53-100.mat,-97.68335550743484,17.0,55.0,-97.83839918181185,-0.031949321523521146,10.371039152145386,17.0,54.0,-109.23729963242488,0.15504367437701205,0.9999999999999002
./csi-dataset/homeoffice-communication-28G-csi/t16x16_r2x1_test_small/seed9901-epoch9-94.mat,-92.09043674562434,74.0,60.0,-93.6046623050378,0.11215570726000623,14.505276918411255,169.0,50.0,-103.34400662491929,1.514225559413461,74.71779465943074
./csi-dataset/homeoffice-communication-28G-csi/t16x16_r2x1_test_small/seed9948-epoch9-23.mat,-75.2258716482909,134.0,29.0,-75.24451365767831,-0.07913501797511535,13.757041692733765,134.0,29.0,-90.01385035397502,0.018642009387406233,8.537736462515939e-07
./csi-dataset/homeoffice-communication-28G-csi/t16x16_r2x1_test_small/seed9948-epoch9-43.mat,-80.99207537577578,342.0,73.0,-81.20255881413732,0.1789192103078322,13.711970806121826,342.0,76.0,-94.26685865228592,0.2104834383615355,3.0000000000000444
