csi_path,max_rss,gt_phi,gt_theta,rss,2ace_quality,2ace_running_time,2ace_phi,2ace_theta,rss_at_gt,loss,angle_error
./csi-dataset/uva-communication-28G-csi-nlos/t16x16_r2x1_test_small/10032-run00000-10.mat,-116.1808760712714,3.0,36.0,-116.23564588956056,0.2757944188750192,17.46582531929016,3.0,36.0,-128.91890158210282,0.05476981828915939,0.0
./csi-dataset/uva-communication-28G-csi-nlos/t16x16_r2x1_test_small/10032-run00000-100.mat,-125.4443329515195,316.0,71.0,-125.74202602777538,0.2111875189889192,11.679210662841797,316.0,69.0,-140.82056600257292,0.29769307625588226,1.9999999999999472
./csi-dataset/uva-communication-28G-csi-nlos/t16x16_r2x1_test_small/10032-run00000-11.mat,-143.56101988475248,18.0,61.0,-143.87835958399123,0.3456198128437803,11.477364301681519,17.0,61.0,-155.1753550901496,0.31733969923874383,0.8746170978937965
./csi-dataset/uva-communication-28G-csi-nlos/t16x16_r2x1_test_small/10032-run00000-12.mat,-107.57356791716032,347.0,74.0,-151.64298163587293,0.3211355670058007,15.160065174102783,27.0,26.0,-128.43440106623777,44.06941371871261,55.21181565241841
./csi-dataset/uva-communication-28G-csi-nlos/t16x16_r2x1_test_small/10032-run00000-13.mat,-119.76758186066208,355.0,49.0,-120.08434488732885,0.14297309367445665,15.740022659301758,355.0,49.0,-134.0473976315608,0.31676302666677714,0.0
./csi-dataset/uva-communication-28G-csi-nlos/t16x16_r2x1_test_small/10032-run00000-14.mat,-106.99148164922076,210.0,69.0,-110.30923211720335,-0.09474338042233388,13.515111207962036,207.0,75.0,-123.21995958493258,3.3177504679825915,6.643086579016443
./csi-dataset/uva-communication-28G-csi-nlos/t16x16_r2x1_test_small/10032-run00000-15.mat,-99.99620034406443,233.0,16.0,-137.36440823172893,0.2507246073153838,16.313974857330322,249.0,72.0,-118.63178135722784,37.3682078876645,56.69897400079094
./csi-dataset/uva-communication-28G-csi-nlos/t16x16_r2x1_test_small/10032-run00000-16.mat,-122.5355046975691,206.0,48.0,-122.78979115042141,-0.17827352731015256,15.825372219085693,207.0,47.0,-135.85125513534572,0.25428645285231255,1.242386017010032
./csi-dataset/uva-communication-28G-csi-nlos/t16x16_r2x1_test_small/10032-run00000-17.mat,-145.8787943679089,154.0,67.0,-145.90919450596658,-0.4056890588038464,16.457724809646606,155.0,67.0,-157.13791807049117,0.030400138057672166,0.9205030696921439
./csi-dataset/uva-communication-28G-csi-nlos/t16x16_r2x1_test_small/10032-run00000-18.mat,-115.93340887880215,32.0,51.0,-139.96018112753458,0.13190314196507302,10.535658121109009,68.0,44.0,-132.76045928741473,24.026772248732428,27.19656255527118
./csi-dataset/uva-communication-28G-csi-nlos/t16x16_r2x1_test_small/10032-run00000-19.mat,-140.61702061397284,263.0,24.0,-140.63006374420863,0.23640327306550746,12.723999738693237,264.0,25.0,-152.93934877640788,0.013043130235786293,1.0825430461817598
./csi-dataset/uva-communication-28G-csi-nlos/t16x16_r2x1_test_small/10032-run00000-2.mat,-131.83429333085138,292.0,58.0,-132.0923757307756,-0.022544771604413594,15.404694318771362,292.0,59.0,-145.867795027219,0.2580823999242057,0.9999999999999002
./csi-dataset/uva-communication-28G-csi-nlos/t16x16_r2x1_test_small/10032-run00000-20.mat,-112.1949636262049,263.0,14.0,-112.46157436575777,0.1663976880683481,11.929681301116943,260.0,14.0,-125.48777780740402,0.26661073955287407,0.7256876348721341
./csi-dataset/uva-communication-28G-csi-nlos/t16x16_r2x1_test_small/10032-run00000-21.mat,-138.45532086840026,221.0,67.0,-138.50119056725575,0.06965879434167355,15.967360258102417,222.0,67.0,-150.1925212006587,0.04586969885548342,0.9205030696921439
./csi-dataset/uva-communication-28G-csi-nlos/t16x16_r2x1_test_small/10032-run00000-22.mat,-158.13411777472274,82.0,39.0,-158.15902585080542,0.32031854378414326,0.3127012252807617,83.0,39.0,-159.9345583899874,0.02490807608268142,0.6293155668558646
./csi-dataset/uva-communication-28G-csi-nlos/t16x16_r2x1_test_small/10032-run00000-23.mat,-112.4676718418158,102.0,23.0,-113.14132822817666,0.3398327513599352,11.409528732299805,101.0,22.0,-126.99168963091748,0.6736563863608609,1.070688898127318
./csi-dataset/uva-communication-28G-csi-nlos/t16x16_r2x1_test_small/10032-run00000-24.mat,-134.2440953094521,184.0,25.0,-134.23499408134757,-0.34613082552511387,15.898655652999878,185.0,25.0,-147.49243337063436,-0.009101228104526626,0.4226138557445499
./csi-dataset/uva-communication-28G-csi-nlos/t16x16_r2x1_test_small/10032-run00000-25.mat,-139.87149856310273,136.0,42.0,-140.03226074372674,-0.5414146273888878,13.670600175857544,136.0,41.0,-154.00181811612336,0.1607621806240047,1.0000000000002647
./csi-dataset/uva-communication-28G-csi-nlos/t16x16_r2x1_test_small/10032-run00000-26.mat,-123.0331844758945,114.0,35.0,-123.4679525771416,0.13928155517709373,11.143465995788574,115.0,34.0,-134.4725511066643,0.4347681012471014,1.1492391511876439
./csi-dataset/uva-communication-28G-csi-nlos/t16x16_r2x1_test_small/10032-run00000-27.mat,-106.82619122220032,11.0,8.0,-107.42153125157004,0.21413010888818906,10.388444423675537,16.0,7.0,-120.9349135481822,0.5953400293697229,1.1932226988735632
./csi-dataset/uva-communication-28G-csi-nlos/t16x16_r2x1_test_small/10032-run00000-28.mat,-145.9737212963575,308.0,26.0,-147.28580524855815,0.07938583335738336,9.263193607330322,192.0,62.0,-157.26845376283939,1.312083952200652,75.3873588229265
./csi-dataset/uva-communication-28G-csi-nlos/t16x16_r2x1_test_small/10032-run00000-29.mat,-114.18674889691722,8.0,43.0,-114.50158543902438,-0.3293878518441098,14.505946636199951,9.0,42.0,-129.70483107154254,0.31483654210715883,1.2067985945048632
./csi-dataset/uva-communication-28G-csi-nlos/t16x16_r2x1_test_small/10032-run00000-3.mat,-140.14086520215992,197.0,48.0,-140.22487376947564,0.2970875247688305,11.68140697479248,197.0,48.0,-151.9654705005134,0.08400856731572048,0.0
./csi-dataset/uva-communication-28G-csi-nlos/t16x16_r2x1_test_small/10032-run00000-30.mat,-131.87532006163303,309.0,69.0,-149.31871325722693,0.20916779389298124,13.576750755310059,326.0,48.0,-151.1648723380654,17.4433931955939,25.40934763246298
./csi-dataset/uva-communication-28G-csi-nlos/t16x16_r2x1_test_small/10032-run00000-31.mat,-112.92612139263684,335.0,37.0,-113.00670623859433,0.2466199560891421,16.309330940246582,336.0,38.0,-126.23742636495975,0.08058484595748894,1.1706951848734204
./csi-dataset/uva-communication-28G-csi-nlos/t16x16_r2x1_test_small/10032-run00000-32.mat,-153.59189665679116,344.0,61.0,-154.06912887246966,0.23559049063174498,0.2563614845275879,343.0,60.0,-159.43008493772948,0.47723221567849805,1.325698562411495
./csi-dataset/uva-communication-28G-csi-nlos/t16x16_r2x1_test_small/10032-run00000-33.mat,-118.71925666258228,157.0,21.0,-118.95170569217969,-0.15053929773374297,14.66280198097229,157.0,22.0,-133.46088388306657,0.23244902959740443,0.9999999999999002
./csi-dataset/uva-communication-28G-csi-nlos/t16x16_r2x1_test_small/10032-run00000-34.mat,-129.79452758937515,311.0,13.0,-159.98126179228245,0.08997992524756071,15.122416257858276,35.0,51.0,-147.28481364940794,30.186734202907303,50.84173940973245
./csi-dataset/uva-communication-28G-csi-nlos/t16x16_r2x1_test_small/10032-run00000-35.mat,-127.87678862481928,354.0,64.0,-128.95572120423168,0.25435118821848646,16.47760033607483,353.0,65.0,-141.86527897638985,1.0789325794123954,1.347078901746804
./csi-dataset/uva-communication-28G-csi-nlos/t16x16_r2x1_test_small/10032-run00000-36.mat,-121.02317650865784,273.0,68.0,-121.21181290236022,-0.9449088513860977,16.323002815246582,273.0,67.0,-134.84042160454206,0.1886363937023816,1.0000000000002647
./csi-dataset/uva-communication-28G-csi-nlos/t16x16_r2x1_test_small/10032-run00000-37.mat,-144.5604540494036,241.0,57.0,-145.0412271939548,-0.16657598763945702,13.611016511917114,240.0,57.0,-156.29465529754054,0.48077314455119335,0.8386674103151271
./csi-dataset/uva-communication-28G-csi-nlos/t16x16_r2x1_test_small/10032-run00000-38.mat,-117.32785195780728,199.0,30.0,-117.70523394920069,0.3950996819786997,11.686173915863037,199.0,29.0,-132.33233569196574,0.3773819913934062,0.9999999999999002
./csi-dataset/uva-communication-28G-csi-nlos/t16x16_r2x1_test_small/10032-run00000-39.mat,-159.1116719116173,214.0,67.0,-159.12791286635746,0.31095848333400633,0.30936479568481445,215.0,66.0,-159.9811256142355,0.0162409547401694,1.356820668949606
./csi-dataset/uva-communication-28G-csi-nlos/t16x16_r2x1_test_small/10032-run00000-4.mat,-131.926730174447,220.0,51.0,-132.00100802636618,0.06401027997142028,11.410497426986694,221.0,52.0,-144.9908663250253,0.07427785191919156,1.2698127585966896
./csi-dataset/uva-communication-28G-csi-nlos/t16x16_r2x1_test_small/10032-run00000-40.mat,-131.8954067548145,337.0,74.0,-132.11941210747625,-0.027876756826147098,14.6356942653656,337.0,73.0,-145.33142950596104,0.2240053526617487,1.0000000000002647
./csi-dataset/uva-communication-28G-csi-nlos/t16x16_r2x1_test_small/10032-run00000-41.mat,-132.16863988885598,323.0,26.0,-132.46559641628824,0.193149943150002,10.543424129486084,326.0,26.0,-147.5951510708024,0.29695652743225764,1.3149920790033478
./csi-dataset/uva-communication-28G-csi-nlos/t16x16_r2x1_test_small/10032-run00000-42.mat,-120.48800341931204,311.0,55.0,-152.21127783212017,0.181164861801128,12.593472480773926,351.0,60.0,-137.5605445831738,31.723274412808138,33.878130808021936
./csi-dataset/uva-communication-28G-csi-nlos/t16x16_r2x1_test_small/10032-run00000-43.mat,-156.82891899027385,31.0,55.0,-159.99856773277227,0.3957699564120478,0.2781219482421875,358.0,60.0,-159.96138467178724,3.169648742498424,28.146227811754834
./csi-dataset/uva-communication-28G-csi-nlos/t16x16_r2x1_test_small/10032-run00000-44.mat,-109.7737110092983,192.0,58.0,-158.07421754107253,-0.14291815504631855,14.59591031074524,228.0,7.0,-128.1733516119556,48.30050653177423,52.440708222430054
./csi-dataset/uva-communication-28G-csi-nlos/t16x16_r2x1_test_small/10032-run00000-45.mat,-117.8247896175777,47.0,32.0,-148.13713126899677,0.2155334509099972,11.437894582748413,17.0,80.0,-141.65989320222658,30.312341651419075,53.18641257086394
./csi-dataset/uva-communication-28G-csi-nlos/t16x16_r2x1_test_small/10032-run00000-46.mat,-115.51499604089533,118.0,8.0,-115.75211157799305,-0.3893901898130223,14.0114426612854,125.0,8.0,-129.08599483835505,0.23711553709772204,0.9736176450198079
./csi-dataset/uva-communication-28G-csi-nlos/t16x16_r2x1_test_small/10032-run00000-47.mat,-110.38140350451228,189.0,70.0,-110.35887653864646,0.17519449839952927,15.43553376197815,190.0,71.0,-125.30510623406693,-0.022526965865822035,1.3742413997796028
./csi-dataset/uva-communication-28G-csi-nlos/t16x16_r2x1_test_small/10032-run00000-48.mat,-116.78497045910464,323.0,61.0,-116.87004947595773,0.17201596103341177,14.794770240783691,325.0,62.0,-134.25949556274713,0.08507901685308639,2.022142147091487
./csi-dataset/uva-communication-28G-csi-nlos/t16x16_r2x1_test_small/10032-run00000-49.mat,-151.00626772715452,276.0,54.0,-151.09043274525357,0.2889331796584338,0.2905275821685791,276.0,54.0,-159.49071737600144,0.08416501809904275,0.0
./csi-dataset/uva-communication-28G-csi-nlos/t16x16_r2x1_test_small/10032-run00000-5.mat,-136.62169321064357,207.0,46.0,-136.7333488994709,0.04072582665145319,14.402641534805298,207.0,46.0,-152.28320824738086,0.11165568882734078,1.2074182697257333e-06
./csi-dataset/uva-communication-28G-csi-nlos/t16x16_r2x1_test_small/10032-run00000-50.mat,-121.0810998079049,20.0,28.0,-121.28308794736071,-0.28570360252772176,15.056954860687256,21.0,29.0,-136.191448579266,0.20198813945580696,1.107976273692604
./csi-dataset/uva-communication-28G-csi-nlos/t16x16_r2x1_test_small/10032-run00000-51.mat,-118.5032000276952,161.0,67.0,-118.49125710803376,0.2883762039126202,15.250017404556274,162.0,67.0,-132.02711541096446,-0.011942919661436235,0.9205030696913519
./csi-dataset/uva-communication-28G-csi-nlos/t16x16_r2x1_test_small/10032-run00000-52.mat,-117.02355735466185,355.0,64.0,-117.42359731700213,0.04486505581986866,13.679967403411865,355.0,63.0,-130.06812803254206,0.40003996234028705,0.9999999999999002
./csi-dataset/uva-communication-28G-csi-nlos/t16x16_r2x1_test_small/10032-run00000-53.mat,-149.95074214911267,349.0,67.0,-150.6874166767189,-0.15835160572725315,14.819135665893555,349.0,65.0,-158.57617668428824,0.7366745276062261,1.9999999999999472
./csi-dataset/uva-communication-28G-csi-nlos/t16x16_r2x1_test_small/10032-run00000-54.mat,-157.7066564866979,289.0,62.0,-159.99942008818016,0.3520944423823149,0.28948163986206055,60.0,59.0,-159.95516678244886,2.2927636014822497,104.7577008077431
./csi-dataset/uva-communication-28G-csi-nlos/t16x16_r2x1_test_small/10032-run00000-55.mat,-107.57485648593712,22.0,22.0,-107.7109936921152,0.3522968834908333,14.505954504013062,23.0,21.0,-122.49504393374635,0.136137206178077,1.0650121418226677
./csi-dataset/uva-communication-28G-csi-nlos/t16x16_r2x1_test_small/10032-run00000-56.mat,-141.6843974671281,310.0,29.0,-141.66258785009632,0.13563644534735086,13.813650608062744,310.0,29.0,-154.94725333389715,-0.02180961703177786,8.537736462515939e-07
./csi-dataset/uva-communication-28G-csi-nlos/t16x16_r2x1_test_small/10032-run00000-57.mat,-109.42603175786417,39.0,30.0,-109.4656244619103,-0.23029423071091593,13.982576847076416,39.0,30.0,-124.42134059964164,0.0395927040461288,0.0
./csi-dataset/uva-communication-28G-csi-nlos/t16x16_r2x1_test_small/10032-run00000-58.mat,-112.60461120369897,343.0,57.0,-112.74074271117269,-0.13309753114594236,14.755963563919067,343.0,57.0,-127.96477041735308,0.1361315074737206,0.0
./csi-dataset/uva-communication-28G-csi-nlos/t16x16_r2x1_test_small/10032-run00000-59.mat,-159.9419832493694,28.0,35.0,-159.95217230763967,0.19475254427041377,0.2647416591644287,30.0,34.0,-159.99867772839553,0.010189058270270834,1.510938826912968
./csi-dataset/uva-communication-28G-csi-nlos/t16x16_r2x1_test_small/10032-run00000-6.mat,-143.65700605219405,291.0,14.0,-143.66959629227716,0.0607469366576856,9.727370738983154,291.0,14.0,-156.32165546993687,0.012590240083113713,0.0
./csi-dataset/uva-communication-28G-csi-nlos/t16x16_r2x1_test_small/10032-run00000-60.mat,-118.13294840662492,238.0,16.0,-118.30510584840262,0.1415815075103638,10.977949142456055,238.0,15.0,-132.9262716344986,0.1721574417776992,0.9999999999999002
./csi-dataset/uva-communication-28G-csi-nlos/t16x16_r2x1_test_small/10032-run00000-61.mat,-125.6195781585569,212.0,71.0,-125.62154965750281,-0.3152831830257623,13.92249059677124,212.0,70.0,-138.25512672429238,0.0019714989459060916,0.9999999999999002
./csi-dataset/uva-communication-28G-csi-nlos/t16x16_r2x1_test_small/10032-run00000-62.mat,-126.53662560671006,0.0,71.0,-127.00282696090939,0.29037153401790883,9.965456485748291,355.0,45.0,-143.23382533016746,0.4662013541993275,26.330572034678443
./csi-dataset/uva-communication-28G-csi-nlos/t16x16_r2x1_test_small/10032-run00000-63.mat,-122.97666477665034,1.0,64.0,-123.11327072377313,0.2270807591334696,11.235512971878052,1.0,63.0,-137.93969924989085,0.1366059471227885,0.9999999999999002
./csi-dataset/uva-communication-28G-csi-nlos/t16x16_r2x1_test_small/10032-run00000-64.mat,-146.33934427318206,176.0,68.0,-146.5378676762166,0.08945251097725071,10.901498794555664,175.0,69.0,-156.96506876990074,0.1985234030345282,1.36588494906591
./csi-dataset/uva-communication-28G-csi-nlos/t16x16_r2x1_test_small/10032-run00000-65.mat,-117.4755021278704,65.0,52.0,-159.885283947557,0.10349982012148717,11.463118076324463,204.0,89.0,-132.48947768681722,42.409781819686614,125.72418259552644
./csi-dataset/uva-communication-28G-csi-nlos/t16x16_r2x1_test_small/10032-run00000-66.mat,-111.55884436764624,349.0,66.0,-111.60138860478762,0.16284679715621386,15.453079223632812,350.0,66.0,-125.63086451219235,0.0425442371413709,0.9135435393672272
./csi-dataset/uva-communication-28G-csi-nlos/t16x16_r2x1_test_small/10032-run00000-67.mat,-132.09351274327364,303.0,24.0,-132.20623702913656,-0.041646703433515286,12.21773076057434,302.0,24.0,-145.04203495867017,0.11272428586292449,0.4067323346576899
./csi-dataset/uva-communication-28G-csi-nlos/t16x16_r2x1_test_small/10032-run00000-68.mat,-100.37533417562577,217.0,24.0,-100.38730649592156,0.07462745816193417,10.877002239227295,217.0,24.0,-113.31090009350467,0.01197232029579709,8.537736462515939e-07
./csi-dataset/uva-communication-28G-csi-nlos/t16x16_r2x1_test_small/10032-run00000-69.mat,-130.3360485118177,354.0,53.0,-130.42945876271068,-0.23784373485380006,15.52364182472229,355.0,53.0,-144.29869493301194,0.09341025089298682,0.798631838696191
./csi-dataset/uva-communication-28G-csi-nlos/t16x16_r2x1_test_small/10032-run00000-7.mat,-113.88464225854304,11.0,73.0,-113.90392885727252,-0.05175898995153849,15.261087656021118,11.0,73.0,-127.92231250469305,0.019286598729479465,0.0
./csi-dataset/uva-communication-28G-csi-nlos/t16x16_r2x1_test_small/10032-run00000-70.mat,-101.2121190908322,338.0,21.0,-101.44735737450216,-0.00957627598656452,15.069976806640625,336.0,21.0,-115.37867881342888,0.23523828366995758,0.716704183912905
./csi-dataset/uva-communication-28G-csi-nlos/t16x16_r2x1_test_small/10032-run00000-71.mat,-142.6966504106552,184.0,47.0,-142.74219735888565,0.018696336906546596,11.972192525863647,184.0,48.0,-154.7494717662529,0.045546948230452244,0.9999999999999002
./csi-dataset/uva-communication-28G-csi-nlos/t16x16_r2x1_test_small/10032-run00000-72.mat,-137.72549536391895,35.0,27.0,-147.31192699316634,0.4242002811890243,10.121962785720825,173.0,62.0,-152.0948235162921,9.586431629247386,83.08407547258369
./csi-dataset/uva-communication-28G-csi-nlos/t16x16_r2x1_test_small/10032-run00000-73.mat,-139.18656251420455,349.0,65.0,-139.58832955737597,0.028237244013270546,11.779315710067749,350.0,63.0,-151.15922401105212,0.401767043171418,2.192643660932905
./csi-dataset/uva-communication-28G-csi-nlos/t16x16_r2x1_test_small/10032-run00000-74.mat,-128.54185483485924,175.0,15.0,-130.5392232192718,0.14011855934122797,9.962833642959595,176.0,12.0,-143.79453783406535,1.9973683844125674,3.0089590904515755
./csi-dataset/uva-communication-28G-csi-nlos/t16x16_r2x1_test_small/10032-run00000-75.mat,-126.59431997534136,257.0,30.0,-126.72219313126061,-0.2609734360655154,9.944088220596313,256.0,31.0,-140.11119490847645,0.12787315591924653,1.1213952283986786
./csi-dataset/uva-communication-28G-csi-nlos/t16x16_r2x1_test_small/10032-run00000-76.mat,-123.18367219968955,173.0,72.0,-123.6316462967418,0.3105342837222961,9.452592372894287,174.0,78.0,-137.32011430614952,0.4479740970522528,6.077168296134089
./csi-dataset/uva-communication-28G-csi-nlos/t16x16_r2x1_test_small/10032-run00000-77.mat,-95.83494642374292,247.0,39.0,-95.79413583907262,0.12959605140852903,14.8549063205719,247.0,39.0,-110.35976607610009,-0.040810584670296635,8.537736462515939e-07
./csi-dataset/uva-communication-28G-csi-nlos/t16x16_r2x1_test_small/10032-run00000-78.mat,-118.97672912390132,107.0,65.0,-119.23358915235511,0.3607787533287523,11.219148874282837,107.0,64.0,-131.6339318575089,0.2568600284537865,0.9999999999999002
./csi-dataset/uva-communication-28G-csi-nlos/t16x16_r2x1_test_small/10032-run00000-79.mat,-99.04899962348824,101.0,39.0,-143.35471840288892,-0.08014514842789211,12.02902889251709,234.0,89.0,-116.91544512838203,44.30571877940068,114.55503069932406
./csi-dataset/uva-communication-28G-csi-nlos/t16x16_r2x1_test_small/10032-run00000-8.mat,-119.88902110336096,23.0,71.0,-121.84254850307852,0.022826380460209905,13.421863317489624,22.0,85.0,-135.84412116723627,1.953527399717558,14.033935944970786
./csi-dataset/uva-communication-28G-csi-nlos/t16x16_r2x1_test_small/10032-run00000-80.mat,-145.9117958356571,203.0,57.0,-159.99833531397337,-0.08714301185304962,14.70375108718872,78.0,15.0,-158.46106976904554,14.086539478316269,66.32312581047039
./csi-dataset/uva-communication-28G-csi-nlos/t16x16_r2x1_test_small/10032-run00000-81.mat,-107.77540464332782,276.0,47.0,-107.93216227267719,-0.6369244107069256,14.66274118423462,276.0,49.0,-122.86317038460649,0.15675762934937154,2.0000000000001297
./csi-dataset/uva-communication-28G-csi-nlos/t16x16_r2x1_test_small/10032-run00000-82.mat,-114.80223257256114,347.0,66.0,-115.00541184560193,-0.28751463566234414,16.303850412368774,347.0,67.0,-127.86710429261232,0.20317927304078864,1.0000000000002647
./csi-dataset/uva-communication-28G-csi-nlos/t16x16_r2x1_test_small/10032-run00000-83.mat,-108.14556698540898,344.0,47.0,-108.25661060622139,-0.3577184420155788,15.27723240852356,346.0,47.0,-122.39862139194307,0.11104362081240993,1.4626728608127935
./csi-dataset/uva-communication-28G-csi-nlos/t16x16_r2x1_test_small/10032-run00000-84.mat,-119.92264894898656,292.0,13.0,-159.2162320427964,-0.1628123706231579,14.690234184265137,171.0,62.0,-140.3823724450678,39.29358309380984,69.19784156271047
./csi-dataset/uva-communication-28G-csi-nlos/t16x16_r2x1_test_small/10032-run00000-85.mat,-123.35645504713531,6.0,25.0,-123.45300378622598,0.28958290127029995,9.774446964263916,4.0,26.0,-135.99462724553507,0.09654873909066453,1.3194813092298907
./csi-dataset/uva-communication-28G-csi-nlos/t16x16_r2x1_test_small/10032-run00000-86.mat,-104.30259697942395,340.0,15.0,-104.54747713126326,-0.5552664827007381,15.268999576568604,337.0,15.0,-117.94004977778299,0.2448801518393111,0.7763743820433382
./csi-dataset/uva-communication-28G-csi-nlos/t16x16_r2x1_test_small/10032-run00000-87.mat,-117.6928529711207,246.0,55.0,-152.01883499051814,0.019377362158774725,11.70739197731018,311.0,56.0,-138.20668223106975,34.32598201939744,52.573497187569394
./csi-dataset/uva-communication-28G-csi-nlos/t16x16_r2x1_test_small/10032-run00000-88.mat,-116.8260487126385,24.0,62.0,-118.11757607170205,-0.03139698330789065,15.508678674697876,24.0,58.0,-133.06864555853983,1.2915273590635508,4.000000000000042
./csi-dataset/uva-communication-28G-csi-nlos/t16x16_r2x1_test_small/10032-run00000-89.mat,-126.9878392879236,351.0,40.0,-127.61986342198993,0.3588100085378647,9.654717683792114,350.0,41.0,-141.27322009354475,0.6320241340663273,1.1923597758459477
./csi-dataset/uva-communication-28G-csi-nlos/t16x16_r2x1_test_small/10032-run00000-9.mat,-122.08790175668648,277.0,45.0,-157.6790984581565,-0.4052325418985572,14.334960460662842,130.0,9.0,-139.1959442845616,35.59119670147001,52.72574910916463
./csi-dataset/uva-communication-28G-csi-nlos/t16x16_r2x1_test_small/10032-run00000-90.mat,-151.1677163076008,174.0,60.0,-152.33414964775807,0.28771656440190674,0.3070526123046875,176.0,57.0,-159.65314354902824,1.1664333401572549,3.4505778255972213
./csi-dataset/uva-communication-28G-csi-nlos/t16x16_r2x1_test_small/10032-run00000-91.mat,-126.52823610762552,258.0,41.0,-126.85631881603035,0.19042970057606046,14.506930589675903,257.0,41.0,-141.26614499466692,0.32808270840483544,0.6560542860149853
./csi-dataset/uva-communication-28G-csi-nlos/t16x16_r2x1_test_small/10032-run00000-92.mat,-109.46013113038316,212.0,64.0,-109.53103212891712,-0.2309885060634953,14.92540168762207,212.0,64.0,-121.342967177905,0.0709009985339577,0.0
./csi-dataset/uva-communication-28G-csi-nlos/t16x16_r2x1_test_small/10032-run00000-93.mat,-132.83744423900282,335.0,73.0,-158.96182942266648,0.1203472660646081,9.928346157073975,230.0,46.0,-148.68444032463583,26.124385183663662,88.5643188169552
./csi-dataset/uva-communication-28G-csi-nlos/t16x16_r2x1_test_small/10032-run00000-94.mat,-151.80503640675204,80.0,8.0,-151.81516013946774,0.2451187040498657,8.87321162223816,80.0,8.0,-158.64697668738896,0.010123732715697997,0.0
./csi-dataset/uva-communication-28G-csi-nlos/t16x16_r2x1_test_small/10032-run00000-95.mat,-111.54902929581696,211.0,49.0,-137.65383862431796,0.023222994296624444,14.845606565475464,286.0,55.0,-130.10659593496035,26.10480932850099,57.567366814081964
./csi-dataset/uva-communication-28G-csi-nlos/t16x16_r2x1_test_small/10032-run00000-96.mat,-109.32339377968904,345.0,85.0,-110.02199792912565,0.42267507768812473,9.919151544570923,346.0,76.0,-122.12870900377911,0.6986041494366049,9.053761055091856
./csi-dataset/uva-communication-28G-csi-nlos/t16x16_r2x1_test_small/10032-run00000-97.mat,-109.25652973306929,47.0,44.0,-109.40544139797707,0.08098100894505156,15.593726873397827,46.0,44.0,-122.18509078034143,0.14891166490778573,0.6946538081101133
./csi-dataset/uva-communication-28G-csi-nlos/t16x16_r2x1_test_small/10032-run00000-98.mat,-107.16464866521764,249.0,49.0,-107.19848775442483,-0.017189314458541327,16.576206922531128,249.0,49.0,-122.15448252965348,0.033839089207191364,0.0
./csi-dataset/uva-communication-28G-csi-nlos/t16x16_r2x1_test_small/10032-run00000-99.mat,-116.74490732994586,4.0,72.0,-116.7547675229481,0.14168780416281135,13.112902879714966,4.0,72.0,-130.99470678133792,0.009860193002239726,0.0
./csi-dataset/uva-communication-28G-csi-nlos/t16x16_r2x1_test_small/10032-run00001-1.mat,-103.7351395907344,315.0,65.0,-154.60728905042114,-0.2708258058403017,15.800061464309692,184.0,25.0,-122.79559781506107,50.87214945968674,82.43001954241133
./csi-dataset/uva-communication-28G-csi-nlos/t16x16_r2x1_test_small/10032-run00001-10.mat,-115.5844769459368,158.0,53.0,-117.47846746835621,-0.7725346395057946,14.937288045883179,160.0,50.0,-131.76816541562775,1.893990522419415,3.383516409303785
./csi-dataset/uva-communication-28G-csi-nlos/t16x16_r2x1_test_small/10032-run00001-100.mat,-123.76341253330062,233.0,57.0,-123.76399928181388,-0.9852564089203297,15.604705572128296,234.0,58.0,-138.2955581593251,0.0005867485132569072,1.308152848764859
./csi-dataset/uva-communication-28G-csi-nlos/t16x16_r2x1_test_small/10032-run00001-11.mat,-114.84426131296752,238.0,39.0,-114.95237029315079,0.18235513070258835,15.570688247680664,238.0,39.0,-127.9455302936226,0.10810898018327464,0.0
./csi-dataset/uva-communication-28G-csi-nlos/t16x16_r2x1_test_small/10032-run00001-12.mat,-143.74025355029428,213.0,57.0,-144.66565526523038,0.22432223391290274,12.490057706832886,212.0,55.0,-154.82412999903244,0.9254017149361005,2.1649787038774506
./csi-dataset/uva-communication-28G-csi-nlos/t16x16_r2x1_test_small/10032-run00001-13.mat,-127.86862165203664,195.0,60.0,-159.94877957189945,-0.05384106860338633,13.742437362670898,72.0,18.0,-145.17183470035152,32.08015791986281,70.74495157804206
./csi-dataset/uva-communication-28G-csi-nlos/t16x16_r2x1_test_small/10032-run00001-14.mat,-108.3227566662104,193.0,16.0,-108.39356363108064,-0.34397075894034934,15.29752492904663,192.0,16.0,-120.82675820984707,0.0708069648702434,0.2756341231238412
./csi-dataset/uva-communication-28G-csi-nlos/t16x16_r2x1_test_small/10032-run00001-15.mat,-104.67624578620048,306.0,25.0,-104.88805566677394,-0.17177478760717269,14.642728567123413,306.0,26.0,-121.31262399671274,0.21180988057345473,0.9999999999999002
./csi-dataset/uva-communication-28G-csi-nlos/t16x16_r2x1_test_small/10032-run00001-16.mat,-109.41606570330528,326.0,68.0,-109.4105198143332,0.12222812953799012,14.005177021026611,327.0,69.0,-124.23170473706418,-0.005545888972079638,1.3658849490661769
./csi-dataset/uva-communication-28G-csi-nlos/t16x16_r2x1_test_small/10032-run00001-17.mat,-106.49123276900092,177.0,39.0,-106.60914783849668,-0.08464766324462158,15.112176895141602,177.0,38.0,-121.6696094739985,0.11791506949576558,1.0000000000006293
./csi-dataset/uva-communication-28G-csi-nlos/t16x16_r2x1_test_small/10032-run00001-18.mat,-114.80389795173282,328.0,39.0,-114.8218312599735,-0.702216231912302,14.546947240829468,328.0,39.0,-127.90069732293217,0.01793330824067141,0.0
./csi-dataset/uva-communication-28G-csi-nlos/t16x16_r2x1_test_small/10032-run00001-19.mat,-126.38237650093926,266.0,50.0,-126.41750831582955,0.09941089461825181,14.556150674819946,266.0,51.0,-139.57451314092575,0.035131814890291935,0.9999999999999002
./csi-dataset/uva-communication-28G-csi-nlos/t16x16_r2x1_test_small/10032-run00001-2.mat,-131.00807452094656,259.0,13.0,-131.05904152849163,-0.11410956376127612,13.609248638153076,258.0,14.0,-144.08596200566075,0.050967007545068554,1.0268505451946122
./csi-dataset/uva-communication-28G-csi-nlos/t16x16_r2x1_test_small/10032-run00001-20.mat,-118.25626575441648,117.0,28.0,-118.32755828044995,0.28181964196222065,14.819040775299072,116.0,28.0,-131.58356160564063,0.07129252603347425,0.46946691737256885
./csi-dataset/uva-communication-28G-csi-nlos/t16x16_r2x1_test_small/10032-run00001-21.mat,-116.2305169282831,153.0,41.0,-159.98457650597175,-0.051939708569249454,14.968167543411255,99.0,53.0,-134.62157137367126,43.75405957768865,40.34440376318658
./csi-dataset/uva-communication-28G-csi-nlos/t16x16_r2x1_test_small/10032-run00001-22.mat,-113.7703143357085,328.0,21.0,-114.45298345283891,-0.10448227635127583,14.677844285964966,329.0,19.0,-128.00613553670354,0.682669117130402,2.028963842093009
./csi-dataset/uva-communication-28G-csi-nlos/t16x16_r2x1_test_small/10032-run00001-23.mat,-108.90614567694612,284.0,29.0,-157.95098503247033,-0.1821948342676576,13.705141305923462,49.0,64.0,-128.74813687170493,49.0448393555242,82.3295222500669
./csi-dataset/uva-communication-28G-csi-nlos/t16x16_r2x1_test_small/10032-run00001-24.mat,-103.20722703324002,318.0,69.0,-103.63313965851165,0.07672455622563912,14.933576822280884,318.0,66.0,-116.56399373538417,0.42591262527163565,2.9999999999999227
./csi-dataset/uva-communication-28G-csi-nlos/t16x16_r2x1_test_small/10032-run00001-25.mat,-115.4547061853504,241.0,16.0,-115.43362959554862,0.1072752208132478,13.947154760360718,241.0,16.0,-130.7176699543004,-0.021076589801779733,0.0
./csi-dataset/uva-communication-28G-csi-nlos/t16x16_r2x1_test_small/10032-run00001-26.mat,-108.26844398175342,344.0,23.0,-108.35915434748912,-0.12341022282052894,13.304232835769653,343.0,23.0,-122.69549828801095,0.09071036573570268,0.3907269263119075
./csi-dataset/uva-communication-28G-csi-nlos/t16x16_r2x1_test_small/10032-run00001-27.mat,-125.56822162099448,335.0,55.0,-157.00502062592986,-1.1784165577173975,14.430617094039917,347.0,89.0,-143.934835116926,31.43679900493538,35.79255108690069
./csi-dataset/uva-communication-28G-csi-nlos/t16x16_r2x1_test_small/10032-run00001-28.mat,-116.45127556523236,192.0,65.0,-116.81925365867735,-0.08494626460628885,15.698355913162231,192.0,63.0,-129.59968569772664,0.36797809344498944,2.0000000000003118
./csi-dataset/uva-communication-28G-csi-nlos/t16x16_r2x1_test_small/10032-run00001-29.mat,-114.8296003517222,126.0,26.0,-114.86302198917625,0.16831888146323482,16.312329053878784,125.0,26.0,-128.92238824265274,0.033421637454040365,0.43836665202310754
./csi-dataset/uva-communication-28G-csi-nlos/t16x16_r2x1_test_small/10032-run00001-3.mat,-119.71297753169856,206.0,68.0,-119.80312852782384,-0.2160134776488094,14.999777793884277,207.0,67.0,-135.4498709665779,0.09015099612528843,1.3614394577044877
./csi-dataset/uva-communication-28G-csi-nlos/t16x16_r2x1_test_small/10032-run00001-30.mat,-143.90388018413097,287.0,24.0,-143.93601444802297,-0.5518470918447553,13.041080713272095,289.0,24.0,-155.86946112636758,0.032134263892004356,0.8134388186080176
./csi-dataset/uva-communication-28G-csi-nlos/t16x16_r2x1_test_small/10032-run00001-31.mat,-116.03940313497756,57.0,52.0,-159.47476040333478,-0.4159853566669891,13.963526248931885,191.0,89.0,-135.9344129440969,43.43535726835722,122.45045588581263
./csi-dataset/uva-communication-28G-csi-nlos/t16x16_r2x1_test_small/10032-run00001-32.mat,-111.56125080952329,300.0,72.0,-111.57313418514403,-0.0006002673585361329,15.066365242004395,301.0,71.0,-124.42609451305685,0.011883375620740821,1.3781454783867997
./csi-dataset/uva-communication-28G-csi-nlos/t16x16_r2x1_test_small/10032-run00001-33.mat,-107.80718186211678,263.0,27.0,-107.76861083800691,0.048403065527168,15.911892652511597,263.0,27.0,-120.74397284606687,-0.03857102410987068,0.0
./csi-dataset/uva-communication-28G-csi-nlos/t16x16_r2x1_test_small/10032-run00001-34.mat,-113.78450248341926,42.0,39.0,-113.92524941310063,-0.21261097018319752,14.996453285217285,41.0,39.0,-129.26944039080033,0.14074692968137015,0.6293155668564437
./csi-dataset/uva-communication-28G-csi-nlos/t16x16_r2x1_test_small/10032-run00001-35.mat,-112.36024680552244,296.0,11.0,-112.39215991121222,0.06124267814848516,14.742850303649902,294.0,11.0,-125.65457221840981,0.03191310568978167,0.3815993217541834
./csi-dataset/uva-communication-28G-csi-nlos/t16x16_r2x1_test_small/10032-run00001-36.mat,-117.9498194991337,40.0,10.0,-118.10705909662707,-0.15487108684561557,15.50957989692688,36.0,10.0,-133.39267374721175,0.15723959749337268,0.69445591342803
./csi-dataset/uva-communication-28G-csi-nlos/t16x16_r2x1_test_small/10032-run00001-37.mat,-114.69491658798,299.0,59.0,-114.87816543936833,-0.09171781643295374,14.857266902923584,299.0,59.0,-131.40898500534777,0.1832488513883277,1.2074182697257333e-06
./csi-dataset/uva-communication-28G-csi-nlos/t16x16_r2x1_test_small/10032-run00001-38.mat,-117.74685320564222,227.0,47.0,-157.36265529369533,-0.05315476875094105,15.58039402961731,255.0,88.0,-135.80850296042254,39.6158020880531,47.998117836198496
./csi-dataset/uva-communication-28G-csi-nlos/t16x16_r2x1_test_small/10032-run00001-39.mat,-149.183261505641,167.0,61.0,-159.9975711816493,-0.3790110073238473,14.667701959609985,223.0,30.0,-158.9860673360263,10.814309676008293,48.36384078018521
./csi-dataset/uva-communication-28G-csi-nlos/t16x16_r2x1_test_small/10032-run00001-4.mat,-119.61441486399508,263.0,35.0,-159.99971111002094,0.0783609368421706,13.739771366119385,190.0,28.0,-140.18063725039664,40.38529624602586,36.67872075158762
./csi-dataset/uva-communication-28G-csi-nlos/t16x16_r2x1_test_small/10032-run00001-40.mat,-105.38754801211644,196.0,31.0,-105.38519412034739,-0.37262521845279317,14.686780214309692,197.0,31.0,-118.06378147824398,-0.0023538917690473227,0.5150332718683522
./csi-dataset/uva-communication-28G-csi-nlos/t16x16_r2x1_test_small/10032-run00001-41.mat,-147.5175827888051,326.0,49.0,-148.08552376530764,0.2400556310626618,12.616376399993896,325.0,50.0,-157.39042222534704,0.5679409765025412,1.2562500714928588
./csi-dataset/uva-communication-28G-csi-nlos/t16x16_r2x1_test_small/10032-run00001-42.mat,-108.91779376183196,292.0,71.0,-109.42080399165248,-0.3773724142516057,14.624001741409302,291.0,74.0,-123.67405608784993,0.5030102298205179,3.1479047203943815
./csi-dataset/uva-communication-28G-csi-nlos/t16x16_r2x1_test_small/10032-run00001-43.mat,-112.0997952423339,196.0,50.0,-159.72685296675812,-0.12279378407584707,13.789528608322144,91.0,62.0,-131.08530592135872,47.62705772442422,82.72041213470119
./csi-dataset/uva-communication-28G-csi-nlos/t16x16_r2x1_test_small/10032-run00001-44.mat,-120.0893277574665,210.0,52.0,-120.28847301675883,-0.28101431673224053,14.579638481140137,210.0,51.0,-132.17788910028383,0.1991452592923224,0.9999999999999002
./csi-dataset/uva-communication-28G-csi-nlos/t16x16_r2x1_test_small/10032-run00001-45.mat,-110.20957380995428,32.0,33.0,-110.46009906684161,-0.012730972072021007,15.45876955986023,33.0,34.0,-125.23691139233831,0.25052525688732885,1.142177030716677
./csi-dataset/uva-communication-28G-csi-nlos/t16x16_r2x1_test_small/10032-run00001-46.mat,-114.80178624397644,326.0,32.0,-114.85865097057597,0.04403599209311748,15.22439455986023,326.0,32.0,-128.97990915628083,0.056864726599528126,8.537736462515939e-07
./csi-dataset/uva-communication-28G-csi-nlos/t16x16_r2x1_test_small/10032-run00001-47.mat,-116.39898815782416,308.0,57.0,-116.77769766867826,-0.46618385090777914,15.12675666809082,307.0,57.0,-131.89808427188925,0.3787095108540939,0.8386674103155618
./csi-dataset/uva-communication-28G-csi-nlos/t16x16_r2x1_test_small/10032-run00001-48.mat,-130.5460781047837,215.0,32.0,-148.48305822016948,0.18711106722864945,16.579436540603638,202.0,24.0,-149.00186141412965,17.93698011538578,10.02106158046151
./csi-dataset/uva-communication-28G-csi-nlos/t16x16_r2x1_test_small/10032-run00001-49.mat,-107.43057116675024,117.0,16.0,-107.68479988636625,-0.11617560850533049,13.354573011398315,117.0,15.0,-121.8655814818305,0.2542287196160089,0.9999999999999002
./csi-dataset/uva-communication-28G-csi-nlos/t16x16_r2x1_test_small/10032-run00001-5.mat,-121.79421909305152,257.0,58.0,-159.6557017800728,-0.2966111288509756,15.074946165084839,99.0,27.0,-143.63893698571528,37.86148268702128,83.38539403291556
./csi-dataset/uva-communication-28G-csi-nlos/t16x16_r2x1_test_small/10032-run00001-50.mat,-110.9723463264858,271.0,43.0,-111.01886624121134,-0.29901359448691056,13.703040599822998,271.0,43.0,-123.98032067632087,0.04651991472553618,0.0
./csi-dataset/uva-communication-28G-csi-nlos/t16x16_r2x1_test_small/10032-run00001-51.mat,-111.11451002339189,195.0,22.0,-157.1654433890601,-0.2131359563036117,13.397858619689941,309.0,60.0,-128.86598533112135,46.050933365668214,70.63171955291274
./csi-dataset/uva-communication-28G-csi-nlos/t16x16_r2x1_test_small/10032-run00001-52.mat,-127.51167146021926,161.0,45.0,-127.95921233217122,0.012136405397712324,15.675384759902954,161.0,44.0,-140.9967056631613,0.4475408719519578,0.9999999999999002
./csi-dataset/uva-communication-28G-csi-nlos/t16x16_r2x1_test_small/10032-run00001-53.mat,-110.73885896997028,355.0,42.0,-139.183246857059,-0.6899754110056409,13.712090492248535,269.0,7.0,-133.7142764667428,28.444387887088723,41.987230720742375
./csi-dataset/uva-communication-28G-csi-nlos/t16x16_r2x1_test_small/10032-run00001-54.mat,-106.91612546729544,205.0,67.0,-144.45142907974747,-0.04920131000482275,14.093315601348877,224.0,26.0,-127.20360644114237,37.535303612452026,42.88466330752451
./csi-dataset/uva-communication-28G-csi-nlos/t16x16_r2x1_test_small/10032-run00001-55.mat,-156.30798837123592,227.0,20.0,-156.3260872842431,0.20320767464277478,0.33649659156799316,227.0,20.0,-159.816183130186,0.018098913007179362,0.0
./csi-dataset/uva-communication-28G-csi-nlos/t16x16_r2x1_test_small/10032-run00001-56.mat,-110.38517901346516,176.0,52.0,-156.99222471222268,0.01565811969746289,15.224938154220581,134.0,68.0,-128.87127877292,46.60704569875752,39.322141948452845
./csi-dataset/uva-communication-28G-csi-nlos/t16x16_r2x1_test_small/10032-run00001-57.mat,-137.19100134382683,196.0,38.0,-137.2928092639312,-0.09981218922783319,14.20998764038086,196.0,38.0,-149.5756057968468,0.10180792010436335,0.0
./csi-dataset/uva-communication-28G-csi-nlos/t16x16_r2x1_test_small/10032-run00001-58.mat,-121.74739185766788,317.0,75.0,-121.92813791505517,-0.5185494746364885,14.278536081314087,317.0,74.0,-135.01136473182927,0.18074605738729588,0.9999999999999002
./csi-dataset/uva-communication-28G-csi-nlos/t16x16_r2x1_test_small/10032-run00001-59.mat,-123.23996784386162,70.0,38.0,-150.7052087470909,0.23542276695502407,14.576531410217285,68.0,52.0,-147.1833225595343,27.465240903229272,14.069823602592884
./csi-dataset/uva-communication-28G-csi-nlos/t16x16_r2x1_test_small/10032-run00001-6.mat,-154.19300143930957,349.0,72.0,-154.59642378287495,0.258513932697788,0.28780221939086914,349.0,70.0,-159.64232151235572,0.4034223435653814,1.9999999999999472
./csi-dataset/uva-communication-28G-csi-nlos/t16x16_r2x1_test_small/10032-run00001-60.mat,-105.14165745592788,338.0,71.0,-105.13822290772197,-0.05358123755996114,14.618218183517456,338.0,71.0,-121.0941675696416,-0.003434548205916599,0.0
./csi-dataset/uva-communication-28G-csi-nlos/t16x16_r2x1_test_small/10032-run00001-61.mat,-113.18320828632297,338.0,53.0,-113.42638073063401,-0.42177649479442425,15.943009376525879,339.0,52.0,-127.1111718915825,0.24317244431104257,1.2764636308920168
./csi-dataset/uva-communication-28G-csi-nlos/t16x16_r2x1_test_small/10032-run00001-62.mat,-112.77196365549544,193.0,67.0,-112.82510204986936,-0.05375068051728493,14.993031978607178,193.0,66.0,-125.26005239966261,0.05313839437391721,0.9999999999999002
./csi-dataset/uva-communication-28G-csi-nlos/t16x16_r2x1_test_small/10032-run00001-63.mat,-112.94200856042096,229.0,63.0,-113.14518454860597,-0.792463766832747,14.816099643707275,229.0,62.0,-125.92265042629627,0.20317598818500926,1.0000000000002647
./csi-dataset/uva-communication-28G-csi-nlos/t16x16_r2x1_test_small/10032-run00001-64.mat,-114.97630910901756,162.0,41.0,-159.287011477111,-0.15985133041326516,14.887706279754639,284.0,41.0,-131.6958924655987,44.310702368093445,70.03157904574401
./csi-dataset/uva-communication-28G-csi-nlos/t16x16_r2x1_test_small/10032-run00001-65.mat,-107.7366825892868,153.0,57.0,-148.442153046995,-0.4834007070048909,15.174647331237793,192.0,20.0,-126.02554784119798,40.7054704577082,42.7171509833146
./csi-dataset/uva-communication-28G-csi-nlos/t16x16_r2x1_test_small/10032-run00001-66.mat,-125.2614540285069,319.0,74.0,-125.42079444197314,-0.19661379192753237,15.797529458999634,319.0,74.0,-140.9932254719689,0.15934041346623928,0.0
./csi-dataset/uva-communication-28G-csi-nlos/t16x16_r2x1_test_small/10032-run00001-67.mat,-113.13408681061892,305.0,50.0,-113.62959614439043,0.15349762162278402,14.188019514083862,305.0,52.0,-128.60307693974175,0.4955093337715084,1.9999999999999472
./csi-dataset/uva-communication-28G-csi-nlos/t16x16_r2x1_test_small/10032-run00001-68.mat,-118.92938738974998,122.0,39.0,-152.47137302400225,0.028543613184991434,14.334144830703735,100.0,56.0,-141.3298684346041,33.54198563425227,23.31911474198468
./csi-dataset/uva-communication-28G-csi-nlos/t16x16_r2x1_test_small/10032-run00001-69.mat,-138.59165291988367,295.0,35.0,-159.94683923233848,-0.19252173652453664,14.321444272994995,145.0,3.0,-154.6821884504534,21.355186312454805,37.62414114481957
./csi-dataset/uva-communication-28G-csi-nlos/t16x16_r2x1_test_small/10032-run00001-7.mat,-119.18306544706311,183.0,71.0,-119.95623523473837,0.06271905483785123,14.265752792358398,182.0,73.0,-132.80158919777654,0.7731697876752577,2.2145846941507137
./csi-dataset/uva-communication-28G-csi-nlos/t16x16_r2x1_test_small/10032-run00001-70.mat,-145.25503621218803,315.0,28.0,-145.63223636848036,0.19771325746979684,15.403855800628662,316.0,27.0,-156.86310678946117,0.37720015629233217,1.101427343591066
./csi-dataset/uva-communication-28G-csi-nlos/t16x16_r2x1_test_small/10032-run00001-71.mat,-105.9571606836335,27.0,35.0,-106.31474786174337,0.018171270582307497,15.138417720794678,25.0,36.0,-122.48049823236161,0.35758717810986695,1.5324936477906932
./csi-dataset/uva-communication-28G-csi-nlos/t16x16_r2x1_test_small/10032-run00001-72.mat,-155.76266510563707,345.0,84.0,-155.76856368048203,0.16541290029731848,0.31986117362976074,346.0,89.0,-159.89345870783626,0.005898574844962923,5.09859132932762
./csi-dataset/uva-communication-28G-csi-nlos/t16x16_r2x1_test_small/10032-run00001-73.mat,-115.5942959701482,29.0,20.0,-115.67247821905991,-0.07270183321297585,15.129420280456543,28.0,21.0,-129.27761005494057,0.0781822489117161,1.0595152430895998
./csi-dataset/uva-communication-28G-csi-nlos/t16x16_r2x1_test_small/10032-run00001-74.mat,-102.5491787274651,7.0,32.0,-103.7382751865405,-0.06842540653897888,15.503332138061523,11.0,31.0,-120.08271079585256,1.189096459075401,2.316417421439838
./csi-dataset/uva-communication-28G-csi-nlos/t16x16_r2x1_test_small/10032-run00001-75.mat,-104.54575704988729,355.0,37.0,-147.45086006204747,0.25528828607032705,15.682554483413696,162.0,89.0,-132.68158921661842,42.90510301216018,124.91517834095743
./csi-dataset/uva-communication-28G-csi-nlos/t16x16_r2x1_test_small/10032-run00001-76.mat,-111.6325846578552,200.0,37.0,-112.07028278655066,-0.1575863125322916,14.743661880493164,199.0,38.0,-126.12539499019861,0.4376981286954589,1.1706951848737317
./csi-dataset/uva-communication-28G-csi-nlos/t16x16_r2x1_test_small/10032-run00001-77.mat,-114.22506861252664,303.0,62.0,-114.28807045237488,0.007361443685092839,14.953408241271973,304.0,64.0,-129.84010988566178,0.06300183984824059,2.1894622783895183
./csi-dataset/uva-communication-28G-csi-nlos/t16x16_r2x1_test_small/10032-run00001-78.mat,-119.6876591151717,329.0,69.0,-119.755078220206,0.003216322603089239,15.21453046798706,329.0,69.0,-132.32022438013894,0.06741910503430404,0.0
./csi-dataset/uva-communication-28G-csi-nlos/t16x16_r2x1_test_small/10032-run00001-79.mat,-133.05521983116824,223.0,28.0,-133.035956993941,0.25058382794741885,14.7083580493927,223.0,28.0,-149.08208166491877,-0.0192628372272452,0.0
./csi-dataset/uva-communication-28G-csi-nlos/t16x16_r2x1_test_small/10032-run00001-8.mat,-100.12429127397652,216.0,70.0,-100.27584376949352,-0.07074561848040006,15.691949605941772,216.0,70.0,-112.83940641816146,0.15155249551699512,0.0
./csi-dataset/uva-communication-28G-csi-nlos/t16x16_r2x1_test_small/10032-run00001-80.mat,-104.69646733823944,243.0,59.0,-104.70146343848134,-0.14215774767309286,15.91657042503357,243.0,60.0,-117.73599479148393,0.004996100241896784,0.9999999999999002
./csi-dataset/uva-communication-28G-csi-nlos/t16x16_r2x1_test_small/10032-run00001-81.mat,-106.01103019353329,330.0,67.0,-106.31087454599266,0.04376584603214373,13.453359603881836,330.0,68.0,-118.39874638557214,0.2998443524593739,1.0000000000002647
./csi-dataset/uva-communication-28G-csi-nlos/t16x16_r2x1_test_small/10032-run00001-82.mat,-128.32966283422223,206.0,49.0,-128.46296291003134,0.06202531162329861,16.80715847015381,206.0,49.0,-141.61501173258344,0.1333000758091032,0.0
./csi-dataset/uva-communication-28G-csi-nlos/t16x16_r2x1_test_small/10032-run00001-83.mat,-107.42512213414342,306.0,61.0,-108.58968364261807,0.22942822484114334,17.179093599319458,305.0,64.0,-124.38782646538941,1.1645615084746481,3.128331509149952
./csi-dataset/uva-communication-28G-csi-nlos/t16x16_r2x1_test_small/10032-run00001-84.mat,-112.8669974004968,352.0,31.0,-112.93623062000907,-0.15608013656146524,14.90360403060913,353.0,31.0,-125.8349145681005,0.06923321951227024,0.5150332718683522
./csi-dataset/uva-communication-28G-csi-nlos/t16x16_r2x1_test_small/10032-run00001-85.mat,-140.48975005377648,1.0,46.0,-141.3683370177578,0.21390119310824451,11.633778095245361,353.0,43.0,-156.2428682839627,0.87858696398132,6.3549997780525285
./csi-dataset/uva-communication-28G-csi-nlos/t16x16_r2x1_test_small/10032-run00001-86.mat,-116.22892311703256,185.0,49.0,-116.27941668952698,0.0889074554633108,16.04630160331726,185.0,50.0,-129.8505037709508,0.05049357249441755,0.9999999999999002
./csi-dataset/uva-communication-28G-csi-nlos/t16x16_r2x1_test_small/10032-run00001-87.mat,-115.7592401298804,347.0,73.0,-115.97601751258608,-0.757403539544832,13.467437982559204,347.0,72.0,-131.8272162939109,0.21677738270568625,0.9999999999999002
./csi-dataset/uva-communication-28G-csi-nlos/t16x16_r2x1_test_small/10032-run00001-88.mat,-107.32940307204784,301.0,50.0,-108.14134781532422,-0.5890539868734372,14.299479007720947,300.0,51.0,-122.58713266957122,0.8119447432763849,1.2630726248457664
./csi-dataset/uva-communication-28G-csi-nlos/t16x16_r2x1_test_small/10032-run00001-89.mat,-123.97683739311368,160.0,5.0,-123.98625730888648,-0.18984846908645125,14.34458041191101,159.0,5.0,-140.02010824091687,0.009419915772795662,0.08715464493620846
./csi-dataset/uva-communication-28G-csi-nlos/t16x16_r2x1_test_small/10032-run00001-9.mat,-110.80877765791348,337.0,73.0,-111.37817607906194,-0.006873266895536245,15.965151309967041,337.0,72.0,-125.8851513272525,0.5693984211484633,1.0000000000002647
./csi-dataset/uva-communication-28G-csi-nlos/t16x16_r2x1_test_small/10032-run00001-90.mat,-159.94925924989457,192.0,86.0,-159.95115028893383,0.4317460143127495,0.291900634765625,192.0,83.0,-159.99818432589169,0.0018910390392647969,3.000000000000166
./csi-dataset/uva-communication-28G-csi-nlos/t16x16_r2x1_test_small/10032-run00001-91.mat,-122.50407384162531,275.0,19.0,-159.98295849052727,0.06332467130095243,14.941574096679688,114.0,57.0,-139.34804313399925,37.47888464890195,75.11986386011151
./csi-dataset/uva-communication-28G-csi-nlos/t16x16_r2x1_test_small/10032-run00001-92.mat,-100.55676994726436,241.0,57.0,-100.70614675261616,0.13157756226329487,13.805522680282593,241.0,57.0,-114.60365555572723,0.14937680535180675,0.0
./csi-dataset/uva-communication-28G-csi-nlos/t16x16_r2x1_test_small/10032-run00001-93.mat,-118.56890309226304,330.0,67.0,-119.55660018912765,-0.3059569913347693,15.776833295822144,332.0,73.0,-137.26478962905395,0.9876970968646077,6.287092685265684
./csi-dataset/uva-communication-28G-csi-nlos/t16x16_r2x1_test_small/10032-run00001-94.mat,-120.70726687459008,343.0,68.0,-121.74521095788026,0.04708786520872077,16.688697814941406,342.0,67.0,-134.52102927142022,1.037944083290185,1.36143945770422
./csi-dataset/uva-communication-28G-csi-nlos/t16x16_r2x1_test_small/10032-run00001-95.mat,-99.31272904882384,235.0,67.0,-99.29031180784355,0.24750866153689088,15.131799221038818,236.0,68.0,-113.81278274668077,-0.022417240980288966,1.3614394577044877
./csi-dataset/uva-communication-28G-csi-nlos/t16x16_r2x1_test_small/10032-run00001-96.mat,-107.13212442025724,257.0,52.0,-107.30371167137135,-0.4748442035220737,14.912837982177734,257.0,52.0,-121.00584457937529,0.17158725111410433,0.0
./csi-dataset/uva-communication-28G-csi-nlos/t16x16_r2x1_test_small/10032-run00001-97.mat,-109.23967491588824,155.0,40.0,-109.24728067474138,-0.426208667375064,16.511754035949707,155.0,41.0,-121.57435960247582,0.007605758853131306,1.0000000000006293
./csi-dataset/uva-communication-28G-csi-nlos/t16x16_r2x1_test_small/10032-run00001-98.mat,-104.61707247868412,277.0,45.0,-105.73235401789674,0.383164148213305,14.931743383407593,277.0,43.0,-118.72024528238818,1.1152815392126172,2.0000000000001297
./csi-dataset/uva-communication-28G-csi-nlos/t16x16_r2x1_test_small/10032-run00001-99.mat,-121.56419486939546,246.0,46.0,-159.19054385137983,0.032087323498780185,16.523982524871826,205.0,24.0,-143.17899831843195,37.626348981984364,31.194240576424058
./csi-dataset/uva-communication-28G-csi-nlos/t16x16_r2x1_test_small/10032-run00002-1.mat,-115.28859562432164,351.0,55.0,-115.5853240807453,0.03680123800334445,14.194871425628662,351.0,55.0,-129.3130534083051,0.29672845642365075,0.0
./csi-dataset/uva-communication-28G-csi-nlos/t16x16_r2x1_test_small/10032-run00002-10.mat,-120.40423741366624,103.0,20.0,-152.5172124158817,-0.30124489824286127,17.492559909820557,18.0,79.0,-138.82700028180267,32.11297500221545,77.96183761586761
./csi-dataset/uva-communication-28G-csi-nlos/t16x16_r2x1_test_small/10032-run00002-100.mat,-116.12985047821503,139.0,41.0,-142.53323039674405,0.06336948239135354,10.761348247528076,125.0,75.0,-136.972223267473,26.403379918529012,35.88317010562957
./csi-dataset/uva-communication-28G-csi-nlos/t16x16_r2x1_test_small/10032-run00002-11.mat,-113.7080684668733,211.0,62.0,-114.52649608715214,0.2696165974642857,11.242945909500122,210.0,63.0,-127.58714898147916,0.8184276202788396,1.3366928403881593
./csi-dataset/uva-communication-28G-csi-nlos/t16x16_r2x1_test_small/10032-run00002-12.mat,-121.1576721833598,185.0,27.0,-121.50892458318307,-0.3006927364984826,14.492916107177734,185.0,26.0,-134.84030760071113,0.3512523998232808,0.9999999999999002
./csi-dataset/uva-communication-28G-csi-nlos/t16x16_r2x1_test_small/10032-run00002-13.mat,-122.62495192913984,99.0,37.0,-159.88719932907753,-0.05216186269845591,13.246500968933105,18.0,25.0,-138.50733878506753,37.26224739993769,40.217680619335056
./csi-dataset/uva-communication-28G-csi-nlos/t16x16_r2x1_test_small/10032-run00002-14.mat,-105.54405845549118,344.0,73.0,-153.4274307718557,-0.5305069124969894,15.72212028503418,115.0,62.0,-126.50673226037893,47.88337231636453,114.62606515600105
./csi-dataset/uva-communication-28G-csi-nlos/t16x16_r2x1_test_small/10032-run00002-15.mat,-131.24995187737,252.0,52.0,-131.84013197882308,-0.043828037509955564,13.618640899658203,251.0,53.0,-145.8301274663291,0.5901801014530861,1.2764636308920168
./csi-dataset/uva-communication-28G-csi-nlos/t16x16_r2x1_test_small/10032-run00002-16.mat,-106.3926796412894,158.0,51.0,-106.76338618939796,0.2013260567326448,14.099132776260376,158.0,50.0,-122.16771313664027,0.37070654810855785,0.9999999999999002
./csi-dataset/uva-communication-28G-csi-nlos/t16x16_r2x1_test_small/10032-run00002-17.mat,-120.60133304060363,291.0,55.0,-120.76905825241012,-0.0123290208309641,14.8115713596344,291.0,54.0,-132.9628541999746,0.16772521180648425,0.9999999999999002
./csi-dataset/uva-communication-28G-csi-nlos/t16x16_r2x1_test_small/10032-run00002-18.mat,-119.70161642065128,322.0,52.0,-120.03825467989103,-1.2792672072922633,14.781311273574829,321.0,53.0,-136.1066144191534,0.33663825923974855,1.2764636308920168
./csi-dataset/uva-communication-28G-csi-nlos/t16x16_r2x1_test_small/10032-run00002-19.mat,-113.39510249773768,220.0,6.0,-113.60794083154113,-0.020103691993899275,11.951215505599976,217.0,7.0,-128.00717427210765,0.21283833380344674,1.0557600575222892
./csi-dataset/uva-communication-28G-csi-nlos/t16x16_r2x1_test_small/10032-run00002-2.mat,-100.43917541899202,210.0,33.0,-100.55335385437951,0.22154652565973065,14.56690263748169,210.0,33.0,-116.09507990120731,0.11417843538748684,0.0
./csi-dataset/uva-communication-28G-csi-nlos/t16x16_r2x1_test_small/10032-run00002-20.mat,-117.66726841492378,178.0,76.0,-118.02993006266475,0.05625152949753609,10.941935777664185,180.0,80.0,-134.0808321215279,0.3626616477409641,4.452562046495092
./csi-dataset/uva-communication-28G-csi-nlos/t16x16_r2x1_test_small/10032-run00002-21.mat,-121.9870729375328,191.0,28.0,-124.28646396274343,-0.17608555681691795,11.632812738418579,191.0,25.0,-137.75430635012256,2.2993910252106247,2.9999999999999227
./csi-dataset/uva-communication-28G-csi-nlos/t16x16_r2x1_test_small/10032-run00002-22.mat,-111.98370287722196,253.0,73.0,-112.52741899263302,-0.186109228396661,14.342334747314453,252.0,74.0,-125.86566769657638,0.5437161154110584,1.3853894473662411
./csi-dataset/uva-communication-28G-csi-nlos/t16x16_r2x1_test_small/10032-run00002-23.mat,-117.5374978759969,113.0,18.0,-139.54315623927803,0.26658889289240983,11.474678993225098,96.0,58.0,-138.2759759468849,22.00565836328113,41.01012687114622
./csi-dataset/uva-communication-28G-csi-nlos/t16x16_r2x1_test_small/10032-run00002-24.mat,-104.00145222203123,42.0,23.0,-104.22601336930278,0.114257088649378,13.670465469360352,41.0,24.0,-119.51762283674286,0.22456114727154386,1.076535806711609
./csi-dataset/uva-communication-28G-csi-nlos/t16x16_r2x1_test_small/10032-run00002-25.mat,-104.9982940246693,97.0,11.0,-105.09979747694686,-0.20857419329176485,13.627156019210815,95.0,11.0,-118.45444438569658,0.10150345227755508,0.3815993217541834
./csi-dataset/uva-communication-28G-csi-nlos/t16x16_r2x1_test_small/10032-run00002-26.mat,-101.61779809663108,132.0,40.0,-141.2315455212102,-2.169118477815394,14.791856050491333,157.0,49.0,-121.49698676420962,39.61374742457912,19.569384363039223
./csi-dataset/uva-communication-28G-csi-nlos/t16x16_r2x1_test_small/10032-run00002-27.mat,-112.79466466286269,319.0,56.0,-113.87515209461817,0.06882502537318191,9.79076075553894,318.0,55.0,-125.61219632014874,1.0804874317554862,1.2958150987626595
./csi-dataset/uva-communication-28G-csi-nlos/t16x16_r2x1_test_small/10032-run00002-28.mat,-105.14632051263554,284.0,20.0,-157.23845784726154,-0.04152651934576124,16.486220359802246,172.0,65.0,-125.4732500375649,52.092137334626,73.67936348720991
./csi-dataset/uva-communication-28G-csi-nlos/t16x16_r2x1_test_small/10032-run00002-29.mat,-102.00565578614034,350.0,35.0,-102.77441885965342,0.08113694283035289,13.794199228286743,348.0,34.0,-116.92528333699839,0.7687630735130853,1.510938826912968
./csi-dataset/uva-communication-28G-csi-nlos/t16x16_r2x1_test_small/10032-run00002-3.mat,-110.87996538019664,148.0,56.0,-110.92086063027531,-0.23696125076102703,15.5639967918396,149.0,57.0,-124.51607851756302,0.04089525007867678,1.3020442907410876
./csi-dataset/uva-communication-28G-csi-nlos/t16x16_r2x1_test_small/10032-run00002-30.mat,-112.49175295173102,202.0,69.0,-136.4199669995325,0.34631276374671927,10.059093475341797,333.0,61.0,-129.6113801283077,23.92821404780149,111.22001483513588
./csi-dataset/uva-communication-28G-csi-nlos/t16x16_r2x1_test_small/10032-run00002-31.mat,-119.4219187565006,218.0,52.0,-119.74114715344761,-0.07514456378573087,14.709276914596558,218.0,51.0,-133.4635973517417,0.3192283969470111,0.9999999999999002
./csi-dataset/uva-communication-28G-csi-nlos/t16x16_r2x1_test_small/10032-run00002-32.mat,-116.98576550833153,326.0,79.0,-157.13343842100124,0.23841855590596006,11.198695659637451,341.0,13.0,-141.23797351654173,40.14767291266972,66.47104585867409
./csi-dataset/uva-communication-28G-csi-nlos/t16x16_r2x1_test_small/10032-run00002-33.mat,-118.3223826287101,271.0,53.0,-118.34408793610068,0.2237160021344914,13.855585098266602,271.0,53.0,-132.32367302952784,0.021705307390575967,0.0
./csi-dataset/uva-communication-28G-csi-nlos/t16x16_r2x1_test_small/10032-run00002-34.mat,-114.54059548692848,229.0,63.0,-115.08442484862508,0.1394207398258267,12.203399896621704,228.0,62.0,-127.80387409055393,0.543829361696595,1.3366928403881593
./csi-dataset/uva-communication-28G-csi-nlos/t16x16_r2x1_test_small/10032-run00002-35.mat,-129.38716807442032,287.0,47.0,-129.72768665522378,0.28169854048865184,11.547093152999878,286.0,47.0,-142.370131568309,0.34051858080346165,0.7313493840048898
./csi-dataset/uva-communication-28G-csi-nlos/t16x16_r2x1_test_small/10032-run00002-36.mat,-98.8692180081584,262.0,59.0,-146.61387498965743,0.06396718494598008,11.775780439376831,241.0,84.0,-119.04133416786937,47.744656981499034,31.822359684300423
./csi-dataset/uva-communication-28G-csi-nlos/t16x16_r2x1_test_small/10032-run00002-37.mat,-116.52651746164062,2.0,46.0,-159.8177731483611,0.15168752120052342,13.08939528465271,77.0,75.0,-136.23229734914273,43.29125568672049,68.92278517081398
./csi-dataset/uva-communication-28G-csi-nlos/t16x16_r2x1_test_small/10032-run00002-38.mat,-98.47399114989274,241.0,54.0,-99.01848735761752,-0.8003509481815312,14.266660690307617,240.0,53.0,-113.1108112356727,0.5444962077247766,1.283018589070848
./csi-dataset/uva-communication-28G-csi-nlos/t16x16_r2x1_test_small/10032-run00002-39.mat,-100.21987623486535,270.0,56.0,-100.42208842649983,0.042539427640105876,15.012529134750366,270.0,57.0,-114.66140835293237,0.20221219163447302,0.9999999999999002
./csi-dataset/uva-communication-28G-csi-nlos/t16x16_r2x1_test_small/10032-run00002-4.mat,-118.49368086520612,284.0,75.0,-118.6010268292691,0.07052924676315131,14.30075979232788,284.0,75.0,-132.96472089976635,0.10734596406298635,0.0
./csi-dataset/uva-communication-28G-csi-nlos/t16x16_r2x1_test_small/10032-run00002-40.mat,-110.2872163933886,232.0,50.0,-110.42472196094792,0.11250770291946066,15.66257381439209,232.0,50.0,-123.45098651088398,0.13750556755931598,0.0
./csi-dataset/uva-communication-28G-csi-nlos/t16x16_r2x1_test_small/10032-run00002-41.mat,-112.859000405316,288.0,21.0,-148.02211530933226,0.18745595499758072,9.857960939407349,267.0,52.0,-128.8151892369331,35.16311490401627,33.02734273547508
./csi-dataset/uva-communication-28G-csi-nlos/t16x16_r2x1_test_small/10032-run00002-42.mat,-124.41484635921466,186.0,67.0,-159.38221822425533,0.21136281179884586,10.664734125137329,251.0,32.0,-146.4743267176383,34.96737186504066,57.485765228227685
./csi-dataset/uva-communication-28G-csi-nlos/t16x16_r2x1_test_small/10032-run00002-43.mat,-130.5801951788317,230.0,42.0,-130.77201857910165,0.2852804745140002,11.162738800048828,232.0,42.0,-144.94166394171967,0.19182340026995348,1.3382236885273253
./csi-dataset/uva-communication-28G-csi-nlos/t16x16_r2x1_test_small/10032-run00002-44.mat,-111.5156755398573,259.0,43.0,-111.60689334989492,0.01732049444211181,11.06128191947937,259.0,44.0,-125.20304869171424,0.09121781003761953,1.0000000000002647
./csi-dataset/uva-communication-28G-csi-nlos/t16x16_r2x1_test_small/10032-run00002-45.mat,-105.97730707489671,300.0,55.0,-106.77544799611618,0.08836622278743744,15.823695182800293,299.0,54.0,-119.80171960974121,0.7981409212194706,1.2894711697613097
./csi-dataset/uva-communication-28G-csi-nlos/t16x16_r2x1_test_small/10032-run00002-46.mat,-123.83436122925698,353.0,65.0,-159.52669142380464,-0.07571249758704712,14.316681623458862,221.0,71.0,-140.2861672450525,35.69233019454765,115.83669451463645
./csi-dataset/uva-communication-28G-csi-nlos/t16x16_r2x1_test_small/10032-run00002-47.mat,-102.66707686734874,290.0,34.0,-146.4102202113224,0.1388764236557103,15.289461374282837,106.0,20.0,-127.31874935936025,43.74314334397367,53.966998205717836
./csi-dataset/uva-communication-28G-csi-nlos/t16x16_r2x1_test_small/10032-run00002-48.mat,-110.7519502150885,18.0,62.0,-110.75026871803442,0.23177975143159446,15.690847158432007,18.0,63.0,-123.96996388490479,-0.0016814970540792729,1.0000000000002647
./csi-dataset/uva-communication-28G-csi-nlos/t16x16_r2x1_test_small/10032-run00002-49.mat,-115.5230744466782,149.0,36.0,-149.43191543558729,0.19385637723575955,15.925763368606567,46.0,9.0,-134.7788824258493,33.90884098890909,38.888202568592966
./csi-dataset/uva-communication-28G-csi-nlos/t16x16_r2x1_test_small/10032-run00002-5.mat,-118.1132226390016,94.0,45.0,-118.22859993413941,0.175829311744914,14.105995893478394,94.0,45.0,-131.41776829877918,0.11537729513780448,0.0
./csi-dataset/uva-communication-28G-csi-nlos/t16x16_r2x1_test_small/10032-run00002-50.mat,-109.02166544087343,249.0,53.0,-154.61666985975737,0.07076062676838402,11.99117398262024,304.0,50.0,-126.92911255779408,45.59500441888393,42.46009089020611
./csi-dataset/uva-communication-28G-csi-nlos/t16x16_r2x1_test_small/10032-run00002-51.mat,-112.22705753664896,332.0,68.0,-113.25104418606276,0.021576676444386433,11.403412103652954,331.0,67.0,-126.47710790744574,1.0239866494138,1.3614394577044877
./csi-dataset/uva-communication-28G-csi-nlos/t16x16_r2x1_test_small/10032-run00002-52.mat,-119.37807187963293,285.0,13.0,-119.5803738622603,-0.3360103940665695,11.764012813568115,287.0,14.0,-132.42866902527868,0.2023019826273753,1.103481985920981
./csi-dataset/uva-communication-28G-csi-nlos/t16x16_r2x1_test_small/10032-run00002-53.mat,-135.56900347993306,357.0,62.0,-136.59001822137182,0.11208063427419657,15.180477857589722,356.0,60.0,-149.37081938544262,1.021014741438762,2.1828435096326433
./csi-dataset/uva-communication-28G-csi-nlos/t16x16_r2x1_test_small/10032-run00002-54.mat,-102.54197970882248,173.0,16.0,-150.25053986375502,-0.5657724122314483,14.058787107467651,78.0,51.0,-121.88576199942057,47.70856015493254,54.10710412769119
./csi-dataset/uva-communication-28G-csi-nlos/t16x16_r2x1_test_small/10032-run00002-55.mat,-113.34748241646466,79.0,31.0,-154.80901989903043,-0.3768676073756878,14.106369256973267,6.0,40.0,-130.73102546984933,41.461537482565774,41.11242210295294
./csi-dataset/uva-communication-28G-csi-nlos/t16x16_r2x1_test_small/10032-run00002-56.mat,-109.24047383454078,246.0,28.0,-111.99224894552934,-1.1833730784270902,15.16525912284851,240.0,28.0,-125.8673402876716,2.751775110988561,2.8158258361957618
./csi-dataset/uva-communication-28G-csi-nlos/t16x16_r2x1_test_small/10032-run00002-57.mat,-114.91802340628666,15.0,16.0,-115.20396482491552,0.2293433257326286,15.711666822433472,17.0,17.0,-131.09574486766252,0.2859414186288518,1.1499306616029856
./csi-dataset/uva-communication-28G-csi-nlos/t16x16_r2x1_test_small/10032-run00002-58.mat,-114.97751647926556,73.0,29.0,-124.28211797828843,0.0744421689285687,14.958644151687622,64.0,25.0,-132.84500983127586,9.304601499022866,5.708098418704734
./csi-dataset/uva-communication-28G-csi-nlos/t16x16_r2x1_test_small/10032-run00002-59.mat,-134.61338827232498,277.0,39.0,-134.7526019084567,-0.15788401302548372,10.303810119628906,277.0,40.0,-147.05048933963798,0.13921363613172844,0.9999999999999002
./csi-dataset/uva-communication-28G-csi-nlos/t16x16_r2x1_test_small/10032-run00002-6.mat,-115.24098278651154,337.0,73.0,-115.90575356067909,-0.37005713289629627,13.225426197052002,336.0,73.0,-127.04878315893976,0.6647707741675504,0.956303718381467
./csi-dataset/uva-communication-28G-csi-nlos/t16x16_r2x1_test_small/10032-run00002-60.mat,-133.53946582174126,131.0,63.0,-133.60056798164277,0.052300457267504985,15.578367233276367,131.0,65.0,-146.75268780021284,0.06110215990150891,2.0000000000001297
./csi-dataset/uva-communication-28G-csi-nlos/t16x16_r2x1_test_small/10032-run00002-61.mat,-120.67837659863424,227.0,70.0,-121.47839644796251,-0.32054058651962825,15.042075395584106,227.0,66.0,-136.3308470865893,0.8000198493282653,3.99999999999995
./csi-dataset/uva-communication-28G-csi-nlos/t16x16_r2x1_test_small/10032-run00002-62.mat,-114.4016403042146,333.0,68.0,-157.88788376933275,-0.34175133124275026,15.032887935638428,140.0,37.0,-131.5873128765581,43.48624346511815,104.15333405725035
./csi-dataset/uva-communication-28G-csi-nlos/t16x16_r2x1_test_small/10032-run00002-63.mat,-125.57763560364064,23.0,16.0,-125.65541616327458,0.13110354994902185,14.112349033355713,25.0,16.0,-140.4191065528745,0.07778055963393626,0.551248850192051
./csi-dataset/uva-communication-28G-csi-nlos/t16x16_r2x1_test_small/10032-run00002-64.mat,-129.12193239297196,172.0,46.0,-159.24966273043535,0.07895272042433299,15.12201452255249,349.0,76.0,-147.53693739148508,30.12773033746339,121.93539658019644
./csi-dataset/uva-communication-28G-csi-nlos/t16x16_r2x1_test_small/10032-run00002-65.mat,-126.22189749034916,108.0,45.0,-159.56388880585234,0.24187952948053315,14.581355810165405,335.0,23.0,-143.33132899355843,33.34199131550318,62.45359748946095
./csi-dataset/uva-communication-28G-csi-nlos/t16x16_r2x1_test_small/10032-run00002-66.mat,-112.46650343006424,12.0,47.0,-112.69899611829703,-0.28410309636690445,14.839252948760986,11.0,47.0,-126.01021718520771,0.23249268823279579,0.7313493840043914
./csi-dataset/uva-communication-28G-csi-nlos/t16x16_r2x1_test_small/10032-run00002-67.mat,-118.49463958148569,348.0,48.0,-118.60137139193009,0.05551461767167598,16.275256633758545,349.0,47.0,-131.12288234956281,0.10673181044440128,1.242386017010032
./csi-dataset/uva-communication-28G-csi-nlos/t16x16_r2x1_test_small/10032-run00002-68.mat,-117.50661492477518,350.0,53.0,-117.67253984794408,-0.09797833060448347,15.455756902694702,350.0,53.0,-130.68209335601534,0.16592492316890173,0.0
./csi-dataset/uva-communication-28G-csi-nlos/t16x16_r2x1_test_small/10032-run00002-69.mat,-119.26537084887464,321.0,42.0,-119.39527984655578,-0.023760332931055173,14.848644256591797,323.0,43.0,-134.20725549681507,0.1299089976811416,1.6808854257346106
./csi-dataset/uva-communication-28G-csi-nlos/t16x16_r2x1_test_small/10032-run00002-7.mat,-108.36760650309516,193.0,41.0,-108.76237466812158,-0.04444590520710734,15.228500127792358,193.0,40.0,-123.18709409658743,0.3947681650264201,1.0000000000002647
./csi-dataset/uva-communication-28G-csi-nlos/t16x16_r2x1_test_small/10032-run00002-70.mat,-122.17369076272512,60.0,31.0,-156.32980130150744,-0.2611514789365159,15.80310583114624,296.0,78.0,-139.60088300788436,34.15611053878233,95.94057457022235
./csi-dataset/uva-communication-28G-csi-nlos/t16x16_r2x1_test_small/10032-run00002-71.mat,-112.60152017638907,352.0,49.0,-112.77840618003394,-0.11908913354624673,16.501041889190674,353.0,48.0,-128.43989877742854,0.17688600364486717,1.2493521292379755
./csi-dataset/uva-communication-28G-csi-nlos/t16x16_r2x1_test_small/10032-run00002-72.mat,-112.10712570847193,274.0,62.0,-112.15943579403928,0.015914635581665726,13.841398477554321,274.0,62.0,-124.65194354347409,0.05231008556735617,0.0
./csi-dataset/uva-communication-28G-csi-nlos/t16x16_r2x1_test_small/10032-run00002-73.mat,-116.52540169754036,128.0,12.0,-116.55542538099266,0.1808480360256699,16.201042890548706,128.0,12.0,-130.9858185855278,0.03002368345229911,0.0
./csi-dataset/uva-communication-28G-csi-nlos/t16x16_r2x1_test_small/10032-run00002-74.mat,-100.2388967411914,285.0,38.0,-100.29093658391898,0.0852061986301188,12.440908908843994,286.0,39.0,-113.63233634907633,0.052039842727580776,1.177905754717762
./csi-dataset/uva-communication-28G-csi-nlos/t16x16_r2x1_test_small/10032-run00002-75.mat,-118.10859685952566,46.0,41.0,-118.45879356234754,-0.4937190823767663,15.13305115699768,47.0,43.0,-134.96363447786527,0.35019670282187576,2.108913412737509
./csi-dataset/uva-communication-28G-csi-nlos/t16x16_r2x1_test_small/10032-run00002-76.mat,-112.6071202706617,8.0,46.0,-113.05069676657044,0.13208040110240415,14.150908946990967,8.0,48.0,-128.68271502545358,0.4435764959087436,1.9999999999999472
./csi-dataset/uva-communication-28G-csi-nlos/t16x16_r2x1_test_small/10032-run00002-77.mat,-121.0836755367059,9.0,49.0,-121.9077328246911,0.14273968120395908,14.816860914230347,10.0,52.0,-139.13168513536925,0.8240572879851982,3.0975772757422684
./csi-dataset/uva-communication-28G-csi-nlos/t16x16_r2x1_test_small/10032-run00002-78.mat,-123.14351801902644,175.0,41.0,-158.67303113371085,-0.19826103327366562,16.000022411346436,233.0,37.0,-141.13702255743456,35.529513114684406,35.71174707614184
./csi-dataset/uva-communication-28G-csi-nlos/t16x16_r2x1_test_small/10032-run00002-79.mat,-122.12824504403008,325.0,71.0,-122.22209206321834,-0.13032700726707658,11.91964340209961,326.0,70.0,-138.61539114942428,0.0938470191882601,1.3742413997796028
./csi-dataset/uva-communication-28G-csi-nlos/t16x16_r2x1_test_small/10032-run00002-8.mat,-122.8520893567579,216.0,70.0,-123.11775273598892,-0.10024405893272492,14.138816356658936,215.0,70.0,-135.8682346475809,0.2656633792310146,0.9396912255611437
./csi-dataset/uva-communication-28G-csi-nlos/t16x16_r2x1_test_small/10032-run00002-80.mat,-114.52949725850604,187.0,72.0,-114.69553226801246,0.26220710767382505,10.844817399978638,187.0,70.0,-127.62363984818978,0.16603500950641603,1.9999999999999472
./csi-dataset/uva-communication-28G-csi-nlos/t16x16_r2x1_test_small/10032-run00002-81.mat,-106.75185852626475,236.0,66.0,-108.01601332654498,-0.2945106202067209,14.769450187683105,234.0,65.0,-122.39132040977763,1.2641548002802239,2.0765172162589582
./csi-dataset/uva-communication-28G-csi-nlos/t16x16_r2x1_test_small/10032-run00002-82.mat,-115.43108598722812,344.0,46.0,-115.69661688753658,-0.023928149719860015,13.74440312385559,344.0,46.0,-130.52055788319,0.2655309003084625,1.2074182697257333e-06
./csi-dataset/uva-communication-28G-csi-nlos/t16x16_r2x1_test_small/10032-run00002-83.mat,-112.51491398790682,160.0,43.0,-112.70303008637413,-0.2180448988898125,11.757563591003418,159.0,43.0,-125.76839570064794,0.18811609846730448,0.6819937299987878
./csi-dataset/uva-communication-28G-csi-nlos/t16x16_r2x1_test_small/10032-run00002-84.mat,-110.6908355360427,210.0,54.0,-110.96473359968988,0.1154921219759446,12.2609281539917,210.0,56.0,-125.17572538089611,0.27389806364718083,1.9999999999999472
./csi-dataset/uva-communication-28G-csi-nlos/t16x16_r2x1_test_small/10032-run00002-85.mat,-136.51489205885665,197.0,33.0,-136.4751997739709,-0.3182899806307453,11.214709043502808,197.0,33.0,-148.65633115369948,-0.03969228488574572,0.0
./csi-dataset/uva-communication-28G-csi-nlos/t16x16_r2x1_test_small/10032-run00002-87.mat,-113.22545047575449,343.0,47.0,-114.01419515244899,0.0344779745716437,15.145598888397217,342.0,46.0,-127.18578519220628,0.7887446766945061,1.2353591410184304
./csi-dataset/uva-communication-28G-csi-nlos/t16x16_r2x1_test_small/10032-run00002-88.mat,-133.1372805270799,198.0,69.0,-159.99012104701842,-0.2259492536167098,13.216683149337769,117.0,33.0,-151.02203607718215,26.852840519938525,67.66049469481331
./csi-dataset/uva-communication-28G-csi-nlos/t16x16_r2x1_test_small/10032-run00002-89.mat,-119.84247289229243,211.0,67.0,-119.83400375553819,-0.27127596279285426,15.201509952545166,212.0,67.0,-132.8184540347036,-0.008469136754243323,0.9205030696913519
./csi-dataset/uva-communication-28G-csi-nlos/t16x16_r2x1_test_small/10032-run00002-9.mat,-118.53001532077695,326.0,64.0,-119.09636924635039,-0.12207789714779294,14.630711078643799,325.0,65.0,-131.2278313645796,0.5663539255734378,1.347078901746263
./csi-dataset/uva-communication-28G-csi-nlos/t16x16_r2x1_test_small/10032-run00002-90.mat,-122.27765949136592,11.0,46.0,-159.99811930919907,0.21722075854251421,12.117214441299438,121.0,36.0,-141.99279182252522,37.720459817833145,65.33081576090538
./csi-dataset/uva-communication-28G-csi-nlos/t16x16_r2x1_test_small/10032-run00002-91.mat,-119.02442448028202,352.0,84.0,-119.3708731011516,0.1548748029067698,11.630526065826416,352.0,89.0,-131.76029990269612,0.3464486208695803,5.000000000000064
./csi-dataset/uva-communication-28G-csi-nlos/t16x16_r2x1_test_small/10032-run00002-92.mat,-115.68596699913678,341.0,64.0,-116.36775731117766,-0.16733908452214563,13.850205659866333,340.0,64.0,-129.14756027261848,0.6817903120408744,0.898791854008643
./csi-dataset/uva-communication-28G-csi-nlos/t16x16_r2x1_test_small/10032-run00002-93.mat,-113.6344351974784,74.0,28.0,-156.32729785110595,-0.6137419110050579,16.856110095977783,107.0,76.0,-132.94798620146355,42.69286265362756,53.4416721601279
./csi-dataset/uva-communication-28G-csi-nlos/t16x16_r2x1_test_small/10032-run00002-94.mat,-115.44826165685116,186.0,61.0,-159.5302455226631,0.043613686189749035,20.16617250442505,89.0,53.0,-132.48212008750068,44.08198386581195,78.07449823145359
./csi-dataset/uva-communication-28G-csi-nlos/t16x16_r2x1_test_small/10032-run00002-95.mat,-152.58258333276223,203.0,21.0,-152.6844101136954,0.22951177189393268,0.374126672744751,202.0,22.0,-159.46734414329893,0.10182678093318032,1.0650121418226677
./csi-dataset/uva-communication-28G-csi-nlos/t16x16_r2x1_test_small/10032-run00002-96.mat,-112.03502261389455,187.0,61.0,-112.08811695329187,0.2510381158408277,14.856994867324829,188.0,61.0,-127.29693343570008,0.05309433939731889,0.8746170978937965
./csi-dataset/uva-communication-28G-csi-nlos/t16x16_r2x1_test_small/10032-run00002-97.mat,-142.34012357753667,321.0,70.0,-144.2778770212512,0.5230226734120791,9.567246913909912,302.0,61.0,-155.58634887275346,1.937753443714513,19.453603117486495
./csi-dataset/uva-communication-28G-csi-nlos/t16x16_r2x1_test_small/10032-run00002-98.mat,-109.84938315587638,203.0,49.0,-109.81498970184715,-0.16279367372213915,15.883073329925537,203.0,50.0,-122.61919727758995,-0.03439345402922811,0.9999999999999002
./csi-dataset/uva-communication-28G-csi-nlos/t16x16_r2x1_test_small/10032-run00002-99.mat,-110.72002580410256,355.0,60.0,-111.37719372137285,0.15923221749949534,25.63796615600586,354.0,59.0,-123.41387187093736,0.6571679172702858,1.3199854135091336
./csi-dataset/uva-communication-28G-csi-nlos/t16x16_r2x1_test_small/10032-run00052-1.mat,-107.74386225276017,252.0,57.0,-154.06939111572675,-0.30838437922797457,15.350562334060669,231.0,14.0,-134.26827568576476,46.32552886296658,44.120467844383256
./csi-dataset/uva-communication-28G-csi-nlos/t16x16_r2x1_test_small/10032-run00052-10.mat,-130.033611991401,240.0,60.0,-130.0626318556944,0.2484472549871839,18.293116331100464,241.0,61.0,-145.0851479070922,0.029019864293417186,1.32569856241122
./csi-dataset/uva-communication-28G-csi-nlos/t16x16_r2x1_test_small/10032-run00052-100.mat,-119.6267258607129,221.0,42.0,-149.92019027714554,0.08016150885240225,10.314688205718994,104.0,6.0,-135.58917829307495,30.29346441643264,44.9826999507412
./csi-dataset/uva-communication-28G-csi-nlos/t16x16_r2x1_test_small/10032-run00052-11.mat,-124.42229847715797,191.0,67.0,-156.88673376345875,-0.34463264852399833,16.894511699676514,216.0,38.0,-144.22812110559966,32.464435286300784,34.76250499676728
./csi-dataset/uva-communication-28G-csi-nlos/t16x16_r2x1_test_small/10032-run00052-12.mat,-125.27612924625316,214.0,56.0,-125.30562038118747,0.2940660196640619,15.970433235168457,215.0,56.0,-139.3080834484467,0.029491134934303886,0.8290342821480322
./csi-dataset/uva-communication-28G-csi-nlos/t16x16_r2x1_test_small/10032-run00052-13.mat,-102.4658954809219,219.0,23.0,-102.45678856695541,-0.27343468079276767,15.869905710220337,219.0,23.0,-116.52628537820016,-0.009106913966490993,0.0
./csi-dataset/uva-communication-28G-csi-nlos/t16x16_r2x1_test_small/10032-run00052-14.mat,-114.82560180233848,262.0,25.0,-159.559220153161,-0.3107905664984818,15.212841987609863,155.0,60.0,-132.7639658066745,44.73361835082251,69.74820859910379
./csi-dataset/uva-communication-28G-csi-nlos/t16x16_r2x1_test_small/10032-run00052-15.mat,-122.22797310085804,196.0,7.0,-122.22205519631872,0.025556897037492088,16.184243202209473,197.0,7.0,-135.90090245466996,-0.00591790453931651,0.12186781957148683
./csi-dataset/uva-communication-28G-csi-nlos/t16x16_r2x1_test_small/10032-run00052-16.mat,-120.87661751967488,185.0,32.0,-159.9101480078631,-0.17140850230982996,14.633951425552368,300.0,46.0,-142.9632568448501,39.033530488188234,64.65898105700907
./csi-dataset/uva-communication-28G-csi-nlos/t16x16_r2x1_test_small/10032-run00052-17.mat,-111.90578862379353,268.0,50.0,-112.732855707513,-0.6073506370246036,15.507863283157349,267.0,49.0,-125.30729169457159,0.82706708371947,1.2562500714928588
./csi-dataset/uva-communication-28G-csi-nlos/t16x16_r2x1_test_small/10032-run00052-18.mat,-131.99505312826315,322.0,49.0,-132.11227983749222,0.0339310904436263,14.262638568878174,323.0,51.0,-146.77520511948123,0.11722670922907241,2.141642471007437
./csi-dataset/uva-communication-28G-csi-nlos/t16x16_r2x1_test_small/10032-run00052-19.mat,-122.99128230046917,150.0,25.0,-123.18002369189762,0.14852319488870513,9.668708086013794,149.0,24.0,-135.553457838252,0.1887413914284508,1.0825430461817598
./csi-dataset/uva-communication-28G-csi-nlos/t16x16_r2x1_test_small/10032-run00052-2.mat,-121.56622819444895,329.0,58.0,-121.92193703804497,0.06363912900376378,10.409111022949219,329.0,58.0,-135.3303986616951,0.3557088435960196,0.0
./csi-dataset/uva-communication-28G-csi-nlos/t16x16_r2x1_test_small/10032-run00052-20.mat,-119.53467602854404,62.0,53.0,-119.98353423899742,0.08798363300157497,13.719827890396118,62.0,51.0,-133.12693562470685,0.4488582104533805,2.0000000000001297
./csi-dataset/uva-communication-28G-csi-nlos/t16x16_r2x1_test_small/10032-run00052-21.mat,-111.86214942726806,306.0,18.0,-111.88680861576748,0.039822067566618435,16.201584815979004,306.0,18.0,-128.38290325471337,0.024659188499413176,8.537736462515939e-07
./csi-dataset/uva-communication-28G-csi-nlos/t16x16_r2x1_test_small/10032-run00052-22.mat,-117.11275391548789,302.0,40.0,-117.66460799980757,0.1669220145997442,14.78976845741272,304.0,39.0,-132.01987154301105,0.551854084319686,1.6180425558316363
./csi-dataset/uva-communication-28G-csi-nlos/t16x16_r2x1_test_small/10032-run00052-23.mat,-124.22152135668804,158.0,45.0,-124.29481108056387,0.2147409134735796,12.625617504119873,158.0,45.0,-138.06083892429936,0.07328972387583121,0.0
./csi-dataset/uva-communication-28G-csi-nlos/t16x16_r2x1_test_small/10032-run00052-24.mat,-124.44898998792412,119.0,36.0,-124.4359947984056,-0.07244651717189998,12.729933500289917,120.0,36.0,-138.2424102542683,-0.012995189518520078,0.5877803693575766
./csi-dataset/uva-communication-28G-csi-nlos/t16x16_r2x1_test_small/10032-run00052-25.mat,-135.95770252711634,188.0,64.0,-136.02011620077494,0.2286591603758188,12.400707721710205,188.0,65.0,-148.08066818933523,0.062413673658596736,1.0000000000002647
./csi-dataset/uva-communication-28G-csi-nlos/t16x16_r2x1_test_small/10032-run00052-26.mat,-124.57104012527994,216.0,44.0,-124.66352467169521,0.037126595115380745,15.531836032867432,216.0,44.0,-140.22959225170504,0.09248454641527815,0.0
./csi-dataset/uva-communication-28G-csi-nlos/t16x16_r2x1_test_small/10032-run00052-27.mat,-105.65699223842827,206.0,39.0,-145.14250141268502,-0.2570003001412724,15.50564956665039,136.0,23.0,-123.85628013164333,39.48550917425675,36.920698980688236
./csi-dataset/uva-communication-28G-csi-nlos/t16x16_r2x1_test_small/10032-run00052-28.mat,-121.57701856278575,3.0,61.0,-121.64888939885536,0.16196363338837494,16.59914994239807,3.0,61.0,-134.30491913169897,0.07187083606960698,0.0
./csi-dataset/uva-communication-28G-csi-nlos/t16x16_r2x1_test_small/10032-run00052-29.mat,-131.63398799048818,17.0,46.0,-132.4178434881815,0.3432291592648228,10.116147994995117,15.0,47.0,-145.73453986648315,0.7838554976933096,1.7619230630452458
./csi-dataset/uva-communication-28G-csi-nlos/t16x16_r2x1_test_small/10032-run00052-3.mat,-114.2618207905288,144.0,29.0,-114.31357774013178,0.14046032355278348,14.34115195274353,144.0,29.0,-129.24646646722474,0.051756949602975055,8.537736462515939e-07
./csi-dataset/uva-communication-28G-csi-nlos/t16x16_r2x1_test_small/10032-run00052-30.mat,-121.6571788370028,189.0,54.0,-121.72507536695973,-0.23997348139807606,13.392781734466553,189.0,55.0,-134.84224128659764,0.06789652995692563,0.9999999999999002
./csi-dataset/uva-communication-28G-csi-nlos/t16x16_r2x1_test_small/10032-run00052-31.mat,-114.1617302892324,212.0,23.0,-115.03310115971827,-0.13856119066125405,15.062260627746582,215.0,22.0,-130.0736973402171,0.871370870485876,1.5222168325608583
./csi-dataset/uva-communication-28G-csi-nlos/t16x16_r2x1_test_small/10032-run00052-32.mat,-102.7728150661178,128.0,31.0,-102.99100544061241,-0.030220411362777755,14.344992876052856,129.0,30.0,-115.57273721524922,0.2181903744946112,1.1213952283986786
./csi-dataset/uva-communication-28G-csi-nlos/t16x16_r2x1_test_small/10032-run00052-33.mat,-124.68140135480348,147.0,28.0,-155.88215623969666,0.07308916821420308,13.559909582138062,10.0,89.0,-142.17604839024705,31.200754884893172,109.14063033145841
./csi-dataset/uva-communication-28G-csi-nlos/t16x16_r2x1_test_small/10032-run00052-34.mat,-112.4989202796664,264.0,73.0,-113.41097099803456,-0.6994495853963894,13.53355073928833,264.0,69.0,-128.40085701872235,0.9120507183681639,3.99999999999995
./csi-dataset/uva-communication-28G-csi-nlos/t16x16_r2x1_test_small/10032-run00052-35.mat,-120.97162212758164,72.0,42.0,-121.00803722997904,0.3300492384941811,13.52563738822937,72.0,43.0,-133.98749601609612,0.03641510239739887,0.9999999999999002
./csi-dataset/uva-communication-28G-csi-nlos/t16x16_r2x1_test_small/10032-run00052-36.mat,-115.10126736560696,39.0,40.0,-117.36902155777389,-0.2912347960599655,13.933048486709595,35.0,39.0,-131.89932081233104,2.267754192166933,2.7333263001246637
./csi-dataset/uva-communication-28G-csi-nlos/t16x16_r2x1_test_small/10032-run00052-37.mat,-120.35148837528224,283.0,16.0,-159.49855899815023,0.24149291138070628,15.654105186462402,42.0,80.0,-144.81300898705857,39.147070622867986,87.97589981943916
./csi-dataset/uva-communication-28G-csi-nlos/t16x16_r2x1_test_small/10032-run00052-38.mat,-123.87182530447993,278.0,55.0,-159.8955143059589,-0.2859164366269511,13.177005529403687,59.0,48.0,-142.8802863490204,36.02368900147897,95.12270336980008
./csi-dataset/uva-communication-28G-csi-nlos/t16x16_r2x1_test_small/10032-run00052-39.mat,-122.9407629298553,183.0,72.0,-159.93307318456314,0.18618348842614407,14.606130838394165,95.0,37.0,-139.33076516765715,36.992310254707846,74.52802385096436
./csi-dataset/uva-communication-28G-csi-nlos/t16x16_r2x1_test_small/10032-run00052-4.mat,-127.2143778019132,351.0,63.0,-127.40702812268034,0.017473455455743525,11.87288522720337,351.0,65.0,-139.572802727081,0.19265032076714306,2.0000000000003118
./csi-dataset/uva-communication-28G-csi-nlos/t16x16_r2x1_test_small/10032-run00052-40.mat,-118.72431049421247,171.0,57.0,-142.22522763797792,-0.08439021515878431,9.170817613601685,155.0,26.0,-132.68377639299695,23.50091714376545,32.54968474262122
./csi-dataset/uva-communication-28G-csi-nlos/t16x16_r2x1_test_small/10032-run00052-41.mat,-118.5837143745748,193.0,45.0,-120.53742508101932,0.33470675175297104,9.544174432754517,343.0,55.0,-134.59637532803887,1.9537107064445252,95.51154636517026
./csi-dataset/uva-communication-28G-csi-nlos/t16x16_r2x1_test_small/10032-run00052-42.mat,-118.12770553860597,188.0,46.0,-118.19231543809344,0.2597667774687923,11.153392791748047,189.0,46.0,-131.08142250401013,0.06460989948747908,0.7193353945255158
./csi-dataset/uva-communication-28G-csi-nlos/t16x16_r2x1_test_small/10032-run00052-43.mat,-123.76141024310137,207.0,18.0,-124.02326201142242,-0.09085399580911613,13.271194458007812,205.0,18.0,-138.25847031074136,0.2618517683210513,0.6180056077586904
./csi-dataset/uva-communication-28G-csi-nlos/t16x16_r2x1_test_small/10032-run00052-44.mat,-102.20677521424028,304.0,68.0,-151.00979474873844,-0.035288596588376464,21.45854663848877,283.0,45.0,-119.203859441376,48.80301953449816,28.722324337841666
./csi-dataset/uva-communication-28G-csi-nlos/t16x16_r2x1_test_small/10032-run00052-45.mat,-134.262903333911,357.0,18.0,-134.37338160134027,-0.09851293721127696,17.168052911758423,358.0,17.0,-146.30024656606267,0.11047826742927214,1.0441984132281779
./csi-dataset/uva-communication-28G-csi-nlos/t16x16_r2x1_test_small/10032-run00052-46.mat,-119.13117110560528,186.0,72.0,-154.3757188989859,0.034499969527031826,16.3563551902771,109.0,14.0,-139.26006858280402,35.24454779338062,69.41510129809603
./csi-dataset/uva-communication-28G-csi-nlos/t16x16_r2x1_test_small/10032-run00052-47.mat,-122.7330656894778,275.0,61.0,-127.5068412421001,0.15646618734483142,13.392614841461182,275.0,54.0,-140.66921953988333,4.773775552622297,6.9999999999999725
./csi-dataset/uva-communication-28G-csi-nlos/t16x16_r2x1_test_small/10032-run00052-48.mat,-108.53608577446288,308.0,42.0,-108.6751030402484,-0.9596631835661724,16.879777669906616,308.0,43.0,-122.57416080072602,0.13901726578552598,0.9999999999999002
./csi-dataset/uva-communication-28G-csi-nlos/t16x16_r2x1_test_small/10032-run00052-49.mat,-120.76268131520416,248.0,43.0,-121.30810059749079,0.11655107200673986,12.642853260040283,247.0,43.0,-134.04959582466643,0.5454192822866304,0.6819937299987878
./csi-dataset/uva-communication-28G-csi-nlos/t16x16_r2x1_test_small/10032-run00052-5.mat,-115.69529659715624,92.0,55.0,-145.93102696714985,-0.2393116178101493,15.37488865852356,290.0,45.0,-132.28384254323095,30.235730369993604,98.35457912314455
./csi-dataset/uva-communication-28G-csi-nlos/t16x16_r2x1_test_small/10032-run00052-50.mat,-111.88678968683864,308.0,46.0,-112.18265472181972,-0.12649923786469053,15.02309799194336,307.0,46.0,-126.57870184680759,0.29586503498107675,0.7193353945255158
./csi-dataset/uva-communication-28G-csi-nlos/t16x16_r2x1_test_small/10032-run00052-51.mat,-113.08350245819923,286.0,31.0,-113.43674866185415,-0.34860875657919377,14.573014974594116,285.0,32.0,-127.05014551150515,0.3532462036549191,1.1282452823842037
./csi-dataset/uva-communication-28G-csi-nlos/t16x16_r2x1_test_small/10032-run00052-52.mat,-121.60328521397464,85.0,18.0,-121.57205538434125,0.10504350116238448,13.57913088798523,85.0,18.0,-137.1453748523624,-0.031229829633389272,8.537736462515939e-07
./csi-dataset/uva-communication-28G-csi-nlos/t16x16_r2x1_test_small/10032-run00052-53.mat,-104.94493871517906,225.0,60.0,-105.09394629647439,-1.1055846972086742,15.039846658706665,225.0,61.0,-118.63840507391058,0.1490075812953222,0.9999999999999002
./csi-dataset/uva-communication-28G-csi-nlos/t16x16_r2x1_test_small/10032-run00052-54.mat,-113.56173437861342,149.0,44.0,-113.85026465637728,0.07787394336745312,13.02113962173462,150.0,43.0,-129.77756989012065,0.2885302777638543,1.2139907717968488
./csi-dataset/uva-communication-28G-csi-nlos/t16x16_r2x1_test_small/10032-run00052-55.mat,-126.36327757948406,204.0,7.0,-159.0489571819104,-0.004633971604644405,11.814176321029663,336.0,52.0,-147.73994620954176,32.68567960242633,56.85136164540596
./csi-dataset/uva-communication-28G-csi-nlos/t16x16_r2x1_test_small/10032-run00052-56.mat,-118.40315409084349,195.0,59.0,-118.42951921043044,0.22241689408966314,11.164946794509888,195.0,60.0,-129.69832024984908,0.026365119586955643,0.9999999999999002
./csi-dataset/uva-communication-28G-csi-nlos/t16x16_r2x1_test_small/10032-run00052-57.mat,-109.8064089043225,244.0,55.0,-158.33463047657563,0.31189386482239434,15.023253440856934,79.0,55.0,-131.03477570952455,48.52822157225313,108.61189281650051
./csi-dataset/uva-communication-28G-csi-nlos/t16x16_r2x1_test_small/10032-run00052-58.mat,-128.8716052576483,21.0,48.0,-156.04725126048166,-0.06338975190759677,10.025021076202393,23.0,73.0,-143.4509036354125,27.17564600283336,25.058628476777926
./csi-dataset/uva-communication-28G-csi-nlos/t16x16_r2x1_test_small/10032-run00052-59.mat,-128.3543688000846,205.0,42.0,-128.63928223918825,0.17335391573792036,15.71302580833435,205.0,41.0,-142.70324073009067,0.2849134391036614,0.9999999999999002
./csi-dataset/uva-communication-28G-csi-nlos/t16x16_r2x1_test_small/10032-run00052-6.mat,-113.12211031640751,61.0,54.0,-113.19747653431493,0.06173324189524365,13.760486602783203,61.0,54.0,-130.28225185087769,0.07536621790741549,0.0
./csi-dataset/uva-communication-28G-csi-nlos/t16x16_r2x1_test_small/10032-run00052-60.mat,-119.75278662189623,209.0,68.0,-159.65495580760978,-0.018052579483807563,15.931201457977295,118.0,18.0,-137.9184665253391,39.90216918571355,69.43488501302066
./csi-dataset/uva-communication-28G-csi-nlos/t16x16_r2x1_test_small/10032-run00052-61.mat,-120.16320085760562,198.0,60.0,-120.26815942445523,0.007577055985630188,10.300042867660522,198.0,60.0,-132.8466915773065,0.1049585668496178,0.0
./csi-dataset/uva-communication-28G-csi-nlos/t16x16_r2x1_test_small/10032-run00052-62.mat,-122.07251267467184,265.0,64.0,-122.77953740695455,0.25497130485379627,19.72143864631653,265.0,48.0,-133.5591406432968,0.7070247322827043,15.999999999999972
./csi-dataset/uva-communication-28G-csi-nlos/t16x16_r2x1_test_small/10032-run00052-63.mat,-116.8486184794937,178.0,24.0,-116.93445878436324,-0.02923131161264325,13.1257483959198,179.0,24.0,-130.4732638958849,0.0858403048695493,0.4067323346576899
./csi-dataset/uva-communication-28G-csi-nlos/t16x16_r2x1_test_small/10032-run00052-64.mat,-120.69568556088372,249.0,64.0,-121.8428986601348,0.02641918615304817,14.13860034942627,247.0,66.0,-137.77272248454113,1.1472130992510756,2.6990673101868397
./csi-dataset/uva-communication-28G-csi-nlos/t16x16_r2x1_test_small/10032-run00052-65.mat,-123.66568153836604,259.0,33.0,-123.66475306855003,0.2927046781717696,9.380607843399048,260.0,34.0,-135.83069932607154,-0.0009284698160172411,1.142177030716677
./csi-dataset/uva-communication-28G-csi-nlos/t16x16_r2x1_test_small/10032-run00052-66.mat,-108.93192650107945,192.0,72.0,-159.65362298178684,-0.22183602120366386,16.197468996047974,102.0,73.0,-125.6196399841855,50.721696480707394,84.81638245779575
./csi-dataset/uva-communication-28G-csi-nlos/t16x16_r2x1_test_small/10032-run00052-67.mat,-122.61964405652034,265.0,32.0,-122.86935520606133,0.022800604583062323,13.55765700340271,264.0,32.0,-135.8195177350694,0.2497111495409854,0.5299144270040117
./csi-dataset/uva-communication-28G-csi-nlos/t16x16_r2x1_test_small/10032-run00052-68.mat,-120.81988393236516,268.0,53.0,-121.4147599766103,-0.3351153247815144,13.038921594619751,267.0,52.0,-134.69982612836674,0.5948760442451402,1.2764636308920168
./csi-dataset/uva-communication-28G-csi-nlos/t16x16_r2x1_test_small/10032-run00052-69.mat,-135.05460802039494,3.0,73.0,-135.5368398169257,0.299790026387014,13.138433694839478,2.0,71.0,-146.50351970436378,0.48223179653075476,2.2145846941507137
./csi-dataset/uva-communication-28G-csi-nlos/t16x16_r2x1_test_small/10032-run00052-7.mat,-112.68247201816126,261.0,54.0,-113.4024828381056,-0.07304165562642373,15.510287284851074,262.0,52.0,-127.39968513662413,0.7200108199443349,2.1535175203777484
./csi-dataset/uva-communication-28G-csi-nlos/t16x16_r2x1_test_small/10032-run00052-70.mat,-106.88357561643558,169.0,44.0,-107.10741218514849,-0.22620514244826673,17.451343774795532,168.0,43.0,-122.38181851265651,0.2238365687129118,1.2139907717965486
./csi-dataset/uva-communication-28G-csi-nlos/t16x16_r2x1_test_small/10032-run00052-71.mat,-105.44967782662732,31.0,71.0,-105.4569900196673,0.06858421375992363,16.607078552246094,31.0,72.0,-119.49753598665234,0.00731219303997932,0.9999999999999002
./csi-dataset/uva-communication-28G-csi-nlos/t16x16_r2x1_test_small/10032-run00052-72.mat,-123.48562492109508,4.0,66.0,-123.53278439642398,0.11358226918188474,10.787989139556885,4.0,66.0,-137.09769563804633,0.04715947532889686,8.537736462515939e-07
./csi-dataset/uva-communication-28G-csi-nlos/t16x16_r2x1_test_small/10032-run00052-73.mat,-125.55059329099146,27.0,68.0,-126.30105642694689,-0.0704291005478932,13.079538345336914,26.0,66.0,-138.26857475373674,0.7504631359554281,2.2016342454456352
./csi-dataset/uva-communication-28G-csi-nlos/t16x16_r2x1_test_small/10032-run00052-74.mat,-124.0895776393686,22.0,48.0,-124.17788048859018,0.23841121313276126,11.040573358535767,21.0,48.0,-136.86277878071294,0.08830284922157716,0.7431406022412252
./csi-dataset/uva-communication-28G-csi-nlos/t16x16_r2x1_test_small/10032-run00052-75.mat,-112.17624123026994,272.0,65.0,-113.31661183281565,-0.22432107560891135,14.010590553283691,271.0,64.0,-127.23922905997361,1.1403706025457154,1.347078901746263
./csi-dataset/uva-communication-28G-csi-nlos/t16x16_r2x1_test_small/10032-run00052-76.mat,-117.2476058790493,311.0,38.0,-117.37235282171784,0.026321025305042323,11.7679922580719,311.0,38.0,-131.86896805476832,0.12474694266853703,0.0
./csi-dataset/uva-communication-28G-csi-nlos/t16x16_r2x1_test_small/10032-run00052-77.mat,-124.64281050610454,353.0,83.0,-158.52327232976646,0.17920239504258717,10.559794664382935,203.0,25.0,-139.96850181736914,33.88046182366192,104.64438433432615
./csi-dataset/uva-communication-28G-csi-nlos/t16x16_r2x1_test_small/10032-run00052-78.mat,-113.48770952318048,99.0,65.0,-114.2036556357405,-0.5601199442988805,15.880254983901978,98.0,67.0,-130.0452934056953,0.7159461125600188,2.1987329658891697
./csi-dataset/uva-communication-28G-csi-nlos/t16x16_r2x1_test_small/10032-run00052-79.mat,-107.23935546474902,174.0,54.0,-150.61971147362368,-0.14745564741844275,13.717934608459473,34.0,50.0,-123.07849966467744,43.38035600887466,95.56238942270593
./csi-dataset/uva-communication-28G-csi-nlos/t16x16_r2x1_test_small/10032-run00052-8.mat,-106.55315727321772,86.0,51.0,-106.75473420767047,-0.5683523698652275,16.152106523513794,87.0,51.0,-121.91386301156501,0.2015769344527456,0.7771420548739126
./csi-dataset/uva-communication-28G-csi-nlos/t16x16_r2x1_test_small/10032-run00052-80.mat,-115.2798469385734,2.0,21.0,-156.23164549644048,0.27775193926719366,14.654619455337524,48.0,69.0,-134.6401040399639,40.95179855786708,55.46052556469829
./csi-dataset/uva-communication-28G-csi-nlos/t16x16_r2x1_test_small/10032-run00052-81.mat,-103.60903201462938,230.0,37.0,-104.10489519449041,0.07340236863427707,15.63062047958374,229.0,36.0,-119.83947884678904,0.4958631798610327,1.1635076930286217
./csi-dataset/uva-communication-28G-csi-nlos/t16x16_r2x1_test_small/10032-run00052-82.mat,-124.20804049831015,166.0,65.0,-124.27649050578785,-0.25088705631852215,15.02311897277832,167.0,65.0,-136.8651111363278,0.06845000747769348,0.9063057324413023
./csi-dataset/uva-communication-28G-csi-nlos/t16x16_r2x1_test_small/10032-run00052-83.mat,-119.90393446061591,118.0,42.0,-155.93653007927622,-0.07328605594535187,16.5728816986084,84.0,45.0,-138.4391420302762,36.03259561866031,23.4022237296352
./csi-dataset/uva-communication-28G-csi-nlos/t16x16_r2x1_test_small/10032-run00052-84.mat,-119.6678487089508,87.0,71.0,-119.88082692524804,-0.2552955621479347,14.61815595626831,87.0,69.0,-132.40758935274033,0.21297821629724467,2.0000000000001297
./csi-dataset/uva-communication-28G-csi-nlos/t16x16_r2x1_test_small/10032-run00052-85.mat,-126.71418328805316,286.0,68.0,-126.97841537340133,0.4247061029276058,11.720104932785034,286.0,69.0,-138.89342399550745,0.2642320853481692,1.0000000000002647
./csi-dataset/uva-communication-28G-csi-nlos/t16x16_r2x1_test_small/10032-run00052-86.mat,-121.40500371173358,83.0,36.0,-121.45783509747581,0.16747833829602854,16.09799337387085,83.0,36.0,-134.2231014262168,0.05283138574222335,0.0
./csi-dataset/uva-communication-28G-csi-nlos/t16x16_r2x1_test_small/10032-run00052-87.mat,-118.09473927970863,349.0,74.0,-118.43304161927384,-6.343917624507256e-05,11.862719058990479,349.0,72.0,-130.22496979734393,0.33830233956520317,1.9999999999999472
./csi-dataset/uva-communication-28G-csi-nlos/t16x16_r2x1_test_small/10032-run00052-88.mat,-105.70721695057571,171.0,42.0,-147.0593072513829,-0.34291636551867577,15.714213848114014,139.0,30.0,-123.37663152281101,41.35209030080719,21.980733935966235
./csi-dataset/uva-communication-28G-csi-nlos/t16x16_r2x1_test_small/10032-run00052-89.mat,-109.45799819075904,145.0,29.0,-159.57673199372454,-0.4741535507442971,14.110826969146729,264.0,14.0,-127.68129079671459,50.118733802965494,37.647986750749915
./csi-dataset/uva-communication-28G-csi-nlos/t16x16_r2x1_test_small/10032-run00052-9.mat,-130.27194274119097,176.0,37.0,-130.6196831972142,0.14668591364335803,9.380558967590332,178.0,38.0,-143.13601629086946,0.34774045602321735,1.5754484485990952
./csi-dataset/uva-communication-28G-csi-nlos/t16x16_r2x1_test_small/10032-run00052-90.mat,-123.75854363764766,354.0,89.0,-124.21471446094627,0.08081438648143191,12.43071436882019,185.0,80.0,-139.09296797364016,0.45617082329860636,164.47981505857507
./csi-dataset/uva-communication-28G-csi-nlos/t16x16_r2x1_test_small/10032-run00052-91.mat,-116.54821127993654,49.0,12.0,-116.99879565849139,0.14516117377361126,11.187471151351929,45.0,13.0,-130.56589265004743,0.4505843785548507,1.3221450612383723
./csi-dataset/uva-communication-28G-csi-nlos/t16x16_r2x1_test_small/10032-run00052-92.mat,-124.26880554440775,237.0,22.0,-159.9654254100672,0.08934454769254963,13.83102560043335,56.0,86.0,-145.6855721667262,35.69661986565946,107.99657120115984
./csi-dataset/uva-communication-28G-csi-nlos/t16x16_r2x1_test_small/10032-run00052-93.mat,-125.67717479325098,344.0,39.0,-159.20019078886463,0.2102585805291023,11.718067646026611,288.0,69.0,-141.62142145668412,33.52301599561365,52.624081686668234
./csi-dataset/uva-communication-28G-csi-nlos/t16x16_r2x1_test_small/10032-run00052-94.mat,-120.49304914100487,33.0,48.0,-120.5811920661306,-0.1512146183839369,14.02609658241272,33.0,48.0,-134.74973534179713,0.08814292512572308,0.0
./csi-dataset/uva-communication-28G-csi-nlos/t16x16_r2x1_test_small/10032-run00052-95.mat,-105.83804226420024,177.0,65.0,-106.29976728938614,-0.27637645209334005,15.09248971939087,178.0,63.0,-119.22051787548014,0.4617250251858991,2.1926436609330713
./csi-dataset/uva-communication-28G-csi-nlos/t16x16_r2x1_test_small/10032-run00052-96.mat,-127.35687540800076,351.0,34.0,-127.4293804119911,-0.23560272130442228,15.398851156234741,351.0,34.0,-138.9609840472837,0.07250500399034365,0.0
./csi-dataset/uva-communication-28G-csi-nlos/t16x16_r2x1_test_small/10032-run00052-97.mat,-122.86619473963484,77.0,10.0,-122.94903183555286,0.22055837326471994,11.427799224853516,80.0,10.0,-135.96094311722484,0.08283709591802335,0.5208868205448721
./csi-dataset/uva-communication-28G-csi-nlos/t16x16_r2x1_test_small/10032-run00052-98.mat,-125.9877888346854,204.0,71.0,-127.54439541345135,0.2929044428974389,9.301064014434814,62.0,45.0,-139.8641582023718,1.556606578765951,107.2558346018461
./csi-dataset/uva-communication-28G-csi-nlos/t16x16_r2x1_test_small/10032-run00052-99.mat,-97.83952351356432,315.0,56.0,-97.83208325484244,-0.23579114923370792,16.393980026245117,316.0,56.0,-114.04504071076465,-0.007440258721871373,0.8290342821480322
./csi-dataset/uva-communication-28G-csi-nlos/t16x16_r2x1_test_small/10032-run00053-1.mat,-154.4344419377811,97.0,25.0,-159.92699086310674,0.3612656605853042,0.23723387718200684,91.0,57.0,-159.816132947927,5.49254892532565,32.2093226144083
./csi-dataset/uva-communication-28G-csi-nlos/t16x16_r2x1_test_small/10032-run00053-10.mat,-118.78925407435732,352.0,79.0,-156.56196510369853,-0.03226518680636348,13.423284769058228,54.0,41.0,-135.26658357839688,37.77271102934121,63.49041069541884
./csi-dataset/uva-communication-28G-csi-nlos/t16x16_r2x1_test_small/10032-run00053-11.mat,-121.15074369217687,60.0,65.0,-159.5414201443118,-0.013611828667034143,11.756745100021362,242.0,45.0,-136.04179950326053,38.39067645213491,109.97619844433194
./csi-dataset/uva-communication-28G-csi-nlos/t16x16_r2x1_test_small/10032-run00053-12.mat,-155.2217392230666,194.0,58.0,-155.20738802583023,0.388887170527236,0.36962318420410156,195.0,59.0,-159.623131378598,-0.014351197236379676,1.3141350637031401
./csi-dataset/uva-communication-28G-csi-nlos/t16x16_r2x1_test_small/10032-run00053-13.mat,-137.9939652173606,271.0,48.0,-138.31660097808128,-1.2584433071452406,15.893057107925415,270.0,48.0,-151.267083940722,0.32263576072068645,0.7431406022412252
./csi-dataset/uva-communication-28G-csi-nlos/t16x16_r2x1_test_small/10032-run00053-14.mat,-108.75300518442602,319.0,14.0,-108.72410715844967,0.14829772136169705,15.741481304168701,320.0,14.0,-121.41549849699456,-0.028898025976346275,0.24191900474567224
./csi-dataset/uva-communication-28G-csi-nlos/t16x16_r2x1_test_small/10032-run00053-15.mat,-102.3148793035821,211.0,32.0,-140.72087738465805,0.3377499571119571,14.359460353851318,181.0,14.0,-119.15483731133676,38.40599808107595,20.951876176912723
./csi-dataset/uva-communication-28G-csi-nlos/t16x16_r2x1_test_small/10032-run00053-16.mat,-108.12037106338671,356.0,68.0,-108.34156404374113,-0.5044773084989471,14.897113800048828,357.0,72.0,-124.57910225436973,0.2211929803544166,4.108834181356587
./csi-dataset/uva-communication-28G-csi-nlos/t16x16_r2x1_test_small/10032-run00053-17.mat,-126.72744240679933,342.0,70.0,-126.76265417201527,-0.1735628543120109,14.58771824836731,343.0,70.0,-141.70287865396475,0.03521176521594782,0.9396912255611437
./csi-dataset/uva-communication-28G-csi-nlos/t16x16_r2x1_test_small/10032-run00053-18.mat,-120.4812825338266,186.0,71.0,-156.11159073196245,0.15075624999235748,12.98466944694519,221.0,29.0,-142.69154088658064,35.63030819813585,48.681458110079575
./csi-dataset/uva-communication-28G-csi-nlos/t16x16_r2x1_test_small/10032-run00053-19.mat,-152.19171186238088,86.0,39.0,-152.37095897452915,0.4456843423021668,0.35211634635925293,86.0,38.0,-159.26257167115162,0.1792471121482606,1.0000000000006293
./csi-dataset/uva-communication-28G-csi-nlos/t16x16_r2x1_test_small/10032-run00053-2.mat,-122.85343327307358,47.0,39.0,-123.29608039021363,-0.1812970600728503,14.98423433303833,49.0,39.0,-136.5186669317601,0.442647117140055,1.2586021874206514
./csi-dataset/uva-communication-28G-csi-nlos/t16x16_r2x1_test_small/10032-run00053-20.mat,-111.48139094319257,349.0,49.0,-111.74518074687653,-0.3495220254733502,15.44636082649231,349.0,49.0,-124.76124538814386,0.263789803683963,0.0
./csi-dataset/uva-communication-28G-csi-nlos/t16x16_r2x1_test_small/10032-run00053-21.mat,-102.51160160537007,355.0,50.0,-128.2115099610692,0.08743492947951947,14.83818769454956,186.0,45.0,-121.60797774378416,25.699908355699122,94.42784900189358
./csi-dataset/uva-communication-28G-csi-nlos/t16x16_r2x1_test_small/10032-run00053-22.mat,-114.5743119023494,151.0,52.0,-114.6109704067353,-0.37553555901957636,15.069341897964478,151.0,52.0,-127.89651025513308,0.03665850438591178,0.0
./csi-dataset/uva-communication-28G-csi-nlos/t16x16_r2x1_test_small/10032-run00053-23.mat,-110.20581410974948,282.0,40.0,-110.92122559756658,-0.14574109245390443,16.08180546760559,280.0,40.0,-126.73390575392675,0.715411487817093,1.2855369168937016
./csi-dataset/uva-communication-28G-csi-nlos/t16x16_r2x1_test_small/10032-run00053-24.mat,-105.73620361354904,234.0,28.0,-106.00160412926242,-0.07313240418349776,17.191407442092896,233.0,29.0,-119.48940804236499,0.26540051571338097,1.107976273692604
./csi-dataset/uva-communication-28G-csi-nlos/t16x16_r2x1_test_small/10032-run00053-25.mat,-120.24002066320878,87.0,46.0,-150.6402954616682,-0.3195674149963741,13.023090124130249,49.0,89.0,-141.09289523870783,30.400274798459407,54.62786873130417
./csi-dataset/uva-communication-28G-csi-nlos/t16x16_r2x1_test_small/10032-run00053-26.mat,-150.81406730961226,64.0,54.0,-151.18667494776054,0.4284933910368016,13.048149347305298,63.0,53.0,-158.69406403097804,0.37260763814828124,1.283018589070848
./csi-dataset/uva-communication-28G-csi-nlos/t16x16_r2x1_test_small/10032-run00053-27.mat,-153.49142191401984,263.0,65.0,-159.68301613352133,0.3987645496311609,0.38966965675354004,272.0,66.0,-159.86204810399363,6.191594219501496,8.24887050354068
./csi-dataset/uva-communication-28G-csi-nlos/t16x16_r2x1_test_small/10032-run00053-28.mat,-110.18403882320568,173.0,27.0,-111.55114061007978,0.03258592284279416,15.023323059082031,174.0,25.0,-127.01592951116,1.3671017868741018,2.047412930611037
./csi-dataset/uva-communication-28G-csi-nlos/t16x16_r2x1_test_small/10032-run00053-29.mat,-108.14848380541446,161.0,58.0,-108.92419369126289,-0.3304925345352381,16.359241724014282,160.0,62.0,-122.85300165676219,0.7757098858484284,4.0926013553478775
./csi-dataset/uva-communication-28G-csi-nlos/t16x16_r2x1_test_small/10032-run00053-3.mat,-148.9414638455903,68.0,38.0,-149.32955971592446,0.0038397835299599503,12.283759832382202,69.0,40.0,-158.64043096773793,0.3880958703341548,2.096619630558202
./csi-dataset/uva-communication-28G-csi-nlos/t16x16_r2x1_test_small/10032-run00053-30.mat,-108.66095977494082,151.0,48.0,-109.78360659426929,0.24089920463192527,11.44300389289856,80.0,33.0,-124.0010807198031,1.122646819328466,46.13572232723918
./csi-dataset/uva-communication-28G-csi-nlos/t16x16_r2x1_test_small/10032-run00053-31.mat,-114.0651175335469,344.0,38.0,-115.04306167186847,0.09862902012535624,14.812410354614258,344.0,36.0,-130.25160746373214,0.9779441383215755,1.9999999999999472
./csi-dataset/uva-communication-28G-csi-nlos/t16x16_r2x1_test_small/10032-run00053-32.mat,-102.66229822677003,358.0,63.0,-102.76129471450736,-0.04033656931942442,12.565067291259766,359.0,65.0,-115.31964681377026,0.09899648773732395,2.1926436609330713
./csi-dataset/uva-communication-28G-csi-nlos/t16x16_r2x1_test_small/10032-run00053-33.mat,-109.66979705839508,213.0,60.0,-109.79826627068,-0.07943280417198029,14.330613374710083,213.0,60.0,-122.70329532816893,0.12846921228492647,0.0
./csi-dataset/uva-communication-28G-csi-nlos/t16x16_r2x1_test_small/10032-run00053-34.mat,-106.47450351797892,185.0,82.0,-107.30776529293468,0.051280124048310505,14.50395917892456,354.0,80.0,-122.26023507491607,0.8332617749557585,158.92952345876918
./csi-dataset/uva-communication-28G-csi-nlos/t16x16_r2x1_test_small/10032-run00053-35.mat,-100.99149982763704,279.0,67.0,-138.2873352644838,-0.2903369066752062,15.331969022750854,347.0,32.0,-121.43688716033724,37.29583543684676,59.063394116010784
./csi-dataset/uva-communication-28G-csi-nlos/t16x16_r2x1_test_small/10032-run00053-36.mat,-148.06722500147026,298.0,56.0,-159.99952502938493,0.2276021567075286,11.276955127716064,274.0,21.0,-159.15569263060868,11.932300027914664,37.48936174089526
./csi-dataset/uva-communication-28G-csi-nlos/t16x16_r2x1_test_small/10032-run00053-37.mat,-124.79095018650736,176.0,43.0,-124.9521264664242,-0.32964219442531517,13.06062388420105,176.0,42.0,-139.00179191418238,0.16117627991684458,0.9999999999999002
./csi-dataset/uva-communication-28G-csi-nlos/t16x16_r2x1_test_small/10032-run00053-38.mat,-123.15118163476828,117.0,17.0,-157.67347237026448,-0.16021430575644158,16.274287939071655,157.0,16.0,-141.00036534550836,34.5222907354962,11.188667731607744
./csi-dataset/uva-communication-28G-csi-nlos/t16x16_r2x1_test_small/10032-run00053-39.mat,-120.1231486826017,310.0,71.0,-120.35751922786005,0.258388249555885,11.236199855804443,310.0,74.0,-133.06189035245015,0.23437054525835777,2.9999999999999227
./csi-dataset/uva-communication-28G-csi-nlos/t16x16_r2x1_test_small/10032-run00053-4.mat,-106.4411130850919,121.0,48.0,-106.51220925093662,0.05369206370802926,12.114845991134644,121.0,48.0,-119.34821790760353,0.07109616584472178,0.0
./csi-dataset/uva-communication-28G-csi-nlos/t16x16_r2x1_test_small/10032-run00053-40.mat,-119.77773077086232,182.0,69.0,-120.09413561334448,-0.04449287413151093,15.44050908088684,182.0,67.0,-132.9526543209779,0.3164048424821573,1.999999999999765
./csi-dataset/uva-communication-28G-csi-nlos/t16x16_r2x1_test_small/10032-run00053-41.mat,-116.24697327427752,348.0,61.0,-116.57705009118604,-0.10651318942282195,15.239336967468262,348.0,61.0,-133.11997053692312,0.330076816908516,0.0
./csi-dataset/uva-communication-28G-csi-nlos/t16x16_r2x1_test_small/10032-run00053-42.mat,-151.5416045906057,186.0,47.0,-159.99787998942875,-0.0330454782264209,12.783438682556152,247.0,78.0,-159.562667554834,8.456275398823067,60.750436395020444
./csi-dataset/uva-communication-28G-csi-nlos/t16x16_r2x1_test_small/10032-run00053-43.mat,-157.79898769657026,186.0,79.0,-159.92044634678118,0.36615686421763693,0.2487473487854004,334.0,17.0,-159.9458159900635,2.1214586502109114,93.49252189398776
./csi-dataset/uva-communication-28G-csi-nlos/t16x16_r2x1_test_small/10032-run00053-44.mat,-128.6669975955882,57.0,13.0,-128.75433646393904,-0.19482402038103852,14.503741025924683,57.0,12.0,-144.58163041224344,0.08733886835082671,0.9999999999999002
./csi-dataset/uva-communication-28G-csi-nlos/t16x16_r2x1_test_small/10032-run00053-45.mat,-97.21883768642157,28.0,17.0,-147.13953036076003,-0.35102553203488274,14.909153938293457,230.0,32.0,-116.39832494564217,49.92069267433847,48.137852338583514
./csi-dataset/uva-communication-28G-csi-nlos/t16x16_r2x1_test_small/10032-run00053-46.mat,-108.00420744918982,162.0,32.0,-108.18021445060168,0.12362054871759376,12.710204362869263,163.0,31.0,-123.21784868694407,0.1760070014118611,1.1282452823842037
./csi-dataset/uva-communication-28G-csi-nlos/t16x16_r2x1_test_small/10032-run00053-47.mat,-150.27711148628276,331.0,33.0,-151.4129250366325,0.2597108839423198,12.571570634841919,218.0,23.0,-158.42492414844344,1.1358135503497238,46.46086720278057
./csi-dataset/uva-communication-28G-csi-nlos/t16x16_r2x1_test_small/10032-run00053-48.mat,-108.91349648795918,177.0,85.0,-109.33541845072875,-0.14748483272630208,14.29563307762146,176.0,89.0,-123.28270316013206,0.4219219627695736,4.122723912711815
./csi-dataset/uva-communication-28G-csi-nlos/t16x16_r2x1_test_small/10032-run00053-49.mat,-117.21220114413642,286.0,22.0,-117.48500898971363,0.016759317797068407,13.777069091796875,284.0,22.0,-131.7707396218908,0.27280784557721915,0.7491804872375849
./csi-dataset/uva-communication-28G-csi-nlos/t16x16_r2x1_test_small/10032-run00053-5.mat,-150.79928353463936,353.0,53.0,-150.85929945903814,0.22457443532961385,12.009829044342041,354.0,53.0,-158.2507625846714,0.06001592439878323,0.7986318386952783
./csi-dataset/uva-communication-28G-csi-nlos/t16x16_r2x1_test_small/10032-run00053-50.mat,-127.23449244001053,150.0,58.0,-127.2783470444159,0.2420943004599898,11.733390092849731,150.0,59.0,-139.71781913321774,0.043854604405368036,0.9999999999999002
./csi-dataset/uva-communication-28G-csi-nlos/t16x16_r2x1_test_small/10032-run00053-51.mat,-155.93463745113206,287.0,62.0,-156.40084656347412,0.1663218687775765,0.347165584564209,286.0,61.0,-159.7408745929693,0.46620911234205664,1.331269360021279
./csi-dataset/uva-communication-28G-csi-nlos/t16x16_r2x1_test_small/10032-run00053-52.mat,-136.92005812881948,16.0,25.0,-138.99644459950252,0.2334472700743483,17.806654453277588,11.0,27.0,-149.92069213416468,2.0763864706830475,2.9656586029322924
./csi-dataset/uva-communication-28G-csi-nlos/t16x16_r2x1_test_small/10032-run00053-53.mat,-99.19644257913144,118.0,50.0,-119.36156384658716,-0.2126153535863078,12.41328477859497,132.0,38.0,-114.54409041346644,20.165121267455717,15.390731225949429
./csi-dataset/uva-communication-28G-csi-nlos/t16x16_r2x1_test_small/10032-run00053-54.mat,-129.7638712831551,164.0,35.0,-159.99401279963794,0.15984185245089422,14.33380651473999,97.0,30.0,-148.85421092081424,30.23014151648283,34.76842837786895
./csi-dataset/uva-communication-28G-csi-nlos/t16x16_r2x1_test_small/10032-run00053-55.mat,-131.4932576533013,196.0,74.0,-132.4241734923737,-0.026060982443986358,14.509289503097534,197.0,86.0,-146.96293880028523,0.9309158390724122,12.040181305928392
./csi-dataset/uva-communication-28G-csi-nlos/t16x16_r2x1_test_small/10032-run00053-56.mat,-149.9843718008085,159.0,33.0,-159.99599252066614,-0.1753839658218561,13.931586503982544,229.0,66.0,-158.86479124702146,10.011620719857632,59.250136779490894
./csi-dataset/uva-communication-28G-csi-nlos/t16x16_r2x1_test_small/10032-run00053-57.mat,-118.04716917874444,281.0,44.0,-150.73943867698156,-0.34546181035321855,15.12347674369812,243.0,28.0,-136.05390144841542,32.692269498237124,26.858212727200453
./csi-dataset/uva-communication-28G-csi-nlos/t16x16_r2x1_test_small/10032-run00053-58.mat,-123.70937855351474,219.0,48.0,-123.88545185797555,0.12211214488891453,9.945498704910278,219.0,47.0,-137.24346904800365,0.17607330446081448,0.9999999999999002
./csi-dataset/uva-communication-28G-csi-nlos/t16x16_r2x1_test_small/10032-run00053-59.mat,-113.31373680402577,185.0,71.0,-113.75258533273593,-0.015946222376107766,11.047281980514526,185.0,69.0,-128.17938348059698,0.43884852871016733,1.9999999999999472
./csi-dataset/uva-communication-28G-csi-nlos/t16x16_r2x1_test_small/10032-run00053-6.mat,-155.1990655040441,218.0,53.0,-156.0722129234093,0.3812749493834078,0.4299290180206299,218.0,50.0,-159.64641095353957,0.873147419365182,3.0000000000000444
./csi-dataset/uva-communication-28G-csi-nlos/t16x16_r2x1_test_small/10032-run00053-60.mat,-117.80770242641132,13.0,20.0,-118.20098545325078,-0.2544730972315994,16.183759689331055,14.0,19.0,-132.350200930645,0.3932830268394554,1.0542077633576807
./csi-dataset/uva-communication-28G-csi-nlos/t16x16_r2x1_test_small/10032-run00053-61.mat,-108.15586260423844,176.0,82.0,-108.3449795058711,-0.07852753100010057,18.05920672416687,176.0,80.0,-121.76265392894848,0.1891169016326586,1.9999999999999472
./csi-dataset/uva-communication-28G-csi-nlos/t16x16_r2x1_test_small/10032-run00053-62.mat,-133.43224222138744,335.0,50.0,-134.18583865342745,0.0842183559325066,14.221551895141602,334.0,50.0,-147.8721260886271,0.7535964320400126,0.7660404257702051
./csi-dataset/uva-communication-28G-csi-nlos/t16x16_r2x1_test_small/10032-run00053-63.mat,-155.31385592592176,49.0,65.0,-159.99964469960355,0.30673347304719845,0.32315850257873535,191.0,22.0,-159.8542416725974,4.685788773681793,82.85919382063472
./csi-dataset/uva-communication-28G-csi-nlos/t16x16_r2x1_test_small/10032-run00053-64.mat,-110.90836114234676,172.0,86.0,-155.88749973384262,0.08389395438081193,15.718459129333496,321.0,70.0,-128.53861689163443,44.979138591495854,141.22886793986157
./csi-dataset/uva-communication-28G-csi-nlos/t16x16_r2x1_test_small/10032-run00053-65.mat,-107.43513119081744,21.0,61.0,-154.482468395276,-0.0026356939714820005,15.672121047973633,246.0,35.0,-128.25379078352722,47.04733720445854,87.569659990726
./csi-dataset/uva-communication-28G-csi-nlos/t16x16_r2x1_test_small/10032-run00053-66.mat,-128.9052103377384,185.0,24.0,-128.93258167956634,0.30550197834171844,15.409132957458496,184.0,24.0,-142.85867288796314,0.027371341827944207,0.4067323346576899
./csi-dataset/uva-communication-28G-csi-nlos/t16x16_r2x1_test_small/10032-run00053-67.mat,-105.43823726327196,80.0,41.0,-105.47488018426846,0.33444362025600094,13.49054741859436,80.0,42.0,-120.24241302499517,0.03664292099649913,0.9999999999999002
./csi-dataset/uva-communication-28G-csi-nlos/t16x16_r2x1_test_small/10032-run00053-68.mat,-101.49110056799172,203.0,67.0,-101.58722588581362,0.10700500887957254,16.25737500190735,204.0,67.0,-113.33998444384896,0.09612531782190104,0.9205030696921439
./csi-dataset/uva-communication-28G-csi-nlos/t16x16_r2x1_test_small/10032-run00053-69.mat,-150.47480671967983,218.0,40.0,-150.77975479064705,-0.0777914510543114,13.626899003982544,219.0,42.0,-158.86857606197307,0.3049480709672139,2.1048016531362292
./csi-dataset/uva-communication-28G-csi-nlos/t16x16_r2x1_test_small/10032-run00053-7.mat,-146.51098252525705,142.0,33.0,-146.63186217633134,0.11209324753541017,10.66068148612976,142.0,34.0,-156.31379871102706,0.12087965107429,0.9999999999999002
./csi-dataset/uva-communication-28G-csi-nlos/t16x16_r2x1_test_small/10032-run00053-70.mat,-103.53931623760022,15.0,74.0,-104.31252862473359,0.07909607258365148,15.74461317062378,16.0,71.0,-118.40869781640032,0.7732123871333698,3.1479047203942656
./csi-dataset/uva-communication-28G-csi-nlos/t16x16_r2x1_test_small/10032-run00053-71.mat,-103.81793336004252,184.0,74.0,-104.32670120687133,0.06369946969798468,16.52941632270813,185.0,70.0,-119.18059734892933,0.5087678468288175,4.111450169794092
./csi-dataset/uva-communication-28G-csi-nlos/t16x16_r2x1_test_small/10032-run00053-72.mat,-102.15735093733018,186.0,74.0,-103.42796917882474,0.0915576458713061,14.540018796920776,186.0,89.0,-117.28744791942832,1.2706182414945602,14.999999999999996
./csi-dataset/uva-communication-28G-csi-nlos/t16x16_r2x1_test_small/10032-run00053-73.mat,-110.32494408682678,243.0,51.0,-110.32804291231906,-0.12565665023211903,16.217515230178833,243.0,52.0,-125.29181596027549,0.0030988254922874603,0.9999999999999002
./csi-dataset/uva-communication-28G-csi-nlos/t16x16_r2x1_test_small/10032-run00053-74.mat,-129.52046201034216,214.0,49.0,-130.6006067479898,-0.06249548460361454,12.973334074020386,212.0,50.0,-144.82919266735433,1.080144737647629,1.8200501841060899
./csi-dataset/uva-communication-28G-csi-nlos/t16x16_r2x1_test_small/10032-run00053-75.mat,-128.31614201841435,29.0,65.0,-128.95335417730504,0.3292308910650803,13.917005777359009,28.0,63.0,-143.60925164693722,0.6372121588906907,2.192643660932905
./csi-dataset/uva-communication-28G-csi-nlos/t16x16_r2x1_test_small/10032-run00053-76.mat,-115.48125587367768,119.0,60.0,-115.83559381097247,-1.0818001923244167,16.3731369972229,121.0,62.0,-129.6491378362237,0.3543379372947868,2.6569095516643015
./csi-dataset/uva-communication-28G-csi-nlos/t16x16_r2x1_test_small/10032-run00053-77.mat,-104.40264023836248,176.0,59.0,-106.32653337050884,0.18865005278934244,13.05236005783081,176.0,55.0,-119.95437973008606,1.923893132146361,4.000000000000042
./csi-dataset/uva-communication-28G-csi-nlos/t16x16_r2x1_test_small/10032-run00053-78.mat,-103.52138098188097,237.0,61.0,-103.65238775634191,-0.010068443197709831,16.335914373397827,237.0,62.0,-114.7366675710825,0.13100677446094267,1.0000000000002647
./csi-dataset/uva-communication-28G-csi-nlos/t16x16_r2x1_test_small/10032-run00053-79.mat,-138.87997600088858,347.0,61.0,-139.22617717832188,-0.13262418141106314,15.341722965240479,347.0,62.0,-151.19828027572078,0.3462011774333007,0.9999999999999002
./csi-dataset/uva-communication-28G-csi-nlos/t16x16_r2x1_test_small/10032-run00053-8.mat,-152.05050371077584,356.0,65.0,-152.10625251768835,0.1882326784858226,11.644235610961914,356.0,65.0,-158.62044174967303,0.05574880691250428,0.0
./csi-dataset/uva-communication-28G-csi-nlos/t16x16_r2x1_test_small/10032-run00053-80.mat,-150.8633412410198,5.0,34.0,-150.9147696952161,0.17292061951681093,11.843546628952026,6.0,35.0,-158.04548302734204,0.051428454196297935,1.1492391511876439
./csi-dataset/uva-communication-28G-csi-nlos/t16x16_r2x1_test_small/10032-run00053-81.mat,-152.58266711882865,352.0,54.0,-155.287505115407,-0.7954507150229682,16.14597201347351,349.0,58.0,-159.33037470085355,2.704837996578334,4.709495134889696
./csi-dataset/uva-communication-28G-csi-nlos/t16x16_r2x1_test_small/10032-run00053-82.mat,-109.28987821962528,105.0,10.0,-109.31760973740957,0.2653580489174632,11.015771627426147,104.0,10.0,-122.33797514427536,0.027731517784289395,0.17364604012263055
./csi-dataset/uva-communication-28G-csi-nlos/t16x16_r2x1_test_small/10032-run00053-83.mat,-104.33924245639965,241.0,29.0,-104.48952825102396,-0.8710367876425942,18.454813957214355,240.0,29.0,-120.27642744168114,0.1502857946243097,0.48480491312908847
./csi-dataset/uva-communication-28G-csi-nlos/t16x16_r2x1_test_small/10032-run00053-84.mat,-142.28813963299345,188.0,83.0,-159.99862062927176,-0.47865072655232876,16.863936185836792,310.0,59.0,-157.29175787359267,17.710480996278307,112.83485747787422
./csi-dataset/uva-communication-28G-csi-nlos/t16x16_r2x1_test_small/10032-run00053-85.mat,-98.21728743688982,297.0,41.0,-98.43376474157687,0.20333528229984144,18.69184947013855,299.0,41.0,-113.10504296243613,0.2164773046870465,1.312080112930966
./csi-dataset/uva-communication-28G-csi-nlos/t16x16_r2x1_test_small/10032-run00053-86.mat,-112.35603039457013,32.0,41.0,-112.37425801013549,0.1183906024135285,14.175512790679932,32.0,41.0,-123.88228254646832,0.01822761556536534,8.537736462515939e-07
./csi-dataset/uva-communication-28G-csi-nlos/t16x16_r2x1_test_small/10032-run00053-87.mat,-140.04009202073547,312.0,12.0,-140.40856975717622,0.10022990692415723,16.563262939453125,315.0,11.0,-153.67049412168024,0.3684777364407523,1.1648959534856747
./csi-dataset/uva-communication-28G-csi-nlos/t16x16_r2x1_test_small/10032-run00053-88.mat,-106.783336348696,168.0,30.0,-106.86553402582837,0.0581541646130701,13.475945472717285,169.0,30.0,-122.55459837679919,0.08219767713237047,0.49999524032974746
./csi-dataset/uva-communication-28G-csi-nlos/t16x16_r2x1_test_small/10032-run00053-89.mat,-113.48250301946406,309.0,48.0,-114.69473921674097,-0.13782262753238306,16.901886224746704,308.0,47.0,-127.72736269137644,1.2122361972769085,1.242386017010032
./csi-dataset/uva-communication-28G-csi-nlos/t16x16_r2x1_test_small/10032-run00053-9.mat,-111.69693179377424,161.0,62.0,-111.77109833549265,-0.060571825362651266,16.02623224258423,161.0,62.0,-123.41907986496004,0.0741665417184123,0.0
./csi-dataset/uva-communication-28G-csi-nlos/t16x16_r2x1_test_small/10032-run00053-90.mat,-139.43809301609232,158.0,66.0,-141.09745882246844,-0.498913192221337,14.62316370010376,159.0,61.0,-152.63420235988121,1.6593658063761154,5.0793715986918375
./csi-dataset/uva-communication-28G-csi-nlos/t16x16_r2x1_test_small/10032-run00053-91.mat,-115.22350104038536,164.0,45.0,-117.35474895090064,-0.5422044592574378,15.98547911643982,161.0,47.0,-131.54794867073232,2.1312479105152846,2.941893666359201
./csi-dataset/uva-communication-28G-csi-nlos/t16x16_r2x1_test_small/10032-run00053-92.mat,-107.35278497867546,216.0,26.0,-107.63883116459508,-0.3497738627216491,15.649031400680542,215.0,25.0,-122.34151651816204,0.2860461859196164,1.0887007056189941
./csi-dataset/uva-communication-28G-csi-nlos/t16x16_r2x1_test_small/10032-run00053-93.mat,-104.7356058764249,3.0,61.0,-104.81746330786792,-0.2604027024777855,15.973419666290283,2.0,61.0,-120.33194157790035,0.08185743144302648,0.8746170978937965
./csi-dataset/uva-communication-28G-csi-nlos/t16x16_r2x1_test_small/10032-run00053-94.mat,-108.7585151562425,176.0,87.0,-159.8091435979494,-0.3738997472166181,14.403955698013306,339.0,8.0,-127.79160815706533,51.050628441706905,94.65081208325782
./csi-dataset/uva-communication-28G-csi-nlos/t16x16_r2x1_test_small/10032-run00053-95.mat,-114.75020334010266,149.0,23.0,-114.83517420584357,-0.3230153083954632,14.747829914093018,151.0,23.0,-127.97250741241433,0.08497086574091384,0.7814286394227185
./csi-dataset/uva-communication-28G-csi-nlos/t16x16_r2x1_test_small/10032-run00053-96.mat,-111.60161020524107,173.0,83.0,-111.6547433686726,0.12879866502394255,15.989763498306274,173.0,80.0,-126.28694936398112,0.05313316343152508,3.0000000000000444
./csi-dataset/uva-communication-28G-csi-nlos/t16x16_r2x1_test_small/10032-run00053-97.mat,-122.80293541775526,249.0,49.0,-122.9324194902641,0.15439467498101378,15.805928945541382,250.0,48.0,-139.75943044682418,0.12948407250883065,1.2493521292385588
./csi-dataset/uva-communication-28G-csi-nlos/t16x16_r2x1_test_small/10032-run00053-98.mat,-126.9754021631459,341.0,66.0,-127.23339591053781,-0.004006060323254568,14.992568969726562,341.0,66.0,-139.89338764343125,0.2579937473919074,0.0
./csi-dataset/uva-communication-28G-csi-nlos/t16x16_r2x1_test_small/10032-run00054-1.mat,-127.30200121040454,126.0,30.0,-128.10203029088575,-0.39388690023818373,11.386268138885498,129.0,29.0,-140.88734423559768,0.8000290804812096,1.7836413435123193
./csi-dataset/uva-communication-28G-csi-nlos/t16x16_r2x1_test_small/10032-run00054-10.mat,-118.46303897148805,314.0,12.0,-118.5600516595811,0.05108163778799246,11.345471143722534,312.0,12.0,-130.50176653486088,0.0970126880930593,0.4158031832264751
./csi-dataset/uva-communication-28G-csi-nlos/t16x16_r2x1_test_small/10032-run00054-100.mat,-103.3195635714958,122.0,45.0,-103.51618824988438,-0.06482640688757124,13.746785640716553,121.0,45.0,-116.21094164165271,0.19662467838857367,0.707102293687757
./csi-dataset/uva-communication-28G-csi-nlos/t16x16_r2x1_test_small/10032-run00054-11.mat,-130.94068399311732,182.0,85.0,-131.09046129375042,0.020871299661960774,11.543583154678345,357.0,89.0,-142.81115901290087,0.14977730063310446,172.19316823676638
./csi-dataset/uva-communication-28G-csi-nlos/t16x16_r2x1_test_small/10032-run00054-12.mat,-105.01679955759576,335.0,46.0,-105.85692438265532,-0.34183233658291146,15.563485145568848,336.0,44.0,-120.63682025572223,0.8401248250595614,2.1212709773808482
./csi-dataset/uva-communication-28G-csi-nlos/t16x16_r2x1_test_small/10032-run00054-13.mat,-93.64597990255332,336.0,46.0,-93.84365872772801,0.11708569232441812,15.102627754211426,336.0,46.0,-107.56188647932453,0.19767882517469104,0.0
./csi-dataset/uva-communication-28G-csi-nlos/t16x16_r2x1_test_small/10032-run00054-14.mat,-108.52844876507471,33.0,46.0,-108.96817037516439,0.05703199422247618,14.827956438064575,32.0,45.0,-124.53933510654164,0.43972161008967703,1.2282790934639731
./csi-dataset/uva-communication-28G-csi-nlos/t16x16_r2x1_test_small/10032-run00054-15.mat,-139.15211965553905,336.0,69.0,-140.51395132460135,0.1682761267403341,15.99516487121582,334.0,69.0,-150.95184497707837,1.3618316690622976,1.8671486774378014
./csi-dataset/uva-communication-28G-csi-nlos/t16x16_r2x1_test_small/10032-run00054-16.mat,-118.8826532465386,166.0,73.0,-119.32751051952893,0.1540403156850192,14.623415470123291,165.0,73.0,-132.63792463853116,0.4448572729903333,0.956303718381467
./csi-dataset/uva-communication-28G-csi-nlos/t16x16_r2x1_test_small/10032-run00054-17.mat,-113.5089640288055,83.0,22.0,-114.36512718328638,0.12486490461232491,14.58388614654541,79.0,21.0,-128.91409536870037,0.8561631544808819,1.7740647515010552
./csi-dataset/uva-communication-28G-csi-nlos/t16x16_r2x1_test_small/10032-run00054-18.mat,-100.431642400898,8.0,59.0,-100.83091452994583,-0.539577962798879,13.73153805732727,9.0,58.0,-115.54470720549331,0.39927212904783005,1.3141350637028628
./csi-dataset/uva-communication-28G-csi-nlos/t16x16_r2x1_test_small/10032-run00054-19.mat,-135.97751669938953,191.0,66.0,-157.5897259973906,-0.16366144560256246,15.510172367095947,222.0,15.0,-154.3192443250216,21.612209298001062,53.44824924913352
./csi-dataset/uva-communication-28G-csi-nlos/t16x16_r2x1_test_small/10032-run00054-2.mat,-104.27247207407704,250.0,71.0,-105.45960190283475,-0.018509801448043817,14.653985738754272,249.0,74.0,-117.87484984752584,1.1871298287577048,3.1479047203943815
./csi-dataset/uva-communication-28G-csi-nlos/t16x16_r2x1_test_small/10032-run00054-20.mat,-100.75654230904212,204.0,53.0,-100.80740557218652,-0.5889038045508934,14.967729568481445,204.0,53.0,-116.10972724821009,0.050863263144407256,0.0
./csi-dataset/uva-communication-28G-csi-nlos/t16x16_r2x1_test_small/10032-run00054-21.mat,-119.0421303859718,191.0,58.0,-120.37288729084226,0.24975838513021975,10.841736555099487,347.0,37.0,-139.1120972489846,1.330756904870455,92.46631948993316
./csi-dataset/uva-communication-28G-csi-nlos/t16x16_r2x1_test_small/10032-run00054-22.mat,-114.4040634183257,348.0,40.0,-115.52601086094106,0.21629976820788666,11.40839958190918,347.0,38.0,-130.47860516387254,1.121947442615351,2.096619630558202
./csi-dataset/uva-communication-28G-csi-nlos/t16x16_r2x1_test_small/10032-run00054-23.mat,-111.75231530090856,125.0,43.0,-112.13640229725969,0.07955015618285088,13.679266691207886,126.0,45.0,-127.70228475711546,0.38408699635112953,2.117153106140247
./csi-dataset/uva-communication-28G-csi-nlos/t16x16_r2x1_test_small/10032-run00054-24.mat,-135.99039613204204,349.0,30.0,-136.09982645209197,0.020107169497562194,16.374162197113037,349.0,30.0,-148.85568409184071,0.10943032004993825,0.0
./csi-dataset/uva-communication-28G-csi-nlos/t16x16_r2x1_test_small/10032-run00054-25.mat,-92.36782699367352,272.0,48.0,-92.52082853813772,-0.030870610984813585,15.702012062072754,272.0,49.0,-105.08481297945164,0.15300154446420322,0.9999999999999002
./csi-dataset/uva-communication-28G-csi-nlos/t16x16_r2x1_test_small/10032-run00054-26.mat,-114.60954004365672,184.0,35.0,-140.8221965771839,0.15058327799961224,11.40039610862732,335.0,89.0,-132.06306731588904,26.212656533527166,119.16252929016606
./csi-dataset/uva-communication-28G-csi-nlos/t16x16_r2x1_test_small/10032-run00054-27.mat,-131.99577232074284,244.0,41.0,-157.68793916945108,-0.01020302919159577,15.98470139503479,200.0,18.0,-149.21515560943837,25.69216684870824,30.2761307991406
./csi-dataset/uva-communication-28G-csi-nlos/t16x16_r2x1_test_small/10032-run00054-28.mat,-124.17683223338658,76.0,44.0,-159.64616122698547,-0.31867764414238087,11.787107706069946,358.0,24.0,-140.13051787573954,35.46932899359889,44.28351890544217
./csi-dataset/uva-communication-28G-csi-nlos/t16x16_r2x1_test_small/10032-run00054-29.mat,-126.08568915818472,14.0,72.0,-126.39813943112217,-0.22523677123687502,13.404800415039062,15.0,76.0,-140.4419849485666,0.3124502729374541,4.113824780173226
./csi-dataset/uva-communication-28G-csi-nlos/t16x16_r2x1_test_small/10032-run00054-3.mat,-117.38003320914537,165.0,10.0,-117.81037193234766,0.3113704079604863,10.697422504425049,161.0,11.0,-132.03710363191158,0.43033872320229705,1.2369142652626566
./csi-dataset/uva-communication-28G-csi-nlos/t16x16_r2x1_test_small/10032-run00054-30.mat,-125.16761065078646,331.0,17.0,-126.33533175551497,-0.07810552205937227,15.935955047607422,329.0,15.0,-140.4411392489717,1.167721104728514,2.07429952665896
./csi-dataset/uva-communication-28G-csi-nlos/t16x16_r2x1_test_small/10032-run00054-31.mat,-118.21888841146136,311.0,57.0,-120.46236423512002,-0.10699356563282136,10.88635516166687,309.0,55.0,-132.1071467456419,2.243475823658656,2.5977809130892524
./csi-dataset/uva-communication-28G-csi-nlos/t16x16_r2x1_test_small/10032-run00054-32.mat,-107.8924789792714,300.0,77.0,-107.87823590477814,-0.3972454662667886,14.701693773269653,301.0,77.0,-122.6074148914354,-0.01424307449326534,0.9743694389554665
./csi-dataset/uva-communication-28G-csi-nlos/t16x16_r2x1_test_small/10032-run00054-33.mat,-101.86277353476002,276.0,49.0,-103.36230728127987,0.024808352706887304,16.2692928314209,274.0,48.0,-117.54709738228942,1.4995337465198446,1.8009575074030932
./csi-dataset/uva-communication-28G-csi-nlos/t16x16_r2x1_test_small/10032-run00054-34.mat,-120.05012340340777,186.0,51.0,-121.29422644484842,-0.09288534966702211,15.831618547439575,186.0,48.0,-135.65701860016708,1.2441030414406526,2.9999999999999227
./csi-dataset/uva-communication-28G-csi-nlos/t16x16_r2x1_test_small/10032-run00054-35.mat,-120.2518603151812,152.0,31.0,-120.98914579920523,-0.24281238619597656,14.667564153671265,149.0,32.0,-136.823733707707,0.7372854840240279,1.859051923910726
./csi-dataset/uva-communication-28G-csi-nlos/t16x16_r2x1_test_small/10032-run00054-36.mat,-95.63827200457696,213.0,67.0,-96.07676806565307,-0.3086999612885464,16.5060977935791,214.0,65.0,-110.64925404060781,0.4384960610761084,2.1987329658891697
./csi-dataset/uva-communication-28G-csi-nlos/t16x16_r2x1_test_small/10032-run00054-37.mat,-113.60039903535537,353.0,67.0,-113.70702690236554,0.26345194931171245,14.044296503067017,354.0,66.0,-128.23637241212262,0.10662786701017524,1.3568206689498745
./csi-dataset/uva-communication-28G-csi-nlos/t16x16_r2x1_test_small/10032-run00054-38.mat,-113.72321538623044,149.0,52.0,-114.09924981623857,0.08908695663560495,11.800141334533691,149.0,51.0,-126.8663772378793,0.37603443000813286,0.9999999999991713
./csi-dataset/uva-communication-28G-csi-nlos/t16x16_r2x1_test_small/10032-run00054-39.mat,-140.65595168159956,277.0,54.0,-159.99737803304538,-0.12584001117297383,12.716861724853516,96.0,13.0,-155.04106095344727,19.34142635144582,66.9982747234559
./csi-dataset/uva-communication-28G-csi-nlos/t16x16_r2x1_test_small/10032-run00054-4.mat,-104.43237000140093,209.0,59.0,-124.91105450074465,-0.3139264526718577,16.65666437149048,334.0,66.0,-123.2968027822446,20.47868449934373,103.86651245340316
./csi-dataset/uva-communication-28G-csi-nlos/t16x16_r2x1_test_small/10032-run00054-40.mat,-113.8587189350306,42.0,47.0,-114.04997426692324,0.028273349675249082,17.161022186279297,41.0,47.0,-126.91078679133858,0.19125533189264843,0.7313493840043914
./csi-dataset/uva-communication-28G-csi-nlos/t16x16_r2x1_test_small/10032-run00054-41.mat,-111.54586396989744,293.0,52.0,-112.42895150273355,0.12196097863077593,10.544458389282227,292.0,51.0,-125.39058372955381,0.8830875328361145,1.2698127585966896
./csi-dataset/uva-communication-28G-csi-nlos/t16x16_r2x1_test_small/10032-run00054-42.mat,-116.9944923467272,242.0,41.0,-117.29219364367657,-0.21814385666106118,11.143412828445435,243.0,43.0,-130.1923206470577,0.29770129694937,2.1089134127373366
./csi-dataset/uva-communication-28G-csi-nlos/t16x16_r2x1_test_small/10032-run00054-43.mat,-140.52474714541358,161.0,74.0,-140.63184530557646,0.0025612471331193376,9.632066488265991,161.0,72.0,-152.28225074303938,0.10709816016287732,1.9999999999999472
./csi-dataset/uva-communication-28G-csi-nlos/t16x16_r2x1_test_small/10032-run00054-44.mat,-121.60489967910308,134.0,27.0,-159.7493263671839,0.062320472394197246,14.349677801132202,62.0,74.0,-138.74191554985046,38.14442668808081,67.63838878295007
./csi-dataset/uva-communication-28G-csi-nlos/t16x16_r2x1_test_small/10032-run00054-45.mat,-125.26370214991134,277.0,38.0,-125.39341920159299,-0.06425613405692565,15.68858790397644,278.0,39.0,-140.73350851196787,0.12971705168165215,1.1779057547174527
./csi-dataset/uva-communication-28G-csi-nlos/t16x16_r2x1_test_small/10032-run00054-46.mat,-110.56431002299986,78.0,63.0,-110.79272532198593,0.05216404318687873,16.8916974067688,77.0,63.0,-124.32125506340724,0.22841529898606439,0.8910041932652336
./csi-dataset/uva-communication-28G-csi-nlos/t16x16_r2x1_test_small/10032-run00054-47.mat,-116.29435115160597,315.0,53.0,-117.34292631753848,0.23791574423206963,10.374402284622192,314.0,52.0,-129.00151128341733,1.0485751659325189,1.2764636308914457
./csi-dataset/uva-communication-28G-csi-nlos/t16x16_r2x1_test_small/10032-run00054-48.mat,-109.25989900039524,129.0,46.0,-109.74106278145912,0.07464395160767667,10.08777379989624,130.0,45.0,-123.27957187604993,0.48116378106388424,1.2282790934639731
./csi-dataset/uva-communication-28G-csi-nlos/t16x16_r2x1_test_small/10032-run00054-49.mat,-157.30322421512227,331.0,34.0,-157.40080135693864,0.32302726629475775,0.20672845840454102,332.0,33.0,-159.89206555688392,0.09757714181637311,1.142177030716677
./csi-dataset/uva-communication-28G-csi-nlos/t16x16_r2x1_test_small/10032-run00054-5.mat,-117.59631679089576,153.0,63.0,-122.45086490713042,0.319384198733244,10.080467700958252,172.0,86.0,-133.7512632499357,4.8545481162346675,29.29876767694516
./csi-dataset/uva-communication-28G-csi-nlos/t16x16_r2x1_test_small/10032-run00054-50.mat,-121.8605945277918,224.0,19.0,-122.14077379955042,0.07660158472157319,9.39573049545288,221.0,19.0,-136.15062512164997,0.28017927175861246,0.9766047189491781
./csi-dataset/uva-communication-28G-csi-nlos/t16x16_r2x1_test_small/10032-run00054-51.mat,-111.96484993791564,101.0,43.0,-112.07632971320407,-0.29506561426538447,13.34914255142212,100.0,44.0,-127.34724291216564,0.11147977528843,1.2139907717968488
./csi-dataset/uva-communication-28G-csi-nlos/t16x16_r2x1_test_small/10032-run00054-52.mat,-108.95112450390172,191.0,59.0,-156.94942686564065,-1.0308178128356387,14.854121208190918,84.0,48.0,-127.82078527864104,47.99830236173892,80.8867083662954
./csi-dataset/uva-communication-28G-csi-nlos/t16x16_r2x1_test_small/10032-run00054-53.mat,-114.9921919269612,122.0,55.0,-118.20479105365548,0.13871891621615462,9.468456029891968,121.0,50.0,-130.84268254493008,3.212599126694286,5.06243993671309
./csi-dataset/uva-communication-28G-csi-nlos/t16x16_r2x1_test_small/10032-run00054-54.mat,-113.23419943386986,225.0,60.0,-113.26111199033818,0.17277687268642594,10.17744755744934,225.0,60.0,-125.10614736737918,0.026912556468317916,0.0
./csi-dataset/uva-communication-28G-csi-nlos/t16x16_r2x1_test_small/10032-run00054-55.mat,-113.99646601867272,16.0,37.0,-114.08479190559089,0.23746170793305355,11.276291131973267,16.0,37.0,-125.77595683174243,0.08832588691817023,0.0
./csi-dataset/uva-communication-28G-csi-nlos/t16x16_r2x1_test_small/10032-run00054-56.mat,-106.91565667319452,143.0,35.0,-106.92361792670317,-0.01724779107919039,15.298435926437378,144.0,36.0,-122.8566445458801,0.007961253508653954,1.156352547621995
./csi-dataset/uva-communication-28G-csi-nlos/t16x16_r2x1_test_small/10032-run00054-57.mat,-111.04213588382372,244.0,33.0,-112.35268689383295,-0.16081556150284615,13.287688970565796,242.0,35.0,-126.26028636816687,1.3105510100092346,2.2912300217144317
./csi-dataset/uva-communication-28G-csi-nlos/t16x16_r2x1_test_small/10032-run00054-58.mat,-118.08980585805566,190.0,55.0,-118.84584270444088,0.19493572552628058,10.670742750167847,189.0,57.0,-133.20287378504423,0.7560368463852285,2.1649787038774506
./csi-dataset/uva-communication-28G-csi-nlos/t16x16_r2x1_test_small/10032-run00054-59.mat,-117.40063239144816,8.0,37.0,-159.2173183965936,0.07534017747312394,9.9460768699646,136.0,59.0,-133.69827129598917,41.816686005145456,84.62148817202342
./csi-dataset/uva-communication-28G-csi-nlos/t16x16_r2x1_test_small/10032-run00054-6.mat,-111.70229447275123,340.0,61.0,-112.34284609745717,-0.21775318618260875,14.81538462638855,340.0,59.0,-125.87968367164919,0.6405516247059353,2.0000000000001297
./csi-dataset/uva-communication-28G-csi-nlos/t16x16_r2x1_test_small/10032-run00054-60.mat,-140.6256524444306,190.0,30.0,-140.65264917543072,-0.036006790704989466,12.528528928756714,190.0,30.0,-152.9159652840589,0.026996731000110685,0.0
./csi-dataset/uva-communication-28G-csi-nlos/t16x16_r2x1_test_small/10032-run00054-61.mat,-116.7719116008546,348.0,46.0,-117.1144116839958,0.35515395197914457,9.266218185424805,348.0,45.0,-129.53763054326072,0.3425000831412035,0.9999999999999002
./csi-dataset/uva-communication-28G-csi-nlos/t16x16_r2x1_test_small/10032-run00054-62.mat,-113.033306559388,39.0,63.0,-113.0017661581368,-0.5005486886774644,16.14881706237793,39.0,64.0,-126.84782619871682,-0.03154040125119195,0.9999999999999002
./csi-dataset/uva-communication-28G-csi-nlos/t16x16_r2x1_test_small/10032-run00054-63.mat,-125.7471740082616,7.0,46.0,-125.93173305437602,-0.19603050755392637,12.807171106338501,8.0,46.0,-138.13287295464784,0.18455904611442975,0.7193353945245025
./csi-dataset/uva-communication-28G-csi-nlos/t16x16_r2x1_test_small/10032-run00054-64.mat,-108.1265741296353,174.0,44.0,-108.48830923062681,0.10614056613124623,14.094125986099243,174.0,43.0,-123.32682898184535,0.36173510099150974,1.0000000000006293
./csi-dataset/uva-communication-28G-csi-nlos/t16x16_r2x1_test_small/10032-run00054-65.mat,-121.16877166335532,95.0,27.0,-159.11378968047296,0.28623502997739747,17.046422481536865,193.0,89.0,-143.97856086196222,37.94501801711765,92.72965427428927
./csi-dataset/uva-communication-28G-csi-nlos/t16x16_r2x1_test_small/10032-run00054-66.mat,-116.13517793471075,3.0,65.0,-116.6991168709965,0.15836896256168564,14.466466665267944,3.0,62.0,-131.75267149902254,0.5639389362857514,3.0000000000000444
./csi-dataset/uva-communication-28G-csi-nlos/t16x16_r2x1_test_small/10032-run00054-67.mat,-114.03188669159918,338.0,64.0,-114.46874810989569,-0.022232612979481647,12.116517543792725,338.0,64.0,-127.18333002248812,0.4368614182965018,0.0
./csi-dataset/uva-communication-28G-csi-nlos/t16x16_r2x1_test_small/10032-run00054-68.mat,-103.25638213526312,339.0,59.0,-156.91420384865978,-0.22580830579867328,15.198580980300903,19.0,14.0,-120.90418944885542,53.65782171339666,48.807421597668686
./csi-dataset/uva-communication-28G-csi-nlos/t16x16_r2x1_test_small/10032-run00054-69.mat,-133.7762073661041,288.0,58.0,-159.96813548535314,-0.7484701208866218,15.867403507232666,93.0,20.0,-150.0324775412868,26.19192811924904,77.4204508528133
./csi-dataset/uva-communication-28G-csi-nlos/t16x16_r2x1_test_small/10032-run00054-7.mat,-103.72359121829184,351.0,57.0,-159.36187195424137,-0.2661095119972603,16.52058744430542,145.0,30.0,-123.00003491989153,55.63828073594952,84.56161960249294
./csi-dataset/uva-communication-28G-csi-nlos/t16x16_r2x1_test_small/10032-run00054-70.mat,-115.21091585966688,173.0,48.0,-115.75756835029593,-0.29591266492391743,10.769767761230469,172.0,47.0,-129.60854206157373,0.5466524906290431,1.242386017010032
./csi-dataset/uva-communication-28G-csi-nlos/t16x16_r2x1_test_small/10032-run00054-71.mat,-130.7967541932852,167.0,48.0,-130.93116934984045,0.07507603296850851,17.997701406478882,167.0,48.0,-147.3519636512567,0.13441515655523517,0.0
./csi-dataset/uva-communication-28G-csi-nlos/t16x16_r2x1_test_small/10032-run00054-72.mat,-129.4553312367363,187.0,68.0,-129.5268518078972,0.04216686544188153,15.74065613746643,188.0,67.0,-144.9782826383805,0.07152057116090305,1.3614394577044877
./csi-dataset/uva-communication-28G-csi-nlos/t16x16_r2x1_test_small/10032-run00054-73.mat,-108.12107668608228,81.0,35.0,-159.26267750524244,-0.5166071354962851,17.144903898239136,356.0,61.0,-125.62285743870603,51.14160081916016,63.84152499542117
./csi-dataset/uva-communication-28G-csi-nlos/t16x16_r2x1_test_small/10032-run00054-74.mat,-105.14873587753762,307.0,55.0,-105.2784984283221,0.19362912405064114,17.847825288772583,307.0,56.0,-120.20039725203762,0.12976255078447707,0.9999999999999002
./csi-dataset/uva-communication-28G-csi-nlos/t16x16_r2x1_test_small/10032-run00054-75.mat,-110.090752652569,352.0,15.0,-110.09409277797153,-0.7218443940882113,12.006340503692627,353.0,15.0,-121.90488986918504,0.0033401254025307026,0.25881598012840523
./csi-dataset/uva-communication-28G-csi-nlos/t16x16_r2x1_test_small/10032-run00054-76.mat,-102.94635120397407,351.0,36.0,-105.75456347979112,-0.4492758807392807,16.864974975585938,347.0,35.0,-119.6350280606147,2.8082122758170414,2.528449689333581
./csi-dataset/uva-communication-28G-csi-nlos/t16x16_r2x1_test_small/10032-run00054-77.mat,-116.39177251559026,150.0,14.0,-116.8088399672647,0.18130790516271755,11.583956241607666,148.0,15.0,-130.7893672156995,0.41706745167444126,1.11823291532414
./csi-dataset/uva-communication-28G-csi-nlos/t16x16_r2x1_test_small/10032-run00054-78.mat,-122.10543835814909,183.0,89.0,-122.71777344571043,0.008119463455126485,12.740785121917725,355.0,82.0,-135.86769615499693,0.6123350875613482,167.97384461059116
./csi-dataset/uva-communication-28G-csi-nlos/t16x16_r2x1_test_small/10032-run00054-79.mat,-121.192164568806,206.0,25.0,-121.22356692388652,0.025719017686768098,16.947234630584717,206.0,25.0,-136.07883153704498,0.03140235508051603,8.537736462515939e-07
./csi-dataset/uva-communication-28G-csi-nlos/t16x16_r2x1_test_small/10032-run00054-8.mat,-105.08334659940382,330.0,61.0,-105.16939176570716,0.15076064253139088,16.496912717819214,332.0,62.0,-122.9752970955486,0.08604516630333592,2.0221421470913072
./csi-dataset/uva-communication-28G-csi-nlos/t16x16_r2x1_test_small/10032-run00054-80.mat,-119.04484443252866,262.0,20.0,-119.10118101018156,-0.08631724311965794,14.822521209716797,264.0,21.0,-133.13157096760844,0.05633657765289968,1.2207610087642609
./csi-dataset/uva-communication-28G-csi-nlos/t16x16_r2x1_test_small/10032-run00054-81.mat,-94.16918458845998,340.0,55.0,-119.54566611314635,0.11818854210590124,18.17727828025818,332.0,36.0,-112.99548411124118,25.37648152468637,19.808113476921786
./csi-dataset/uva-communication-28G-csi-nlos/t16x16_r2x1_test_small/10032-run00054-82.mat,-116.14900130864748,158.0,57.0,-116.34597277133639,-0.001075357412292588,17.342395305633545,158.0,56.0,-130.11065079649512,0.1969714626889072,0.9999999999995357
./csi-dataset/uva-communication-28G-csi-nlos/t16x16_r2x1_test_small/10032-run00054-83.mat,-111.18359642152882,242.0,44.0,-158.9656442273655,-0.21075816235602507,15.730544805526733,319.0,13.0,-129.8374123048568,47.78204780583667,42.603566735623716
./csi-dataset/uva-communication-28G-csi-nlos/t16x16_r2x1_test_small/10032-run00054-84.mat,-111.45082348783438,214.0,54.0,-111.41117283286512,-0.5387298754022154,16.814005851745605,215.0,55.0,-126.99409178353912,-0.039650654969264565,1.2894711697607444
./csi-dataset/uva-communication-28G-csi-nlos/t16x16_r2x1_test_small/10032-run00054-85.mat,-135.8536423644499,176.0,41.0,-159.94439796723026,0.3461254837192169,10.270897626876831,253.0,51.0,-150.58374051758332,24.090755602780348,53.86809176067963
./csi-dataset/uva-communication-28G-csi-nlos/t16x16_r2x1_test_small/10032-run00054-86.mat,-107.84193242485529,142.0,25.0,-108.51648428329179,0.007028384140824073,14.455033302307129,140.0,24.0,-121.99996533115,0.6745518584365016,1.2990590537751754
./csi-dataset/uva-communication-28G-csi-nlos/t16x16_r2x1_test_small/10032-run00054-87.mat,-94.7397296930982,77.0,41.0,-94.85849062939667,0.18486584441353948,17.805201530456543,77.0,41.0,-108.52769103063133,0.11876093629847162,0.0
./csi-dataset/uva-communication-28G-csi-nlos/t16x16_r2x1_test_small/10032-run00054-88.mat,-116.75134830787526,2.0,4.0,-117.03330823608688,-0.12560045929663666,12.46932578086853,0.0,5.0,-130.17041599390495,0.2819599282116201,1.0120857125278824
./csi-dataset/uva-communication-28G-csi-nlos/t16x16_r2x1_test_small/10032-run00054-89.mat,-113.70690822473549,99.0,40.0,-113.7978792197157,0.017386460202597487,12.12174677848816,100.0,41.0,-127.57623166395638,0.09097099498021066,1.1923597758459477
./csi-dataset/uva-communication-28G-csi-nlos/t16x16_r2x1_test_small/10032-run00054-9.mat,-100.76864141250172,182.0,27.0,-100.8359190871066,-0.0839485425359503,17.984910011291504,182.0,28.0,-114.11929289138132,0.0672776746048811,0.9999999999995357
./csi-dataset/uva-communication-28G-csi-nlos/t16x16_r2x1_test_small/10032-run00054-90.mat,-113.28403275203564,324.0,33.0,-143.1765023055387,0.19684342311397174,14.775005102157593,177.0,67.0,-139.95977672045026,29.892469553503048,95.322800141626
./csi-dataset/uva-communication-28G-csi-nlos/t16x16_r2x1_test_small/10032-run00054-91.mat,-113.18781263904046,310.0,50.0,-155.15594188069937,0.16059701548417338,11.235750436782837,138.0,9.0,-129.20395820004606,41.968129241658914,58.922013354312426
./csi-dataset/uva-communication-28G-csi-nlos/t16x16_r2x1_test_small/10032-run00054-92.mat,-123.37107182223704,237.0,49.0,-124.26230220035953,0.20088550067988342,12.918927907943726,237.0,47.0,-137.52683808804767,0.8912303781224864,2.0000000000001297
./csi-dataset/uva-communication-28G-csi-nlos/t16x16_r2x1_test_small/10032-run00054-93.mat,-121.54863845696798,121.0,33.0,-121.65927723816716,-0.07081891661458783,17.08669686317444,121.0,33.0,-135.7952136142763,0.11063878119918513,0.0
./csi-dataset/uva-communication-28G-csi-nlos/t16x16_r2x1_test_small/10032-run00054-94.mat,-118.65016803229857,313.0,16.0,-118.93065852443206,0.2977500678734093,12.102202892303467,315.0,17.0,-133.0735542008142,0.2804904921334952,1.1499306616029856
./csi-dataset/uva-communication-28G-csi-nlos/t16x16_r2x1_test_small/10032-run00054-95.mat,-105.41045674580276,150.0,40.0,-105.44524452489395,-0.3535998604012822,15.523141860961914,150.0,40.0,-117.58758366914421,0.034787779091189464,8.537736462515939e-07
./csi-dataset/uva-communication-28G-csi-nlos/t16x16_r2x1_test_small/10032-run00054-96.mat,-157.6720417374945,173.0,79.0,-159.99277305174135,0.2578191703322713,0.2171940803527832,118.0,49.0,-159.9909167377032,2.320731314246842,56.625282154071826
./csi-dataset/uva-communication-28G-csi-nlos/t16x16_r2x1_test_small/10032-run00054-97.mat,-124.67841304773484,291.0,65.0,-158.76375066812005,-0.048023368662305055,12.777591466903687,158.0,47.0,-145.82010934436352,34.08533762038522,99.4289873167668
./csi-dataset/uva-communication-28G-csi-nlos/t16x16_r2x1_test_small/10032-run00054-98.mat,-112.47626437495664,134.0,19.0,-154.67329282800682,-0.050076270773783405,12.74618649482727,87.0,42.0,-130.3803559371254,42.19702845305018,31.654410153931916
./csi-dataset/uva-communication-28G-csi-nlos/t16x16_r2x1_test_small/10032-run00054-99.mat,-121.31740257835492,345.0,49.0,-121.91599232803925,-0.15948309071061129,12.960562229156494,344.0,49.0,-134.67797650611448,0.5985897496843364,0.7547054571971609
./csi-dataset/uva-communication-28G-csi-nlos/t16x16_r2x1_test_small/10032-run00055-1.mat,-126.55415728647372,217.0,44.0,-126.84781983754682,0.16481124184022822,16.050118446350098,216.0,44.0,-140.6314923683012,0.2936625510730977,0.6946538081101133
./csi-dataset/uva-communication-28G-csi-nlos/t16x16_r2x1_test_small/10032-run00055-10.mat,-153.96402508359986,348.0,54.0,-159.9965005266955,0.33097921514197626,0.25459790229797363,19.0,80.0,-159.76411304106887,6.032475443095649,38.279738730510374
./csi-dataset/uva-communication-28G-csi-nlos/t16x16_r2x1_test_small/10032-run00055-100.mat,-119.7083288283264,111.0,70.0,-159.90611554853365,-0.5163037070113901,14.592931509017944,295.0,15.0,-138.593338234936,40.19778672020725,84.9659246675864
./csi-dataset/uva-communication-28G-csi-nlos/t16x16_r2x1_test_small/10032-run00055-11.mat,-119.20316373299887,350.0,71.0,-120.4922874254497,-0.29491510524300213,15.450517177581787,350.0,66.0,-133.53925390915583,1.2891236924508291,5.000000000000064
./csi-dataset/uva-communication-28G-csi-nlos/t16x16_r2x1_test_small/10032-run00055-12.mat,-151.92933829308194,217.0,49.0,-159.99972713141793,0.3567106128254458,9.535376071929932,48.0,49.0,-159.24731834109411,8.070388838335987,97.39495004106534
./csi-dataset/uva-communication-28G-csi-nlos/t16x16_r2x1_test_small/10032-run00055-13.mat,-105.30494540475632,232.0,57.0,-155.87110672340867,0.042349466765275845,14.160669565200806,37.0,63.0,-122.8417225287228,50.56616131865235,118.3292540336675
./csi-dataset/uva-communication-28G-csi-nlos/t16x16_r2x1_test_small/10032-run00055-14.mat,-122.88675809664667,261.0,34.0,-158.49774378943704,0.2386752141785029,10.667346477508545,57.0,62.0,-138.27191832977047,35.610985692790365,93.54558060892433
./csi-dataset/uva-communication-28G-csi-nlos/t16x16_r2x1_test_small/10032-run00055-15.mat,-148.20294695404505,170.0,58.0,-149.09126336807475,-0.14342223161182166,14.821240901947021,179.0,65.0,-157.85341193688754,0.8883164140297026,10.553754921593088
./csi-dataset/uva-communication-28G-csi-nlos/t16x16_r2x1_test_small/10032-run00055-16.mat,-153.81244154978194,82.0,38.0,-153.83293697884864,0.22802209765279458,0.274090051651001,82.0,39.0,-159.46301860866373,0.02049542906669899,0.9999999999999002
./csi-dataset/uva-communication-28G-csi-nlos/t16x16_r2x1_test_small/10032-run00055-17.mat,-145.5316104442117,4.0,22.0,-159.93332362580165,-0.1623066715431687,11.00664734840393,312.0,22.0,-157.94816415289242,14.40171318158994,18.9034705734455
./csi-dataset/uva-communication-28G-csi-nlos/t16x16_r2x1_test_small/10032-run00055-18.mat,-102.73543393814208,322.0,66.0,-103.39907258120246,0.033632087889067575,15.207210779190063,322.0,64.0,-116.25515606118319,0.6636386430603807,1.9999999999999472
./csi-dataset/uva-communication-28G-csi-nlos/t16x16_r2x1_test_small/10032-run00055-19.mat,-104.48898788266392,298.0,60.0,-144.64562472840066,-0.1039803235190031,11.67899775505066,248.0,37.0,-122.95776235449621,40.15663684573674,42.7493369940539
./csi-dataset/uva-communication-28G-csi-nlos/t16x16_r2x1_test_small/10032-run00055-2.mat,-129.19126562223838,195.0,72.0,-129.18154533132846,-0.48904632082431476,13.894327640533447,195.0,73.0,-140.98693541818602,-0.009720290909911,0.9999999999999002
./csi-dataset/uva-communication-28G-csi-nlos/t16x16_r2x1_test_small/10032-run00055-20.mat,-129.06871183018643,189.0,63.0,-159.998877265319,-0.5644236236992481,14.64565896987915,45.0,44.0,-148.36325799516405,30.93016543513258,100.02999438886962
./csi-dataset/uva-communication-28G-csi-nlos/t16x16_r2x1_test_small/10032-run00055-21.mat,-105.50104668349232,1.0,41.0,-136.20754917938373,-0.5553351857730684,14.928534030914307,176.0,55.0,-131.94077898955751,30.706502495891414,95.88219649248363
./csi-dataset/uva-communication-28G-csi-nlos/t16x16_r2x1_test_small/10032-run00055-22.mat,-147.50426970150113,311.0,32.0,-159.39679519812168,-0.17846811516471828,10.063596248626709,347.0,25.0,-158.69366717815367,11.89252549662055,18.236144688978
./csi-dataset/uva-communication-28G-csi-nlos/t16x16_r2x1_test_small/10032-run00055-23.mat,-122.91819716430146,215.0,72.0,-122.96707494028462,-0.21743622346084046,15.574953556060791,216.0,72.0,-137.61253616971834,0.04887777598315779,0.9510553635683516
./csi-dataset/uva-communication-28G-csi-nlos/t16x16_r2x1_test_small/10032-run00055-24.mat,-130.37280520913453,59.0,29.0,-130.76830729850786,-0.20874616439654092,12.89860725402832,60.0,28.0,-144.64998571852954,0.39550208937333764,1.107976273692604
./csi-dataset/uva-communication-28G-csi-nlos/t16x16_r2x1_test_small/10032-run00055-25.mat,-122.5291989583603,1.0,66.0,-122.52768030747804,-0.6534357975626477,15.226689100265503,1.0,66.0,-138.69665789389873,-0.0015186508822608857,0.0
./csi-dataset/uva-communication-28G-csi-nlos/t16x16_r2x1_test_small/10032-run00055-26.mat,-143.4796482886794,274.0,68.0,-143.67888772102614,0.07374287827133053,14.186169147491455,274.0,68.0,-154.98325098081727,0.19923943234672947,0.0
./csi-dataset/uva-communication-28G-csi-nlos/t16x16_r2x1_test_small/10032-run00055-27.mat,-122.87262118213492,144.0,65.0,-123.2522490322873,-0.2886217804020599,15.086861610412598,143.0,64.0,-136.6552535975543,0.37962785015237444,1.3470789017465334
./csi-dataset/uva-communication-28G-csi-nlos/t16x16_r2x1_test_small/10032-run00055-28.mat,-116.21949299325932,302.0,68.0,-129.38531761846758,0.0933099671376939,16.346575498580933,296.0,74.0,-133.10658595435928,13.16582462520826,8.254766857304753
./csi-dataset/uva-communication-28G-csi-nlos/t16x16_r2x1_test_small/10032-run00055-29.mat,-99.64014484166528,11.0,53.0,-99.80174782356522,-0.04112092856328298,16.550375938415527,12.0,55.0,-113.66387459100594,0.16160298189994649,2.1573898682074057
./csi-dataset/uva-communication-28G-csi-nlos/t16x16_r2x1_test_small/10032-run00055-3.mat,-123.17439144331598,296.0,39.0,-123.22059868633096,0.11094062364603618,15.993090152740479,297.0,40.0,-137.5940611242808,0.04620724301497603,1.1851302768327094
./csi-dataset/uva-communication-28G-csi-nlos/t16x16_r2x1_test_small/10032-run00055-30.mat,-110.4604647063604,80.0,38.0,-159.6163835170594,-0.23442757837230177,15.979432344436646,212.0,50.0,-129.0444368933164,49.155918810699006,78.9920346545672
./csi-dataset/uva-communication-28G-csi-nlos/t16x16_r2x1_test_small/10032-run00055-31.mat,-123.93202024027607,186.0,53.0,-124.05244203624433,-0.0943031206530569,15.628601789474487,186.0,53.0,-135.90272075998175,0.1204217959682552,0.0
./csi-dataset/uva-communication-28G-csi-nlos/t16x16_r2x1_test_small/10032-run00055-32.mat,-116.53152606794905,190.0,82.0,-116.57458560228085,0.023707363650845914,15.70512318611145,190.0,89.0,-131.9346362357341,0.043059534331803206,6.99999999999992
./csi-dataset/uva-communication-28G-csi-nlos/t16x16_r2x1_test_small/10032-run00055-33.mat,-117.44233932711062,168.0,12.0,-159.1610124734517,0.2276690825917025,14.516838550567627,276.0,34.0,-137.3616326578351,41.71867314634109,39.19551599046591
./csi-dataset/uva-communication-28G-csi-nlos/t16x16_r2x1_test_small/10032-run00055-34.mat,-125.6666919920827,231.0,51.0,-125.81744595759255,-0.30395207497059196,16.258976459503174,232.0,51.0,-142.18293327408088,0.15075396550984976,0.7771420548734437
./csi-dataset/uva-communication-28G-csi-nlos/t16x16_r2x1_test_small/10032-run00055-35.mat,-106.7499616835534,44.0,39.0,-106.97845939664319,0.3147095195031937,12.424235582351685,43.0,39.0,-117.9194875280129,0.22849771308979427,0.6293155668564437
./csi-dataset/uva-communication-28G-csi-nlos/t16x16_r2x1_test_small/10032-run00055-36.mat,-106.1700505627086,291.0,30.0,-106.17199533759069,-0.08089392411604468,15.246521949768066,292.0,30.0,-120.15983569929345,0.0019447748820908828,0.49999524032974746
./csi-dataset/uva-communication-28G-csi-nlos/t16x16_r2x1_test_small/10032-run00055-37.mat,-132.059546371423,172.0,44.0,-132.14298057221131,0.15417594838580406,13.010174751281738,172.0,44.0,-145.90096526044272,0.08343420078830377,0.0
./csi-dataset/uva-communication-28G-csi-nlos/t16x16_r2x1_test_small/10032-run00055-38.mat,-133.24371105510377,319.0,69.0,-133.33865217189924,-0.44564408560639723,14.113228797912598,320.0,72.0,-147.92410256207512,0.0949411167954679,3.144565321587563
./csi-dataset/uva-communication-28G-csi-nlos/t16x16_r2x1_test_small/10032-run00055-39.mat,-117.80920813526151,341.0,60.0,-118.11158483300737,0.003138039654140945,15.434261560440063,341.0,62.0,-133.88085132847954,0.3023766977458564,1.9999999999999472
./csi-dataset/uva-communication-28G-csi-nlos/t16x16_r2x1_test_small/10032-run00055-4.mat,-121.14590518532682,172.0,14.0,-121.27334029688582,-0.07301902440187025,14.626395225524902,170.0,14.0,-135.53153389782415,0.12743511155899512,0.48382066449427963
./csi-dataset/uva-communication-28G-csi-nlos/t16x16_r2x1_test_small/10032-run00055-40.mat,-134.61384061377515,269.0,15.0,-159.99961611449305,0.08278607454520404,15.944088459014893,158.0,76.0,-154.8314130562456,25.385775500717898,81.73907631838982
./csi-dataset/uva-communication-28G-csi-nlos/t16x16_r2x1_test_small/10032-run00055-41.mat,-121.81972580694688,196.0,71.0,-122.09722573242081,0.09733613083400938,14.445177793502808,195.0,72.0,-135.56805646945156,0.27749992547393276,1.3781454783870641
./csi-dataset/uva-communication-28G-csi-nlos/t16x16_r2x1_test_small/10032-run00055-42.mat,-127.6015699176255,300.0,9.0,-127.70950644380571,-0.3449882485466187,16.19956398010254,297.0,9.0,-141.81858402797374,0.10793652618021099,0.4692510991837657
./csi-dataset/uva-communication-28G-csi-nlos/t16x16_r2x1_test_small/10032-run00055-43.mat,-114.18702303243296,352.0,65.0,-114.2034646159666,0.07775043211572275,15.649233102798462,353.0,66.0,-130.9784197451757,0.01644158353363423,1.3520324638837722
./csi-dataset/uva-communication-28G-csi-nlos/t16x16_r2x1_test_small/10032-run00055-44.mat,-119.7934626665336,333.0,61.0,-121.0721062006799,0.00276503065990108,14.508164644241333,332.0,63.0,-134.25844167416906,1.2786435341462976,2.186194360599835
./csi-dataset/uva-communication-28G-csi-nlos/t16x16_r2x1_test_small/10032-run00055-45.mat,-103.8086008859344,330.0,39.0,-149.52375601068115,-1.1121758513691398,14.40654468536377,295.0,64.0,-120.6996713249856,45.71515512474676,36.48477786428348
./csi-dataset/uva-communication-28G-csi-nlos/t16x16_r2x1_test_small/10032-run00055-46.mat,-133.42047558576817,284.0,61.0,-133.86953102511902,0.287231897449737,14.903136730194092,284.0,60.0,-146.098782571407,0.44905543935084324,0.9999999999995357
./csi-dataset/uva-communication-28G-csi-nlos/t16x16_r2x1_test_small/10032-run00055-47.mat,-145.71780302242755,332.0,47.0,-159.04466001422077,0.0628174443983126,16.424195766448975,334.0,83.0,-156.95930239030795,13.326856991793221,36.04308222438642
./csi-dataset/uva-communication-28G-csi-nlos/t16x16_r2x1_test_small/10032-run00055-48.mat,-119.57829577380762,356.0,70.0,-149.21999054667322,-0.004679618707343902,15.491285562515259,342.0,25.0,-145.57858825366742,29.64169477286559,45.94805188970448
./csi-dataset/uva-communication-28G-csi-nlos/t16x16_r2x1_test_small/10032-run00055-49.mat,-106.62403695091272,201.0,27.0,-106.65132897164851,0.0050970878138245634,15.763209104537964,201.0,27.0,-118.69733987595119,0.027292020735785627,0.0
./csi-dataset/uva-communication-28G-csi-nlos/t16x16_r2x1_test_small/10032-run00055-5.mat,-116.43179831524598,284.0,45.0,-116.49136511744928,-0.2743228944062426,15.172509908676147,284.0,45.0,-128.99770301893136,0.05956680220329247,0.0
./csi-dataset/uva-communication-28G-csi-nlos/t16x16_r2x1_test_small/10032-run00055-50.mat,-124.49967766260458,156.0,55.0,-124.7300681867325,-0.16480139832311314,16.079370498657227,156.0,54.0,-139.34887755645872,0.2303905241279125,0.9999999999999002
./csi-dataset/uva-communication-28G-csi-nlos/t16x16_r2x1_test_small/10032-run00055-51.mat,-140.26314622562325,357.0,69.0,-141.09889827928373,0.10690089241471645,17.56586456298828,356.0,71.0,-152.53952655161652,0.8357520536604852,2.2097271999825474
./csi-dataset/uva-communication-28G-csi-nlos/t16x16_r2x1_test_small/10032-run00055-52.mat,-126.74881073069976,189.0,56.0,-126.79976741692714,0.05348263534106168,14.21606159210205,189.0,56.0,-139.8076244526585,0.05095668622738003,0.0
./csi-dataset/uva-communication-28G-csi-nlos/t16x16_r2x1_test_small/10032-run00055-53.mat,-131.29200092045184,264.0,46.0,-159.9539014364554,0.11608238568181994,14.762615203857422,120.0,19.0,-150.8208608723726,28.661900516003556,62.13788431684817
./csi-dataset/uva-communication-28G-csi-nlos/t16x16_r2x1_test_small/10032-run00055-54.mat,-137.92910900075938,332.0,39.0,-159.85214118325973,-0.17173498095898032,15.031889915466309,284.0,31.0,-154.6066217243992,21.92303218250035,27.99050638713672
./csi-dataset/uva-communication-28G-csi-nlos/t16x16_r2x1_test_small/10032-run00055-55.mat,-119.23056882296544,159.0,63.0,-119.64194566956833,-0.5029400685884635,13.461903810501099,161.0,63.0,-135.64158039716975,0.41137684660289153,1.7819943996778111
./csi-dataset/uva-communication-28G-csi-nlos/t16x16_r2x1_test_small/10032-run00055-56.mat,-120.75534310045256,349.0,65.0,-121.50858037208297,0.04084149529220271,15.466711521148682,349.0,63.0,-135.51583979990295,0.753237271630411,2.0000000000003118
./csi-dataset/uva-communication-28G-csi-nlos/t16x16_r2x1_test_small/10032-run00055-57.mat,-144.02444778653978,285.0,53.0,-144.11128084480467,-0.07854292296071086,14.317233800888062,285.0,53.0,-156.3645100337238,0.08683305826488663,0.0
./csi-dataset/uva-communication-28G-csi-nlos/t16x16_r2x1_test_small/10032-run00055-58.mat,-110.28688075656387,140.0,28.0,-110.47687100412132,-0.11278182261451897,15.226845979690552,139.0,28.0,-125.70753667862857,0.18999024755744642,0.46946691737256885
./csi-dataset/uva-communication-28G-csi-nlos/t16x16_r2x1_test_small/10032-run00055-59.mat,-117.74865712791195,147.0,67.0,-118.60978553446905,-0.8556394778551859,16.45818591117859,146.0,65.0,-131.70629717244844,0.8611284065570999,2.1987329658891697
./csi-dataset/uva-communication-28G-csi-nlos/t16x16_r2x1_test_small/10032-run00055-6.mat,-112.99043319669109,18.0,29.0,-113.35365174078831,0.05592889720968086,16.164693117141724,19.0,28.0,-128.14510519449766,0.3632185440972222,1.107976273692604
./csi-dataset/uva-communication-28G-csi-nlos/t16x16_r2x1_test_small/10032-run00055-60.mat,-146.7986854514971,28.0,22.0,-146.90687618448993,0.15582237213880423,9.441929817199707,30.0,23.0,-156.96512930105393,0.10819073299282422,1.2591508268892468
./csi-dataset/uva-communication-28G-csi-nlos/t16x16_r2x1_test_small/10032-run00055-61.mat,-127.1086667558816,283.0,70.0,-128.0592174139361,-0.9754592405203446,15.627328157424927,284.0,66.0,-142.33540464067943,0.950550658054496,4.1059891120100005
./csi-dataset/uva-communication-28G-csi-nlos/t16x16_r2x1_test_small/10032-run00055-62.mat,-125.56304934386765,187.0,51.0,-159.88230458702876,0.19720901750000097,17.003000259399414,78.0,38.0,-148.9621689052588,34.31925524316111,70.11457923215796
./csi-dataset/uva-communication-28G-csi-nlos/t16x16_r2x1_test_small/10032-run00055-63.mat,-112.86050860742004,121.0,59.0,-113.13391784490008,-0.5307869606430811,15.371908187866211,121.0,58.0,-129.41535232433318,0.2734092374800383,0.9999999999999002
./csi-dataset/uva-communication-28G-csi-nlos/t16x16_r2x1_test_small/10032-run00055-64.mat,-124.12246751834228,265.0,23.0,-124.19893260710985,-0.027760148939641516,16.041735887527466,265.0,23.0,-138.2534524299974,0.07646508876757707,0.0
./csi-dataset/uva-communication-28G-csi-nlos/t16x16_r2x1_test_small/10032-run00055-65.mat,-123.42010280995244,191.0,42.0,-159.87621938578923,-0.19429575048486214,15.851742029190063,116.0,82.0,-141.79882207738635,36.45611657583679,74.04250880309199
./csi-dataset/uva-communication-28G-csi-nlos/t16x16_r2x1_test_small/10032-run00055-66.mat,-153.44890772766908,285.0,64.0,-159.9997610438314,0.4433247569694241,0.27989816665649414,229.0,31.0,-159.822910018209,6.550853316162318,50.60855225920095
./csi-dataset/uva-communication-28G-csi-nlos/t16x16_r2x1_test_small/10032-run00055-67.mat,-108.23572145562451,341.0,43.0,-108.85574153548333,0.14604263069764534,15.819942235946655,340.0,44.0,-124.42525291127474,0.6200200798588185,1.2139907717968488
./csi-dataset/uva-communication-28G-csi-nlos/t16x16_r2x1_test_small/10032-run00055-68.mat,-116.84184510232578,46.0,61.0,-159.9554099106009,-0.4512094171360368,16.445297956466675,281.0,41.0,-133.98093733221364,43.11356480827513,87.89269785492947
./csi-dataset/uva-communication-28G-csi-nlos/t16x16_r2x1_test_small/10032-run00055-69.mat,-130.50382806776523,271.0,47.0,-130.70464465276518,0.1299006418169787,15.02853536605835,271.0,47.0,-143.25609824382602,0.2008165849999557,0.0
./csi-dataset/uva-communication-28G-csi-nlos/t16x16_r2x1_test_small/10032-run00055-7.mat,-125.3531635359122,196.0,66.0,-125.44486741516033,-0.31663870622246937,16.140461444854736,196.0,67.0,-139.67356948346375,0.09170387924812928,1.0000000000006293
./csi-dataset/uva-communication-28G-csi-nlos/t16x16_r2x1_test_small/10032-run00055-70.mat,-111.03745556379542,233.0,56.0,-111.31195181098204,-0.0975044720514322,15.919377565383911,233.0,58.0,-126.64548156218703,0.2744962471866188,2.0000000000001297
./csi-dataset/uva-communication-28G-csi-nlos/t16x16_r2x1_test_small/10032-run00055-71.mat,-110.21415730883952,324.0,52.0,-110.98550326942612,0.19450032143397666,14.434982538223267,325.0,55.0,-126.13830938663158,0.7713459605866007,3.1057671927297137
./csi-dataset/uva-communication-28G-csi-nlos/t16x16_r2x1_test_small/10032-run00055-72.mat,-126.6519254226435,186.0,54.0,-159.44855103515633,0.003174948161430269,14.919851303100586,129.0,84.0,-145.68475996242097,32.79662561251283,60.02323582157972
./csi-dataset/uva-communication-28G-csi-nlos/t16x16_r2x1_test_small/10032-run00055-73.mat,-111.05543865050092,352.0,63.0,-112.00969820520741,0.1349087079710436,16.1113543510437,351.0,63.0,-125.06248114374769,0.9542595547064963,0.8910041932652336
./csi-dataset/uva-communication-28G-csi-nlos/t16x16_r2x1_test_small/10032-run00055-74.mat,-120.48017648975828,230.0,89.0,-120.79304953724686,0.16441490231787192,11.089500904083252,230.0,80.0,-135.3725333300751,0.3128730474885799,9.000000000000023
./csi-dataset/uva-communication-28G-csi-nlos/t16x16_r2x1_test_small/10032-run00055-75.mat,-101.43261987306424,33.0,18.0,-101.71648524801262,0.0291204114502841,15.445555925369263,34.0,17.0,-116.09240267980402,0.2838653749483768,1.0441984132281779
./csi-dataset/uva-communication-28G-csi-nlos/t16x16_r2x1_test_small/10032-run00055-76.mat,-109.22053350451614,181.0,51.0,-140.50012543518883,-0.3292856293056765,16.079240083694458,194.0,89.0,-130.45479733650728,31.279591930672694,39.81681914844794
./csi-dataset/uva-communication-28G-csi-nlos/t16x16_r2x1_test_small/10032-run00055-77.mat,-115.2943701679908,344.0,50.0,-115.64981088754946,-0.10008292077635028,13.848732233047485,344.0,49.0,-129.0593112915961,0.35544071955865775,0.9999999999999002
./csi-dataset/uva-communication-28G-csi-nlos/t16x16_r2x1_test_small/10032-run00055-78.mat,-124.68839434547806,58.0,49.0,-125.19426698049077,-0.190436086576381,14.435311079025269,59.0,48.0,-137.08632109128163,0.5058726350127074,1.2493521292385588
./csi-dataset/uva-communication-28G-csi-nlos/t16x16_r2x1_test_small/10032-run00055-79.mat,-107.61494068779676,201.0,52.0,-107.96389928376291,-0.024601201680923834,14.321379661560059,201.0,51.0,-122.8247761678505,0.34895859596615253,0.9999999999991713
./csi-dataset/uva-communication-28G-csi-nlos/t16x16_r2x1_test_small/10032-run00055-8.mat,-104.7617877006384,225.0,70.0,-106.56087662524862,-0.025121484163674435,16.251209259033203,223.0,68.0,-119.98114991085103,1.7990889246102313,2.736006883607445
./csi-dataset/uva-communication-28G-csi-nlos/t16x16_r2x1_test_small/10032-run00055-80.mat,-114.4566371812912,51.0,33.0,-114.69522279520099,-0.13248223281681915,15.176060199737549,49.0,33.0,-128.12990000371016,0.23858561390979105,1.0892391712393916
./csi-dataset/uva-communication-28G-csi-nlos/t16x16_r2x1_test_small/10032-run00055-81.mat,-142.7640263613749,317.0,50.0,-143.12471611078237,0.34640593797790276,11.137686014175415,317.0,49.0,-154.77987697513484,0.3606897494074701,0.9999999999999002
./csi-dataset/uva-communication-28G-csi-nlos/t16x16_r2x1_test_small/10032-run00055-82.mat,-123.22336465086286,178.0,65.0,-123.30749234983416,-0.08419523285444352,13.880025148391724,179.0,67.0,-138.14670026689052,0.0841276989713009,2.1987329658891697
./csi-dataset/uva-communication-28G-csi-nlos/t16x16_r2x1_test_small/10032-run00055-83.mat,-103.37927135781676,233.0,63.0,-104.43070770796217,-0.16893658389916122,15.421932220458984,233.0,60.0,-120.27042726547776,1.0514363501454085,3.0000000000000444
./csi-dataset/uva-communication-28G-csi-nlos/t16x16_r2x1_test_small/10032-run00055-84.mat,-103.27636672383504,301.0,41.0,-159.9315638012804,0.061127529065077235,15.77694821357727,133.0,37.0,-121.31018410259279,56.65519707744535,77.49413264083407
./csi-dataset/uva-communication-28G-csi-nlos/t16x16_r2x1_test_small/10032-run00055-85.mat,-117.33163879390628,17.0,70.0,-117.54164170389934,-0.22626323453228459,14.829853534698486,18.0,70.0,-130.85478153124382,0.21000290999306515,0.9396912255615315
./csi-dataset/uva-communication-28G-csi-nlos/t16x16_r2x1_test_small/10032-run00055-86.mat,-112.40022413808502,246.0,59.0,-112.87512793565774,0.33678134988103536,13.985883235931396,247.0,57.0,-127.23954551106732,0.47490379757272194,2.1723309760084506
./csi-dataset/uva-communication-28G-csi-nlos/t16x16_r2x1_test_small/10032-run00055-87.mat,-124.8020450399362,358.0,54.0,-158.82448727202478,0.2512843841594853,15.797776937484741,170.0,47.0,-142.80053677545493,34.02244223208858,100.66409590537991
./csi-dataset/uva-communication-28G-csi-nlos/t16x16_r2x1_test_small/10032-run00055-88.mat,-127.12850905152348,135.0,22.0,-127.30617161331743,0.17292315051887885,15.644299030303955,134.0,23.0,-142.67895195557367,0.17766256179395157,1.070688898127318
./csi-dataset/uva-communication-28G-csi-nlos/t16x16_r2x1_test_small/10032-run00055-89.mat,-136.44109326637098,148.0,48.0,-136.44102495459575,0.15970880476007943,14.329572677612305,148.0,48.0,-150.50730047842626,-6.831177523736187e-05,0.0
./csi-dataset/uva-communication-28G-csi-nlos/t16x16_r2x1_test_small/10032-run00055-9.mat,-145.05878210889986,297.0,31.0,-145.37583733249036,0.14971220373758176,9.817487716674805,296.0,31.0,-156.0437616176537,0.31705522359050065,0.5150332718683522
./csi-dataset/uva-communication-28G-csi-nlos/t16x16_r2x1_test_small/10032-run00055-90.mat,-98.02132089256963,206.0,61.0,-99.12432122371925,-0.055869840866366705,15.718051433563232,204.0,60.0,-115.05267879973024,1.103000331149616,2.0074488167958773
./csi-dataset/uva-communication-28G-csi-nlos/t16x16_r2x1_test_small/10032-run00055-91.mat,-115.0482842837398,231.0,39.0,-152.4417772492755,-0.12285631766223593,15.122547626495361,156.0,12.0,-132.79338714278953,37.3934929655357,37.43644329138742
./csi-dataset/uva-communication-28G-csi-nlos/t16x16_r2x1_test_small/10032-run00055-92.mat,-116.704131189186,323.0,14.0,-116.86504197297617,0.14930024018078458,15.097535133361816,326.0,13.0,-131.134491481569,0.16091078379017176,1.2205344447231654
./csi-dataset/uva-communication-28G-csi-nlos/t16x16_r2x1_test_small/10032-run00055-93.mat,-119.00184930696648,353.0,52.0,-119.30823878172436,0.0837903129860349,14.747700452804565,353.0,51.0,-133.741366214107,0.3063894747578786,0.9999999999999002
./csi-dataset/uva-communication-28G-csi-nlos/t16x16_r2x1_test_small/10032-run00055-94.mat,-105.0282106760239,6.0,45.0,-105.23604360646391,0.12122388648378124,14.551031351089478,6.0,44.0,-119.25028476865519,0.20783293044000573,0.9999999999999002
./csi-dataset/uva-communication-28G-csi-nlos/t16x16_r2x1_test_small/10032-run00055-95.mat,-107.3695911918088,307.0,72.0,-107.86967228878672,0.082013807284256,16.761020183563232,306.0,72.0,-123.67151394606965,0.5000810969779224,0.9510553635687349
./csi-dataset/uva-communication-28G-csi-nlos/t16x16_r2x1_test_small/10032-run00055-96.mat,-123.70815687930022,205.0,49.0,-159.57603067456387,-0.005526908249397611,11.872185945510864,299.0,13.0,-143.06211788112537,35.86787379526365,51.14132854724489
./csi-dataset/uva-communication-28G-csi-nlos/t16x16_r2x1_test_small/10032-run00055-97.mat,-130.889085035175,335.0,67.0,-159.95213857836364,-0.12161720275558197,17.44886612892151,279.0,47.0,-148.12029209031547,29.06305354318866,49.98898760243142
./csi-dataset/uva-communication-28G-csi-nlos/t16x16_r2x1_test_small/10032-run00055-98.mat,-110.918467713945,258.0,61.0,-111.66804227663872,-0.2281923886780559,15.111065864562988,259.0,65.0,-127.03955261076162,0.7495745626937094,4.097964709526821
./csi-dataset/uva-communication-28G-csi-nlos/t16x16_r2x1_test_small/10032-run00055-99.mat,-134.40292987992655,158.0,18.0,-159.8984882612212,0.04799358791761299,15.468442440032959,51.0,26.0,-151.98629522603449,25.495558381294643,35.393050204262195
./csi-dataset/uva-communication-28G-csi-nlos/t16x16_r2x1_test_small/10032-run00056-1.mat,-119.15406839672792,320.0,71.0,-121.41353702223947,-0.4972045646584873,15.10896897315979,318.0,69.0,-135.5526681501113,2.259468625511545,2.7443661771411403
./csi-dataset/uva-communication-28G-csi-nlos/t16x16_r2x1_test_small/10032-run00056-10.mat,-100.30743070838042,299.0,74.0,-103.35211992677898,0.2672069765818956,13.506614208221436,297.0,77.0,-117.53710017756188,3.0446892183985597,3.570460335861547
./csi-dataset/uva-communication-28G-csi-nlos/t16x16_r2x1_test_small/10032-run00056-100.mat,-135.21915008677485,158.0,28.0,-135.41939893685077,-0.3551370508168248,14.40668249130249,157.0,27.0,-150.07433964269134,0.20024885007592275,1.101427343591066
./csi-dataset/uva-communication-28G-csi-nlos/t16x16_r2x1_test_small/10032-run00056-11.mat,-104.54593907252402,316.0,54.0,-105.04952553814682,-0.009404075019050717,14.687946557998657,315.0,54.0,-120.48639562188077,0.5035864656228028,0.8090134466770265
./csi-dataset/uva-communication-28G-csi-nlos/t16x16_r2x1_test_small/10032-run00056-12.mat,-119.85061142760172,318.0,54.0,-159.9332120575244,-0.09033529206210655,14.970319509506226,250.0,24.0,-136.77560943365347,40.08260062992268,48.68217062508799
./csi-dataset/uva-communication-28G-csi-nlos/t16x16_r2x1_test_small/10032-run00056-13.mat,-130.16466025787707,164.0,43.0,-130.25919088776516,0.2701603218934099,15.872567415237427,164.0,43.0,-142.2962952958981,0.0945306298880837,0.0
./csi-dataset/uva-communication-28G-csi-nlos/t16x16_r2x1_test_small/10032-run00056-14.mat,-139.12190947976111,213.0,75.0,-139.34540887897305,0.22998145173289097,15.377603530883789,213.0,80.0,-151.9896310100251,0.2234993992119314,4.999999999999992
./csi-dataset/uva-communication-28G-csi-nlos/t16x16_r2x1_test_small/10032-run00056-15.mat,-125.857391208977,252.0,49.0,-125.8537897235081,0.12329919313483961,15.599676609039307,253.0,49.0,-140.59383772623454,-0.0036014854689057074,0.7547054571971609
./csi-dataset/uva-communication-28G-csi-nlos/t16x16_r2x1_test_small/10032-run00056-16.mat,-124.41715295184775,54.0,40.0,-124.43803061875553,0.41947922773302126,16.29647207260132,54.0,40.0,-136.49978013908387,0.020877666907779258,0.0
./csi-dataset/uva-communication-28G-csi-nlos/t16x16_r2x1_test_small/10032-run00056-17.mat,-126.58109806602464,2.0,26.0,-126.85146408462118,0.14853130063490794,14.498699188232422,1.0,25.0,-140.24640285629334,0.2703660185965475,1.0887007056189941
./csi-dataset/uva-communication-28G-csi-nlos/t16x16_r2x1_test_small/10032-run00056-18.mat,-110.7963337497198,333.0,65.0,-156.42807592297225,-0.01776210944234724,16.342772006988525,234.0,56.0,-128.6364828442947,45.63174217325245,83.17795381150913
./csi-dataset/uva-communication-28G-csi-nlos/t16x16_r2x1_test_small/10032-run00056-19.mat,-110.49159088457328,172.0,27.0,-110.88467730628577,0.27100736827760985,14.982173681259155,172.0,26.0,-123.28887150312733,0.3930864217124821,0.9999999999999002
./csi-dataset/uva-communication-28G-csi-nlos/t16x16_r2x1_test_small/10032-run00056-2.mat,-107.28258449446663,270.0,16.0,-107.31932922284018,-0.3641665534454033,16.45002508163452,271.0,16.0,-121.99437480391788,0.036744728373548696,0.2756341231238412
./csi-dataset/uva-communication-28G-csi-nlos/t16x16_r2x1_test_small/10032-run00056-20.mat,-109.38224385641756,255.0,69.0,-109.67645201803123,-0.42259455094284837,14.188323259353638,255.0,67.0,-121.73833997797999,0.2942081616136676,1.9999999999999472
./csi-dataset/uva-communication-28G-csi-nlos/t16x16_r2x1_test_small/10032-run00056-21.mat,-107.18514480984643,230.0,57.0,-107.45199204333781,-0.03988422870654684,14.947320938110352,231.0,56.0,-123.17050863386994,0.26684723349137585,1.3020442907408076
./csi-dataset/uva-communication-28G-csi-nlos/t16x16_r2x1_test_small/10032-run00056-22.mat,-112.9485921521954,217.0,28.0,-113.12568014660403,-0.017551964887096094,15.095414876937866,216.0,29.0,-125.51916720910027,0.17708799440862322,1.107976273692604
./csi-dataset/uva-communication-28G-csi-nlos/t16x16_r2x1_test_small/10032-run00056-23.mat,-127.91834024790424,272.0,56.0,-128.01412056004062,-0.8353447717731608,14.265613317489624,272.0,55.0,-142.55733701923785,0.09578031213638383,0.9999999999995357
./csi-dataset/uva-communication-28G-csi-nlos/t16x16_r2x1_test_small/10032-run00056-24.mat,-104.7251227900744,284.0,61.0,-104.71481134316775,0.04269891536585291,14.964759349822998,285.0,62.0,-119.14155846963659,-0.010311446906641208,1.331269360021279
./csi-dataset/uva-communication-28G-csi-nlos/t16x16_r2x1_test_small/10032-run00056-25.mat,-104.43425050631224,255.0,31.0,-131.1319731677548,-0.10161796374317933,16.611393451690674,104.0,19.0,-124.90241207102864,26.69772266144257,48.40879805781627
./csi-dataset/uva-communication-28G-csi-nlos/t16x16_r2x1_test_small/10032-run00056-26.mat,-109.43269833978056,316.0,38.0,-109.55740704242027,0.2250729733465069,11.219504594802856,316.0,38.0,-121.8136941823978,0.12470870263970824,0.0
./csi-dataset/uva-communication-28G-csi-nlos/t16x16_r2x1_test_small/10032-run00056-27.mat,-140.20002519253634,4.0,49.0,-141.89043740312547,0.4450756360992745,16.823901653289795,1.0,48.0,-154.11296071576072,1.6904122105891304,2.4591617453745593
./csi-dataset/uva-communication-28G-csi-nlos/t16x16_r2x1_test_small/10032-run00056-28.mat,-114.63336443679766,69.0,44.0,-114.7199733958372,-0.21021543337442528,15.714253902435303,70.0,44.0,-128.96921610595226,0.08660895903953758,0.6946538081101133
./csi-dataset/uva-communication-28G-csi-nlos/t16x16_r2x1_test_small/10032-run00056-29.mat,-157.32720280498117,347.0,50.0,-157.3219280385639,0.1967507219425345,0.29210805892944336,348.0,50.0,-159.9590558701152,-0.005274766417272758,0.7660404257697293
./csi-dataset/uva-communication-28G-csi-nlos/t16x16_r2x1_test_small/10032-run00056-3.mat,-123.09971613778316,1.0,56.0,-144.26440348907647,-0.24233449880133162,16.030662298202515,349.0,69.0,-142.05804455752144,21.16468735129331,16.7727422819907
./csi-dataset/uva-communication-28G-csi-nlos/t16x16_r2x1_test_small/10032-run00056-30.mat,-113.98751917277497,284.0,66.0,-114.57682454276822,0.01096372431150694,14.64180612564087,284.0,64.0,-127.33263033059936,0.5893053699932551,1.999999999999765
./csi-dataset/uva-communication-28G-csi-nlos/t16x16_r2x1_test_small/10032-run00056-31.mat,-114.3112593956252,246.0,45.0,-115.96409946061193,-0.21984962446754452,13.89551329612732,244.0,43.0,-129.4896229571184,1.6528400649867336,2.4350098648947887
./csi-dataset/uva-communication-28G-csi-nlos/t16x16_r2x1_test_small/10032-run00056-32.mat,-119.23290262816276,67.0,56.0,-159.7591710623607,-0.31933830701257704,15.917556524276733,352.0,69.0,-141.86745723944392,40.526268434197945,66.37706378703183
./csi-dataset/uva-communication-28G-csi-nlos/t16x16_r2x1_test_small/10032-run00056-33.mat,-111.62246079923528,316.0,58.0,-112.20062722449036,0.08358533931325318,13.566552639007568,315.0,58.0,-126.99596030203601,0.5781664252550769,0.8480450734750878
./csi-dataset/uva-communication-28G-csi-nlos/t16x16_r2x1_test_small/10032-run00056-34.mat,-112.43272286781404,168.0,21.0,-113.27553140943878,-0.25340730339969,15.401734590530396,164.0,22.0,-129.68791887078135,0.8428085416247484,1.7740647515010552
./csi-dataset/uva-communication-28G-csi-nlos/t16x16_r2x1_test_small/10032-run00056-35.mat,-129.9879610223323,17.0,30.0,-130.01060141453323,-0.09658044154337664,13.567472219467163,16.0,30.0,-144.92087180300982,0.02264039220091263,0.49999524032974746
./csi-dataset/uva-communication-28G-csi-nlos/t16x16_r2x1_test_small/10032-run00056-36.mat,-104.86227037464158,187.0,38.0,-141.10269886103893,-0.04276289535962796,14.208746433258057,226.0,89.0,-124.38557795898119,36.24042848639735,60.518754540137046
./csi-dataset/uva-communication-28G-csi-nlos/t16x16_r2x1_test_small/10032-run00056-37.mat,-145.4056138619277,194.0,75.0,-159.9901916656058,0.13911532084819234,11.623769521713257,129.0,89.0,-157.24764605926313,14.584577803678116,65.62715719904162
./csi-dataset/uva-communication-28G-csi-nlos/t16x16_r2x1_test_small/10032-run00056-38.mat,-114.40093296737858,59.0,23.0,-115.51909937869517,-0.11083602123536007,17.20996856689453,64.0,24.0,-132.32441257680003,1.1181664113165937,2.2296183135104943
./csi-dataset/uva-communication-28G-csi-nlos/t16x16_r2x1_test_small/10032-run00056-39.mat,-97.96033383654344,271.0,54.0,-155.53504854144302,0.05844069476570901,15.700437307357788,291.0,26.0,-115.33996455648109,57.57471470489958,30.507851908320585
./csi-dataset/uva-communication-28G-csi-nlos/t16x16_r2x1_test_small/10032-run00056-4.mat,-122.78064799399364,193.0,72.0,-123.97187587810757,-0.19387905727907695,15.955794334411621,191.0,72.0,-139.12909265162676,1.1912278841139283,1.9021038100243637
./csi-dataset/uva-communication-28G-csi-nlos/t16x16_r2x1_test_small/10032-run00056-40.mat,-120.90993905353776,294.0,53.0,-121.10117657597075,-0.06131751073480585,14.836739301681519,294.0,54.0,-134.6231193565252,0.19123752243299919,0.9999999999999002
./csi-dataset/uva-communication-28G-csi-nlos/t16x16_r2x1_test_small/10032-run00056-41.mat,-108.77413623020249,331.0,54.0,-109.73878681990797,-0.26673066281953495,14.170055627822876,330.0,54.0,-124.09670971491656,0.9646505897054851,0.809013446677477
./csi-dataset/uva-communication-28G-csi-nlos/t16x16_r2x1_test_small/10032-run00056-42.mat,-114.80557974418308,271.0,71.0,-115.25261070793148,-0.6363124699126816,16.18810534477234,271.0,69.0,-127.22799077725226,0.44703096374840356,1.9999999999999472
./csi-dataset/uva-communication-28G-csi-nlos/t16x16_r2x1_test_small/10032-run00056-43.mat,-132.66946477539247,301.0,65.0,-132.98702929488823,-0.1924548543220217,14.518858194351196,301.0,67.0,-145.7570058288984,0.31756451949576103,1.9999999999999472
./csi-dataset/uva-communication-28G-csi-nlos/t16x16_r2x1_test_small/10032-run00056-44.mat,-105.46567975330792,1.0,25.0,-105.4874666794671,0.19132320913741352,13.748667240142822,0.0,25.0,-118.91094524705308,0.021786926159180098,0.4226138557445499
./csi-dataset/uva-communication-28G-csi-nlos/t16x16_r2x1_test_small/10032-run00056-45.mat,-113.37111896447718,12.0,63.0,-113.48169907943753,0.07241294339289073,14.34339427947998,12.0,62.0,-127.09877050384574,0.11058011496035647,0.9999999999999002
./csi-dataset/uva-communication-28G-csi-nlos/t16x16_r2x1_test_small/10032-run00056-46.mat,-118.97394240735936,65.0,17.0,-119.14658568082315,-0.1087969503649786,15.624449491500854,67.0,18.0,-131.55126327068064,0.17264327346379105,1.1667803004245743
./csi-dataset/uva-communication-28G-csi-nlos/t16x16_r2x1_test_small/10032-run00056-47.mat,-116.6315539688071,291.0,18.0,-117.35736992698747,0.006687694323978199,14.461553573608398,292.0,20.0,-131.91412896089662,0.7258159581803767,2.0262549453005128
./csi-dataset/uva-communication-28G-csi-nlos/t16x16_r2x1_test_small/10032-run00056-48.mat,-106.09200385841096,205.0,43.0,-106.06074078448137,0.24880203107336618,13.99359941482544,206.0,44.0,-120.32519542903655,-0.03126307392959404,1.2139907717968488
./csi-dataset/uva-communication-28G-csi-nlos/t16x16_r2x1_test_small/10032-run00056-49.mat,-134.4773112817786,1.0,34.0,-134.80713054207183,-0.013487967914158627,14.44199013710022,1.0,36.0,-148.90477877122785,0.3298192602932204,1.999999999999765
./csi-dataset/uva-communication-28G-csi-nlos/t16x16_r2x1_test_small/10032-run00056-5.mat,-111.66569832236584,147.0,54.0,-111.66964011598657,-1.2049157672136954,15.288061380386353,148.0,55.0,-127.1446389086932,0.003941793620725775,1.2894711697613097
./csi-dataset/uva-communication-28G-csi-nlos/t16x16_r2x1_test_small/10032-run00056-50.mat,-137.68751491541929,30.0,28.0,-137.728261503987,0.005422141929686042,14.428642988204956,31.0,28.0,-151.01076534543213,0.04074658856771407,0.46946691737256885
./csi-dataset/uva-communication-28G-csi-nlos/t16x16_r2x1_test_small/10032-run00056-51.mat,-107.39272114839534,285.0,47.0,-107.49592562562404,-0.6626345409090244,14.009295463562012,285.0,47.0,-122.49770804768745,0.10320447722870085,0.0
./csi-dataset/uva-communication-28G-csi-nlos/t16x16_r2x1_test_small/10032-run00056-52.mat,-143.24420936147524,204.0,65.0,-149.77567263201874,0.07727701263371933,11.596933126449585,217.0,65.0,-155.688322843579,6.531463270543497,11.777468756733711
./csi-dataset/uva-communication-28G-csi-nlos/t16x16_r2x1_test_small/10032-run00056-53.mat,-120.1736901057943,190.0,67.0,-120.39588070217205,-0.2951866353952528,14.119137287139893,189.0,68.0,-135.40225638653456,0.2221905963777573,1.3614394577044877
./csi-dataset/uva-communication-28G-csi-nlos/t16x16_r2x1_test_small/10032-run00056-54.mat,-112.64481082262076,173.0,42.0,-112.70155927548002,0.2033161555227968,10.679331064224243,173.0,42.0,-124.40352103241335,0.05674845285926722,0.0
./csi-dataset/uva-communication-28G-csi-nlos/t16x16_r2x1_test_small/10032-run00056-55.mat,-106.41471325844007,321.0,55.0,-154.8650719593465,-0.12092519468758312,15.769926309585571,8.0,89.0,-126.6721896281576,48.45035870090642,55.34834913530375
./csi-dataset/uva-communication-28G-csi-nlos/t16x16_r2x1_test_small/10032-run00056-56.mat,-117.0436103620848,185.0,43.0,-117.1484785944112,0.014429535246572311,14.278268575668335,185.0,44.0,-130.38694835262316,0.10486823232639608,1.0000000000006293
./csi-dataset/uva-communication-28G-csi-nlos/t16x16_r2x1_test_small/10032-run00056-57.mat,-115.98411804787736,321.0,41.0,-143.1314415582532,-0.22939700461850432,10.364299297332764,268.0,12.0,-131.37302730231167,27.147323510375827,34.88452829746421
./csi-dataset/uva-communication-28G-csi-nlos/t16x16_r2x1_test_small/10032-run00056-58.mat,-123.1376039412598,321.0,23.0,-157.48559529425376,-0.24221254969443518,14.02024245262146,185.0,30.0,-141.27257998652516,34.34799135299396,48.95539600393713
./csi-dataset/uva-communication-28G-csi-nlos/t16x16_r2x1_test_small/10032-run00056-59.mat,-123.26636827571332,193.0,25.0,-123.33410132342523,0.3381404397589083,16.68078875541687,193.0,25.0,-135.9484573346319,0.06773304771191135,0.0
./csi-dataset/uva-communication-28G-csi-nlos/t16x16_r2x1_test_small/10032-run00056-6.mat,-115.67653485150632,182.0,69.0,-115.82563947569427,-0.10844713881639811,14.61548399925232,182.0,71.0,-130.32159979749454,0.1491046241879559,1.9999999999999472
./csi-dataset/uva-communication-28G-csi-nlos/t16x16_r2x1_test_small/10032-run00056-60.mat,-126.79876034933876,282.0,35.0,-127.64148369383267,0.01321123690916437,11.479953050613403,283.0,33.0,-141.17244523689266,0.8427233444939048,2.0766439542500694
./csi-dataset/uva-communication-28G-csi-nlos/t16x16_r2x1_test_small/10032-run00056-61.mat,-115.65885242114496,188.0,70.0,-158.4322117931032,0.036970146552884775,12.444913864135742,321.0,55.0,-131.96630019062172,42.773359371958236,109.19561161066102
./csi-dataset/uva-communication-28G-csi-nlos/t16x16_r2x1_test_small/10032-run00056-62.mat,-111.33259320083936,283.0,58.0,-111.42351071795389,-0.12320977125733923,15.472836017608643,283.0,58.0,-124.97660037348476,0.09091751711453355,0.0
./csi-dataset/uva-communication-28G-csi-nlos/t16x16_r2x1_test_small/10032-run00056-63.mat,-121.22779610095398,215.0,68.0,-121.47244323467189,-0.3694775595726685,15.389232397079468,215.0,67.0,-133.62466532343018,0.2446471337179048,0.9999999999999002
./csi-dataset/uva-communication-28G-csi-nlos/t16x16_r2x1_test_small/10032-run00056-64.mat,-130.50778352936132,192.0,41.0,-152.7175220361105,-0.2485184943634029,15.479589223861694,212.0,28.0,-151.82810010719916,22.209738506749176,17.09954921103521
./csi-dataset/uva-communication-28G-csi-nlos/t16x16_r2x1_test_small/10032-run00056-65.mat,-120.3168138729855,256.0,71.0,-120.7014280405576,-0.36134160079183664,16.274590015411377,255.0,72.0,-132.65614904704583,0.38461416757209577,1.3781454783873286
./csi-dataset/uva-communication-28G-csi-nlos/t16x16_r2x1_test_small/10032-run00056-66.mat,-129.4232597831907,254.0,66.0,-129.58715899662062,0.06721823072306299,14.49508786201477,255.0,68.0,-144.6771780593906,0.16389921342991443,2.2016342454458013
./csi-dataset/uva-communication-28G-csi-nlos/t16x16_r2x1_test_small/10032-run00056-67.mat,-113.14633643988992,198.0,61.0,-113.28163163754789,0.21451918379944857,15.104679584503174,199.0,61.0,-128.13527099979518,0.1352951976579675,0.8746170978937965
./csi-dataset/uva-communication-28G-csi-nlos/t16x16_r2x1_test_small/10032-run00056-68.mat,-119.45682602732202,166.0,37.0,-119.70707557947934,-0.6704012426230259,14.9340341091156,168.0,38.0,-135.4309361232054,0.2502495521573138,1.5754484485990952
./csi-dataset/uva-communication-28G-csi-nlos/t16x16_r2x1_test_small/10032-run00056-69.mat,-122.21550600512644,205.0,72.0,-122.28852713574872,-0.7462780031235554,13.067188024520874,205.0,73.0,-135.46260134011607,0.07302113062227988,1.0000000000002647
./csi-dataset/uva-communication-28G-csi-nlos/t16x16_r2x1_test_small/10032-run00056-7.mat,-123.80105891213218,249.0,56.0,-159.9341627686742,0.16526893554611588,14.6145498752594,205.0,61.0,-142.58594098679987,36.133103856542036,37.562382349316174
./csi-dataset/uva-communication-28G-csi-nlos/t16x16_r2x1_test_small/10032-run00056-70.mat,-105.67146689211948,315.0,38.0,-105.85229120978104,-0.21433448554508794,13.958627700805664,314.0,38.0,-117.67786245856706,0.18082431766156049,0.6156566229581099
./csi-dataset/uva-communication-28G-csi-nlos/t16x16_r2x1_test_small/10032-run00056-71.mat,-106.89286485621103,213.0,54.0,-107.03434448433087,0.14996330048204853,14.286203145980835,213.0,54.0,-122.56557104421815,0.14147962811983916,0.0
./csi-dataset/uva-communication-28G-csi-nlos/t16x16_r2x1_test_small/10032-run00056-72.mat,-113.86885480742988,306.0,43.0,-114.20058209474578,-0.19127600946821244,13.77454161643982,306.0,45.0,-128.41368943288353,0.33172728731589984,1.9999999999999472
./csi-dataset/uva-communication-28G-csi-nlos/t16x16_r2x1_test_small/10032-run00056-73.mat,-135.69843806288958,220.0,27.0,-135.84283823406147,-0.5646189699778135,13.309160232543945,219.0,27.0,-150.7635617027514,0.1444001711718954,0.45398592513558367
./csi-dataset/uva-communication-28G-csi-nlos/t16x16_r2x1_test_small/10032-run00056-74.mat,-124.13916033980342,113.0,52.0,-159.51460363802042,-0.013278219479581299,15.10448932647705,18.0,65.0,-140.5910482692544,35.37544329821699,78.58319373579182
./csi-dataset/uva-communication-28G-csi-nlos/t16x16_r2x1_test_small/10032-run00056-75.mat,-118.06810035118428,307.0,58.0,-118.51440276918701,-0.01906678805988049,11.117364168167114,307.0,57.0,-131.77745737771065,0.4463024180027304,1.0000000000006293
./csi-dataset/uva-communication-28G-csi-nlos/t16x16_r2x1_test_small/10032-run00056-76.mat,-137.56246809880193,16.0,59.0,-140.0506634276627,0.0901252716391524,15.354219436645508,26.0,64.0,-151.08383718596843,2.488195328860769,10.10419591945305
./csi-dataset/uva-communication-28G-csi-nlos/t16x16_r2x1_test_small/10032-run00056-77.mat,-108.13613756930422,294.0,60.0,-108.16846826713433,-0.058724527990387854,15.053119897842407,295.0,60.0,-124.595983093171,0.03233069783010478,0.8660226557403922
./csi-dataset/uva-communication-28G-csi-nlos/t16x16_r2x1_test_small/10032-run00056-78.mat,-102.80529857634733,348.0,40.0,-103.0913769848221,-0.07089280269565967,13.885823965072632,347.0,41.0,-117.30317384306153,0.28607840847477917,1.1923597758459477
./csi-dataset/uva-communication-28G-csi-nlos/t16x16_r2x1_test_small/10032-run00056-79.mat,-123.24105388413368,350.0,47.0,-123.84835333582734,0.051107347170404105,14.970313310623169,349.0,47.0,-137.06392083928682,0.6072994516936632,0.7313493840048898
./csi-dataset/uva-communication-28G-csi-nlos/t16x16_r2x1_test_small/10032-run00056-8.mat,-106.88787793459731,225.0,65.0,-107.10468474058712,-0.001274335033696783,14.133938789367676,225.0,65.0,-119.82824062264285,0.21680680598980473,0.0
./csi-dataset/uva-communication-28G-csi-nlos/t16x16_r2x1_test_small/10032-run00056-80.mat,-117.85234257168364,152.0,62.0,-117.96540682750732,-0.10105425372327748,15.074340343475342,152.0,63.0,-132.52729973118252,0.11306425582368718,1.0000000000002647
./csi-dataset/uva-communication-28G-csi-nlos/t16x16_r2x1_test_small/10032-run00056-81.mat,-108.27062782780324,277.0,38.0,-108.34090704155285,0.08083693286745686,11.146957874298096,277.0,38.0,-120.27716655846035,0.07027921374961466,0.0
./csi-dataset/uva-communication-28G-csi-nlos/t16x16_r2x1_test_small/10032-run00056-82.mat,-112.1639013323738,323.0,29.0,-112.34090044735606,-0.34625797718754825,15.033943176269531,322.0,29.0,-126.15806774867066,0.17699911498226584,0.48480491312908847
./csi-dataset/uva-communication-28G-csi-nlos/t16x16_r2x1_test_small/10032-run00056-83.mat,-106.1456258792447,244.0,63.0,-106.35811274434234,-0.3958545945947638,14.318198680877686,244.0,62.0,-118.86957845500658,0.21248686509763104,1.0000000000002647
./csi-dataset/uva-communication-28G-csi-nlos/t16x16_r2x1_test_small/10032-run00056-84.mat,-135.92669855448486,313.0,40.0,-136.06175417291578,0.23921057528407874,13.491336584091187,313.0,40.0,-148.58539292340578,0.1350556184309255,1.2074182697257333e-06
./csi-dataset/uva-communication-28G-csi-nlos/t16x16_r2x1_test_small/10032-run00056-85.mat,-111.3742592410312,296.0,73.0,-111.59626477635027,-0.3137834225880869,13.196573972702026,296.0,73.0,-124.62481801341804,0.2220055353190702,0.0
./csi-dataset/uva-communication-28G-csi-nlos/t16x16_r2x1_test_small/10032-run00056-86.mat,-126.73088949191276,259.0,15.0,-126.79548737327018,-0.1628609509477159,14.629048347473145,259.0,16.0,-141.60060125369824,0.06459788135741462,0.9999999999999002
./csi-dataset/uva-communication-28G-csi-nlos/t16x16_r2x1_test_small/10032-run00056-87.mat,-106.7663356008383,211.0,28.0,-107.16405760809207,-0.08697991853879117,11.579429149627686,212.0,27.0,-121.53901256476246,0.39772200725376194,1.101427343591066
./csi-dataset/uva-communication-28G-csi-nlos/t16x16_r2x1_test_small/10032-run00056-88.mat,-120.56748965123424,191.0,40.0,-120.7251162236828,-0.039484684272285575,14.00613284111023,191.0,41.0,-134.64071366686244,0.1576265724485637,1.0000000000002647
./csi-dataset/uva-communication-28G-csi-nlos/t16x16_r2x1_test_small/10032-run00056-89.mat,-113.20773349511042,283.0,71.0,-113.55755304334176,-0.5296773859134429,14.44935655593872,283.0,71.0,-127.49192783696066,0.34981954823133776,8.537736462515939e-07
./csi-dataset/uva-communication-28G-csi-nlos/t16x16_r2x1_test_small/10032-run00056-9.mat,-119.3785227579471,207.0,40.0,-119.65002427462639,-0.1838225723617759,12.763253688812256,208.0,39.0,-135.86832890946536,0.2715015166792938,1.1851302768327094
./csi-dataset/uva-communication-28G-csi-nlos/t16x16_r2x1_test_small/10032-run00056-90.mat,-117.07623395694222,321.0,37.0,-117.2141729003637,-0.0364151903322425,15.139559268951416,321.0,38.0,-132.07420328338938,0.1379389434214886,1.0000000000002647
./csi-dataset/uva-communication-28G-csi-nlos/t16x16_r2x1_test_small/10032-run00056-91.mat,-107.65117569519052,243.0,63.0,-108.01267655562788,-0.3554984201795577,14.069888353347778,243.0,61.0,-121.39725279021096,0.36150086043735996,2.0000000000001297
./csi-dataset/uva-communication-28G-csi-nlos/t16x16_r2x1_test_small/10032-run00056-92.mat,-117.7669456779614,339.0,65.0,-118.10680499175677,-0.3023772600399519,14.769681930541992,341.0,68.0,-135.44524043063672,0.3398593137953725,3.5160685117641313
./csi-dataset/uva-communication-28G-csi-nlos/t16x16_r2x1_test_small/10032-run00056-93.mat,-114.65909602456082,195.0,49.0,-114.99147679206519,-0.341184030340449,15.026019096374512,194.0,50.0,-129.14670532957555,0.3323807675043611,1.2562500714928588
./csi-dataset/uva-communication-28G-csi-nlos/t16x16_r2x1_test_small/10032-run00056-94.mat,-124.41352263605498,226.0,51.0,-124.48509763780116,-0.18753265709877387,15.966344118118286,226.0,52.0,-137.36729484810715,0.07157500174618292,0.9999999999999002
./csi-dataset/uva-communication-28G-csi-nlos/t16x16_r2x1_test_small/10032-run00056-95.mat,-115.4711077084886,258.0,49.0,-115.83041775734344,-0.29903111363262935,15.365264177322388,257.0,49.0,-127.77165557827269,0.3593100488548373,0.7547054571971609
./csi-dataset/uva-communication-28G-csi-nlos/t16x16_r2x1_test_small/10032-run00056-96.mat,-114.524863702835,8.0,46.0,-115.16735160574855,-0.0333560686464629,14.762980461120605,7.0,44.0,-130.15633488177644,0.642487902913544,2.1212709773808482
./csi-dataset/uva-communication-28G-csi-nlos/t16x16_r2x1_test_small/10032-run00056-97.mat,-105.4433566947972,227.0,38.0,-109.77851605015543,0.2506831795730472,14.632914543151855,221.0,39.0,-123.46385249743518,4.335159355358229,3.865363912101615
./csi-dataset/uva-communication-28G-csi-nlos/t16x16_r2x1_test_small/10032-run00056-98.mat,-111.15232330182964,348.0,56.0,-111.44727995061837,-0.16670105422162762,15.287650346755981,348.0,56.0,-126.70894624936295,0.29495664878872674,0.0
./csi-dataset/uva-communication-28G-csi-nlos/t16x16_r2x1_test_small/10032-run00056-99.mat,-116.95851448042526,340.0,49.0,-117.47097075555237,-0.20757426949581426,14.300294637680054,339.0,49.0,-129.8832787776751,0.5124562751271071,0.7547054571971609
./csi-dataset/uva-communication-28G-csi-nlos/t16x16_r2x1_test_small/10032-run00057-1.mat,-106.92128920971598,322.0,48.0,-107.17844457297718,-0.1223754897745919,15.965892791748047,322.0,49.0,-119.92782139375356,0.25715536326120514,0.9999999999999002
./csi-dataset/uva-communication-28G-csi-nlos/t16x16_r2x1_test_small/10032-run00057-10.mat,-115.1444996894079,229.0,40.0,-115.29596658621858,-0.4623158142740431,16.145687580108643,228.0,41.0,-129.910045628213,0.15146689681068892,1.1923597758459477
./csi-dataset/uva-communication-28G-csi-nlos/t16x16_r2x1_test_small/10032-run00057-100.mat,-111.982605045039,38.0,21.0,-112.39500541797551,-0.008946863808233285,15.333147525787354,35.0,21.0,-125.94464979768446,0.4124003729365171,1.0749968095942963
./csi-dataset/uva-communication-28G-csi-nlos/t16x16_r2x1_test_small/10032-run00057-11.mat,-104.98664928949272,261.0,57.0,-108.07968411897636,0.07632236601744968,14.583955764770508,262.0,52.0,-121.56850918584873,3.093034829483642,5.065739364795839
./csi-dataset/uva-communication-28G-csi-nlos/t16x16_r2x1_test_small/10032-run00057-12.mat,-119.53939525066176,292.0,40.0,-119.9106612050003,-0.17486670479400424,15.429788827896118,291.0,40.0,-135.03796785799562,0.3712659543385399,0.6427828220262594
./csi-dataset/uva-communication-28G-csi-nlos/t16x16_r2x1_test_small/10032-run00057-13.mat,-106.2303898305957,330.0,74.0,-107.47324688837729,-0.24766397953618058,15.515857458114624,329.0,76.0,-120.35009254924759,1.2428570577815918,2.2210123745180264
./csi-dataset/uva-communication-28G-csi-nlos/t16x16_r2x1_test_small/10032-run00057-14.mat,-102.71517022844569,253.0,7.0,-102.79650096530501,-0.5477601720268408,15.503730297088623,249.0,7.0,-118.44151998853319,0.08133073685932857,0.48737985300469383
./csi-dataset/uva-communication-28G-csi-nlos/t16x16_r2x1_test_small/10032-run00057-15.mat,-117.34718154538965,287.0,73.0,-117.38296459330974,0.11983742106285389,14.458679676055908,288.0,72.0,-130.73856237083237,0.03578304792009135,1.3818624961238861
./csi-dataset/uva-communication-28G-csi-nlos/t16x16_r2x1_test_small/10032-run00057-16.mat,-92.7460894278336,260.0,32.0,-92.93272094111096,-0.7898728867939764,14.153529405593872,259.0,32.0,-107.70921147852647,0.18663151327736216,0.5299144270040117
./csi-dataset/uva-communication-28G-csi-nlos/t16x16_r2x1_test_small/10032-run00057-17.mat,-156.72790421547978,122.0,52.0,-157.763277829332,0.2715560698087728,0.39391398429870605,53.0,55.0,-159.8567412286032,1.0353736138522152,54.235456619042075
./csi-dataset/uva-communication-28G-csi-nlos/t16x16_r2x1_test_small/10032-run00057-18.mat,-139.21838027355278,183.0,33.0,-140.39302383145696,-0.30005962925654095,14.51070761680603,187.0,35.0,-153.87380339207652,1.1746435579041759,2.9996488117801885
./csi-dataset/uva-communication-28G-csi-nlos/t16x16_r2x1_test_small/10032-run00057-19.mat,-121.9161327812408,306.0,34.0,-159.94820645782096,-0.4649933060832634,15.470757246017456,119.0,67.0,-143.91298480479418,38.032073676580154,100.77613790562566
./csi-dataset/uva-communication-28G-csi-nlos/t16x16_r2x1_test_small/10032-run00057-2.mat,-136.0408984574947,128.0,23.0,-136.01543072939495,-0.22028778102544333,14.477626085281372,128.0,23.0,-148.7721453337006,-0.025467728099755504,0.0
./csi-dataset/uva-communication-28G-csi-nlos/t16x16_r2x1_test_small/10032-run00057-20.mat,-107.2104712369672,352.0,63.0,-107.52679980399705,-1.0282482485767632,16.233957529067993,352.0,64.0,-121.43230464660492,0.31632856702985634,0.9999999999999002
./csi-dataset/uva-communication-28G-csi-nlos/t16x16_r2x1_test_small/10032-run00057-21.mat,-111.61664944924368,63.0,26.0,-148.76662199606213,-0.02820271761113813,15.175386190414429,168.0,89.0,-133.81510267850163,37.14997254681845,95.60993114829427
./csi-dataset/uva-communication-28G-csi-nlos/t16x16_r2x1_test_small/10032-run00057-22.mat,-103.6600347944728,116.0,59.0,-143.7655606152448,0.12638240428021674,14.72328805923462,149.0,38.0,-120.77314346656912,40.105525820772,31.95729083999568
./csi-dataset/uva-communication-28G-csi-nlos/t16x16_r2x1_test_small/10032-run00057-23.mat,-105.38038593694708,192.0,72.0,-105.73530144862983,-0.4309976859151614,15.34009313583374,192.0,77.0,-120.5038337648756,0.3549155116827478,4.999999999999992
./csi-dataset/uva-communication-28G-csi-nlos/t16x16_r2x1_test_small/10032-run00057-24.mat,-103.24574925328147,0.0,60.0,-104.20347900289204,-0.10469643843994736,13.970158815383911,358.0,60.0,-117.09267228198122,0.9577297496105643,1.732028821774782
./csi-dataset/uva-communication-28G-csi-nlos/t16x16_r2x1_test_small/10032-run00057-25.mat,-137.94893083613383,301.0,73.0,-137.98667942993524,0.03519259547027487,16.35085678100586,302.0,73.0,-152.9315183312272,0.03774859380141038,0.9563037183810857
./csi-dataset/uva-communication-28G-csi-nlos/t16x16_r2x1_test_small/10032-run00057-26.mat,-106.36548833070329,191.0,40.0,-106.45903422931872,-0.3948143645549749,14.828222036361694,191.0,40.0,-121.59974021807395,0.09354589861543161,1.2074182697257333e-06
./csi-dataset/uva-communication-28G-csi-nlos/t16x16_r2x1_test_small/10032-run00057-27.mat,-144.09647281156995,215.0,16.0,-147.31835065783088,-0.0929875008792771,14.445714473724365,248.0,11.0,-158.02322636561587,3.2218778462609237,8.992164750317892
./csi-dataset/uva-communication-28G-csi-nlos/t16x16_r2x1_test_small/10032-run00057-28.mat,-106.74113625364411,172.0,68.0,-106.72573520203072,-0.1982623617985173,15.88066840171814,173.0,69.0,-122.84929119574029,-0.015401051613395111,1.3658849490661769
./csi-dataset/uva-communication-28G-csi-nlos/t16x16_r2x1_test_small/10032-run00057-29.mat,-127.4485625379813,175.0,28.0,-127.69895262777692,0.0325646282440647,15.831271409988403,173.0,28.0,-141.0944136170083,0.2503900897956157,0.9389059618552863
./csi-dataset/uva-communication-28G-csi-nlos/t16x16_r2x1_test_small/10032-run00057-3.mat,-113.94111253216762,191.0,70.0,-113.98815735482457,-0.23026542002039307,14.980268001556396,191.0,71.0,-127.6982953658651,0.0470448226569431,0.9999999999999002
./csi-dataset/uva-communication-28G-csi-nlos/t16x16_r2x1_test_small/10032-run00057-30.mat,-116.21473534860938,57.0,48.0,-116.27166080703759,-0.1121873109310858,14.977152585983276,58.0,49.0,-133.21608225473565,0.05692545842821062,1.2493521292385588
./csi-dataset/uva-communication-28G-csi-nlos/t16x16_r2x1_test_small/10032-run00057-31.mat,-127.17117819185356,332.0,69.0,-127.25820027480066,0.14747490829331933,15.022627115249634,332.0,69.0,-142.72697625334482,0.0870220829471009,0.0
./csi-dataset/uva-communication-28G-csi-nlos/t16x16_r2x1_test_small/10032-run00057-32.mat,-116.99012309737458,216.0,36.0,-117.01977428165105,0.048863027759015853,15.508766651153564,217.0,36.0,-132.00088759692414,0.029651184276474396,0.5877803693575766
./csi-dataset/uva-communication-28G-csi-nlos/t16x16_r2x1_test_small/10032-run00057-33.mat,-151.51454616673274,327.0,40.0,-152.21282609736156,0.22344486440715694,0.25292372703552246,327.0,38.0,-159.65511055442445,0.6982799306288143,2.0000000000001297
./csi-dataset/uva-communication-28G-csi-nlos/t16x16_r2x1_test_small/10032-run00057-34.mat,-136.58197608880482,274.0,52.0,-137.81452589368772,0.010978460885962993,13.353205442428589,272.0,52.0,-152.29408467444802,1.2325498048828933,1.5759911766875463
./csi-dataset/uva-communication-28G-csi-nlos/t16x16_r2x1_test_small/10032-run00057-35.mat,-128.12613070210514,150.0,71.0,-128.1976608043551,0.07315315940679323,15.709983825683594,150.0,73.0,-142.39549076804562,0.07153010224996592,2.0000000000001297
./csi-dataset/uva-communication-28G-csi-nlos/t16x16_r2x1_test_small/10032-run00057-36.mat,-105.731338633577,96.0,16.0,-105.98699112044551,0.15461974563940906,13.746233940124512,96.0,15.0,-119.35501843893664,0.25565248686851305,0.9999999999999002
./csi-dataset/uva-communication-28G-csi-nlos/t16x16_r2x1_test_small/10032-run00057-37.mat,-105.28852445322272,37.0,64.0,-105.30503080200381,-0.3619605168442017,16.292763233184814,37.0,65.0,-118.82210562167933,0.016506348781092584,1.0000000000002647
./csi-dataset/uva-communication-28G-csi-nlos/t16x16_r2x1_test_small/10032-run00057-38.mat,-129.8119820579342,183.0,38.0,-130.05533868562128,-0.168105639547794,14.073072910308838,182.0,38.0,-142.95425716461372,0.243356627687092,0.6156566229581099
./csi-dataset/uva-communication-28G-csi-nlos/t16x16_r2x1_test_small/10032-run00057-39.mat,-120.56591794606476,192.0,41.0,-159.92123474993352,-0.2978799352576833,14.223742008209229,78.0,39.0,-141.9274383037367,39.35531680386876,65.25442461676512
./csi-dataset/uva-communication-28G-csi-nlos/t16x16_r2x1_test_small/10032-run00057-4.mat,-114.82066221199676,344.0,59.0,-159.81358961974408,0.20494123537588904,15.247189998626709,105.0,66.0,-133.80883767021047,44.99292740774732,101.17588851358295
./csi-dataset/uva-communication-28G-csi-nlos/t16x16_r2x1_test_small/10032-run00057-40.mat,-103.40561335273166,50.0,70.0,-103.55840429737044,0.03411911890141728,16.011621475219727,50.0,69.0,-117.75053786915343,0.15279094463878096,1.0000000000002647
./csi-dataset/uva-communication-28G-csi-nlos/t16x16_r2x1_test_small/10032-run00057-41.mat,-103.58809773446882,0.0,30.0,-103.67114752268023,-0.14826015451985586,15.749011278152466,1.0,30.0,-117.24273121632984,0.08304978821141162,0.49999524032974746
./csi-dataset/uva-communication-28G-csi-nlos/t16x16_r2x1_test_small/10032-run00057-42.mat,-104.19938948606352,216.0,57.0,-104.37972839240629,-0.4159066965660736,14.834897756576538,216.0,56.0,-118.71736878365247,0.18033890634276872,0.9999999999995357
./csi-dataset/uva-communication-28G-csi-nlos/t16x16_r2x1_test_small/10032-run00057-43.mat,-128.27123824785647,310.0,11.0,-128.3469939755907,0.31595806102625057,14.262028932571411,309.0,11.0,-141.68658621230873,0.07575572773421868,0.19080666173346847
./csi-dataset/uva-communication-28G-csi-nlos/t16x16_r2x1_test_small/10032-run00057-44.mat,-130.82756784137786,117.0,46.0,-130.8641045218025,0.12641461670089604,14.239402055740356,117.0,46.0,-142.65261740787207,0.036536680424632095,1.2074182697257333e-06
./csi-dataset/uva-communication-28G-csi-nlos/t16x16_r2x1_test_small/10032-run00057-45.mat,-109.03495401299652,138.0,59.0,-109.42688452342921,-0.31874726383815943,13.901802062988281,138.0,58.0,-122.27417801731109,0.3919305104326867,1.0000000000006293
./csi-dataset/uva-communication-28G-csi-nlos/t16x16_r2x1_test_small/10032-run00057-46.mat,-127.3110171385296,28.0,60.0,-127.39471466291663,-0.6522903180377382,15.370408535003662,29.0,61.0,-139.4319559231214,0.08369752438701994,1.32569856241122
./csi-dataset/uva-communication-28G-csi-nlos/t16x16_r2x1_test_small/10032-run00057-47.mat,-117.30086444070382,211.0,59.0,-117.3411538150292,-0.6660546726353129,15.468891382217407,211.0,59.0,-130.75625654776778,0.04028937432538271,0.0
./csi-dataset/uva-communication-28G-csi-nlos/t16x16_r2x1_test_small/10032-run00057-48.mat,-137.0847214959096,191.0,47.0,-137.65017350237807,0.10871724327124266,14.43437647819519,192.0,45.0,-152.32756554961688,0.5654520064684618,2.125380874004128
./csi-dataset/uva-communication-28G-csi-nlos/t16x16_r2x1_test_small/10032-run00057-49.mat,-100.33344539133536,256.0,48.0,-100.45926769699074,0.07727989597361407,14.62459397315979,256.0,48.0,-113.08850580160629,0.125822305655376,0.0
./csi-dataset/uva-communication-28G-csi-nlos/t16x16_r2x1_test_small/10032-run00057-5.mat,-109.13919746922394,210.0,14.0,-109.17728651124035,-0.7523532114306668,15.864522218704224,211.0,14.0,-122.44134232255465,0.03808904201640928,0.24191900474567224
./csi-dataset/uva-communication-28G-csi-nlos/t16x16_r2x1_test_small/10032-run00057-50.mat,-125.40705624035864,347.0,65.0,-125.52673511558517,-0.05710185801162204,13.511900186538696,348.0,67.0,-141.8477692250168,0.11967887522652632,2.198732965889004
./csi-dataset/uva-communication-28G-csi-nlos/t16x16_r2x1_test_small/10032-run00057-51.mat,-126.54810864340824,70.0,19.0,-127.39380402450413,-0.35552687031493746,15.109260559082031,72.0,21.0,-143.84019682235672,0.8456953810958936,2.1134676935535603
./csi-dataset/uva-communication-28G-csi-nlos/t16x16_r2x1_test_small/10032-run00057-52.mat,-120.2399774803257,164.0,64.0,-120.241059774146,-0.042922071752441004,15.094332456588745,165.0,65.0,-135.60767225195713,0.0010822938202892374,1.3470789017465334
./csi-dataset/uva-communication-28G-csi-nlos/t16x16_r2x1_test_small/10032-run00057-53.mat,-117.17797427043608,185.0,72.0,-117.18144715195349,-0.010674330646191388,15.680655002593994,186.0,71.0,-131.62955548354188,0.003472881517410542,1.3781454783873286
./csi-dataset/uva-communication-28G-csi-nlos/t16x16_r2x1_test_small/10032-run00057-54.mat,-128.76458701260944,240.0,65.0,-129.3252932237476,-0.3896726196125131,17.32125473022461,239.0,65.0,-143.3504389479721,0.5607062111381538,0.9063057324413023
./csi-dataset/uva-communication-28G-csi-nlos/t16x16_r2x1_test_small/10032-run00057-55.mat,-103.23214337387016,314.0,73.0,-103.32959388607068,0.24027499403620656,15.214423656463623,315.0,76.0,-117.73268519518781,0.09745051220052403,3.1509238088637166
./csi-dataset/uva-communication-28G-csi-nlos/t16x16_r2x1_test_small/10032-run00057-56.mat,-159.9296503572416,27.0,51.0,-159.9306616982483,0.32667204601412825,0.340362548828125,28.0,51.0,-159.99792032501608,0.0010113410066878714,0.7771420548734437
./csi-dataset/uva-communication-28G-csi-nlos/t16x16_r2x1_test_small/10032-run00057-57.mat,-123.80519340186368,241.0,64.0,-124.4119663645242,-0.05220183775222287,13.87967038154602,243.0,63.0,-139.3625836698021,0.6067729626605285,2.05022518302489
./csi-dataset/uva-communication-28G-csi-nlos/t16x16_r2x1_test_small/10032-run00057-58.mat,-119.89516068063335,204.0,70.0,-120.03316164493782,0.10193391067283963,13.689207792282104,205.0,69.0,-136.10706732427516,0.1380009643044673,1.3701534390589136
./csi-dataset/uva-communication-28G-csi-nlos/t16x16_r2x1_test_small/10032-run00057-59.mat,-153.0444558329317,31.0,46.0,-153.7604205415871,0.3105837881299115,0.27930212020874023,34.0,48.0,-159.65496730006112,0.715964708655406,2.968438724467252
./csi-dataset/uva-communication-28G-csi-nlos/t16x16_r2x1_test_small/10032-run00057-6.mat,-117.39327299496864,124.0,68.0,-117.50749135358058,0.23733640315804838,15.287606000900269,125.0,67.0,-130.63174215136607,0.11421835861193586,1.3614394577044877
./csi-dataset/uva-communication-28G-csi-nlos/t16x16_r2x1_test_small/10032-run00057-60.mat,-120.52255226696973,293.0,39.0,-121.05433640108387,-0.0504069583784752,15.083158493041992,292.0,39.0,-132.6969641351373,0.5317841341141474,0.6293155668558646
./csi-dataset/uva-communication-28G-csi-nlos/t16x16_r2x1_test_small/10032-run00057-61.mat,-126.69708926589912,270.0,60.0,-128.19436775859157,-0.13404167789777643,14.822078943252563,269.0,57.0,-140.26450113685397,1.4972784926924447,3.118755673908638
./csi-dataset/uva-communication-28G-csi-nlos/t16x16_r2x1_test_small/10032-run00057-62.mat,-115.87294627644611,231.0,29.0,-115.8637728340029,-0.2778534319790704,14.868556499481201,232.0,29.0,-132.41153162158233,-0.009173442443213276,0.48480491312908847
./csi-dataset/uva-communication-28G-csi-nlos/t16x16_r2x1_test_small/10032-run00057-63.mat,-123.83479053284246,135.0,69.0,-159.72863683858986,-0.19723522713483876,14.51218056678772,8.0,33.0,-143.86850340100222,35.8938463057474,90.3121964116243
./csi-dataset/uva-communication-28G-csi-nlos/t16x16_r2x1_test_small/10032-run00057-64.mat,-133.2196915111006,293.0,46.0,-134.97981171573332,-0.3250633988519589,16.062772750854492,302.0,36.0,-148.8649130497729,1.7601202046327273,11.592326683077781
./csi-dataset/uva-communication-28G-csi-nlos/t16x16_r2x1_test_small/10032-run00057-65.mat,-115.52184924790096,13.0,63.0,-116.16153974709782,-0.13549595001199943,14.77260160446167,15.0,65.0,-132.49142902003828,0.6396904991968597,2.6889956472379444
./csi-dataset/uva-communication-28G-csi-nlos/t16x16_r2x1_test_small/10032-run00057-66.mat,-125.9083749696184,191.0,48.0,-126.33617181012069,-0.23411471974421927,15.095948934555054,190.0,50.0,-141.42574665476272,0.42779684050229605,2.1376134743852457
./csi-dataset/uva-communication-28G-csi-nlos/t16x16_r2x1_test_small/10032-run00057-67.mat,-114.4830182578376,11.0,59.0,-159.802685388719,-0.0658737641607734,14.125375270843506,213.0,23.0,-132.68203005380403,45.3196671308814,80.58635986703882
./csi-dataset/uva-communication-28G-csi-nlos/t16x16_r2x1_test_small/10032-run00057-68.mat,-117.90898003310566,287.0,4.0,-117.97729258229609,0.3147407264695622,13.656660556793213,294.0,4.0,-132.772943793168,0.06831254919042351,0.4879931636847339
./csi-dataset/uva-communication-28G-csi-nlos/t16x16_r2x1_test_small/10032-run00057-69.mat,-109.06549610776062,310.0,59.0,-109.11230333859078,-0.02335120111182243,15.66594672203064,310.0,60.0,-122.63328548249987,0.04680723083015437,0.9999999999999002
./csi-dataset/uva-communication-28G-csi-nlos/t16x16_r2x1_test_small/10032-run00057-7.mat,-110.73684347123424,105.0,23.0,-155.87068647867173,-0.03247868404447796,15.711389303207397,340.0,64.0,-128.51430563138518,45.13384300743749,78.34077992571954
./csi-dataset/uva-communication-28G-csi-nlos/t16x16_r2x1_test_small/10032-run00057-70.mat,-123.8881541071156,45.0,24.0,-125.18764241246762,-0.22217703229755914,14.275860786437988,46.0,27.0,-140.23367259427067,1.2994883053520283,3.030632796842768
./csi-dataset/uva-communication-28G-csi-nlos/t16x16_r2x1_test_small/10032-run00057-71.mat,-120.18324996215372,238.0,16.0,-120.2355783589532,0.030327368663988663,15.407598733901978,237.0,16.0,-134.81445584983038,0.052328396799481425,0.2756341231251635
./csi-dataset/uva-communication-28G-csi-nlos/t16x16_r2x1_test_small/10032-run00057-72.mat,-108.94043639278384,152.0,34.0,-109.51081707147507,-0.0696118505343275,15.38793134689331,155.0,34.0,-125.76930485463818,0.5703806786912367,1.6774469926525155
./csi-dataset/uva-communication-28G-csi-nlos/t16x16_r2x1_test_small/10032-run00057-73.mat,-144.17894233095114,259.0,44.0,-159.99510034091898,-0.8809836236201887,13.248310565948486,76.0,45.0,-158.42672934907972,15.816158009967836,88.96142413535539
./csi-dataset/uva-communication-28G-csi-nlos/t16x16_r2x1_test_small/10032-run00057-74.mat,-124.63001880681202,155.0,59.0,-124.82073347171311,-0.3936275850285258,14.325684309005737,154.0,60.0,-139.05926556049974,0.190714664901094,1.3199854135094096
./csi-dataset/uva-communication-28G-csi-nlos/t16x16_r2x1_test_small/10032-run00057-75.mat,-135.2434614544477,189.0,70.0,-135.38083116771608,-0.10087721005377381,15.241347551345825,189.0,71.0,-146.79932713841308,0.13736971326838443,1.0000000000006293
./csi-dataset/uva-communication-28G-csi-nlos/t16x16_r2x1_test_small/10032-run00057-76.mat,-106.31843454888276,355.0,21.0,-107.0430794295265,0.010373012691268335,13.873466730117798,352.0,22.0,-121.84917427978819,0.7246448806437371,1.4859493050327721
./csi-dataset/uva-communication-28G-csi-nlos/t16x16_r2x1_test_small/10032-run00057-77.mat,-99.5668387319204,297.0,21.0,-99.68374786447302,-0.1803587283370276,14.520488977432251,296.0,22.0,-112.97225523167964,0.11690913255262103,1.0650121418226677
./csi-dataset/uva-communication-28G-csi-nlos/t16x16_r2x1_test_small/10032-run00057-78.mat,-130.82722649215555,290.0,22.0,-131.13575324884798,0.05309199166869871,15.678825855255127,293.0,23.0,-147.1391144914854,0.3085267566924301,1.5222168325608583
./csi-dataset/uva-communication-28G-csi-nlos/t16x16_r2x1_test_small/10032-run00057-79.mat,-159.99991371660266,94.0,51.0,-159.99991430717364,0.22099541831732494,0.3149125576019287,94.0,52.0,-159.99999859389223,5.905709770104295e-07,0.9999999999999002
./csi-dataset/uva-communication-28G-csi-nlos/t16x16_r2x1_test_small/10032-run00057-8.mat,-114.58512542648543,8.0,41.0,-140.75506330889,-0.19005072499442033,15.542662620544434,93.0,9.0,-131.71382625660644,26.169937882404554,41.03028777075508
./csi-dataset/uva-communication-28G-csi-nlos/t16x16_r2x1_test_small/10032-run00057-80.mat,-134.01109810357966,216.0,59.0,-134.60469035093357,-0.47910100646217413,16.060620546340942,215.0,58.0,-147.57247323969327,0.5935922473539108,1.3141350637031401
./csi-dataset/uva-communication-28G-csi-nlos/t16x16_r2x1_test_small/10032-run00057-81.mat,-115.12640959789722,317.0,66.0,-115.2702205130696,-0.22407685889818318,14.165677309036255,317.0,66.0,-127.82306357999728,0.14381091517238076,1.2074182697257333e-06
./csi-dataset/uva-communication-28G-csi-nlos/t16x16_r2x1_test_small/10032-run00057-82.mat,-105.86078584782486,187.0,54.0,-106.2991897602227,-0.9241989599596017,15.0191330909729,187.0,52.0,-122.47453324355645,0.4384039123978454,1.9999999999999472
./csi-dataset/uva-communication-28G-csi-nlos/t16x16_r2x1_test_small/10032-run00057-83.mat,-108.65844227383968,57.0,59.0,-108.75286955328417,-0.4899421478068007,16.011799812316895,58.0,59.0,-125.19195913723044,0.09442727944448848,0.8571644146975286
./csi-dataset/uva-communication-28G-csi-nlos/t16x16_r2x1_test_small/10032-run00057-84.mat,-131.95475955762168,226.0,49.0,-132.71398966831217,-0.4751077319356165,15.429962635040283,225.0,51.0,-148.22540401376568,0.7592301106904813,2.141642471007437
./csi-dataset/uva-communication-28G-csi-nlos/t16x16_r2x1_test_small/10032-run00057-85.mat,-159.96107373389844,54.0,43.0,-159.99999780464543,0.354923613733373,0.3107779026031494,151.0,46.0,-159.99974171680574,0.03892407074698667,63.36832967875958
./csi-dataset/uva-communication-28G-csi-nlos/t16x16_r2x1_test_small/10032-run00057-86.mat,-117.8614358959579,255.0,65.0,-118.40966830168244,-0.10834927288648921,15.044604778289795,254.0,64.0,-132.70022132506125,0.5482324057245478,1.347078901746263
./csi-dataset/uva-communication-28G-csi-nlos/t16x16_r2x1_test_small/10032-run00057-87.mat,-102.94339114183676,349.0,42.0,-103.70912323284236,-0.6004573805543312,15.678021907806396,348.0,41.0,-117.67397070894306,0.7657320910056029,1.1995854334876037
./csi-dataset/uva-communication-28G-csi-nlos/t16x16_r2x1_test_small/10032-run00057-88.mat,-116.28722513218068,183.0,36.0,-159.73772759989149,0.18199054909644075,15.778723955154419,263.0,25.0,-135.29045683352825,43.450502467710805,39.072035146685124
./csi-dataset/uva-communication-28G-csi-nlos/t16x16_r2x1_test_small/10032-run00057-89.mat,-103.70447663930396,349.0,60.0,-103.96253132164506,-0.10968362800102871,15.308833360671997,349.0,60.0,-115.99607610505002,0.25805468234109696,0.0
./csi-dataset/uva-communication-28G-csi-nlos/t16x16_r2x1_test_small/10032-run00057-9.mat,-122.28505685301644,345.0,11.0,-159.9842067365445,-0.0351879625894036,14.877241134643555,47.0,89.0,-139.5721057322044,37.699149883528065,83.87502377190596
./csi-dataset/uva-communication-28G-csi-nlos/t16x16_r2x1_test_small/10032-run00057-90.mat,-136.55005073129954,184.0,38.0,-136.80532989878841,0.21011496361686488,14.099486351013184,183.0,39.0,-151.80101588379188,0.25527916748887947,1.1779057547180714
./csi-dataset/uva-communication-28G-csi-nlos/t16x16_r2x1_test_small/10032-run00057-91.mat,-114.73400137677356,224.0,53.0,-114.84905030114447,-0.0768572835002097,15.832800149917603,224.0,53.0,-126.74563863976536,0.1150489243709103,0.0
./csi-dataset/uva-communication-28G-csi-nlos/t16x16_r2x1_test_small/10032-run00057-92.mat,-106.6701342813185,353.0,32.0,-154.90237894391984,0.2254881574999107,15.338815450668335,157.0,49.0,-124.93735541680704,48.232244662601346,80.10010620173531
./csi-dataset/uva-communication-28G-csi-nlos/t16x16_r2x1_test_small/10032-run00057-93.mat,-122.2034035870252,74.0,54.0,-122.39117190692575,0.04740999297244197,13.045855283737183,73.0,54.0,-138.1268720439848,0.18776831990054177,0.8090134466770265
./csi-dataset/uva-communication-28G-csi-nlos/t16x16_r2x1_test_small/10032-run00057-94.mat,-136.4890613021805,35.0,14.0,-137.48638354227646,-0.4109527649497764,14.503268718719482,37.0,12.0,-151.70709339866812,0.9973222400959685,2.049686566477355
./csi-dataset/uva-communication-28G-csi-nlos/t16x16_r2x1_test_small/10032-run00057-95.mat,-139.60563435273357,256.0,19.0,-139.77125332507202,-0.34844102114804065,14.199867963790894,255.0,19.0,-152.36329407808583,0.16561897233845002,0.32556446021366875
./csi-dataset/uva-communication-28G-csi-nlos/t16x16_r2x1_test_small/10032-run00057-96.mat,-143.2257042671214,177.0,70.0,-159.89787965961997,0.07858528947859456,14.788687944412231,111.0,7.0,-157.6998210142699,16.672175392498588,67.29104999227532
./csi-dataset/uva-communication-28G-csi-nlos/t16x16_r2x1_test_small/10032-run00057-97.mat,-132.09339339228077,310.0,30.0,-159.97481584032715,-0.2392018378612828,15.120568752288818,269.0,60.0,-153.01506721400276,27.88142244804638,40.55241383218992
./csi-dataset/uva-communication-28G-csi-nlos/t16x16_r2x1_test_small/10032-run00057-98.mat,-119.57285611601492,129.0,44.0,-159.8036224106158,-0.31901339495261194,15.983956813812256,299.0,58.0,-138.27932150011742,40.23076629460087,101.47625927527453
./csi-dataset/uva-communication-28G-csi-nlos/t16x16_r2x1_test_small/10032-run00057-99.mat,-107.04785207736452,0.0,52.0,-107.1523843290505,0.18806230504715948,14.936880350112915,0.0,51.0,-121.80687793018473,0.10453225168598124,0.9999999999999002
./csi-dataset/uva-communication-28G-csi-nlos/t16x16_r2x1_test_small/10032-run00058-1.mat,-112.56793170947306,14.0,54.0,-112.57392615111137,0.3008329728295932,16.447137117385864,14.0,55.0,-124.51500326121314,0.005994441638307535,0.9999999999999002
./csi-dataset/uva-communication-28G-csi-nlos/t16x16_r2x1_test_small/10032-run00058-10.mat,-113.9642263249178,95.0,61.0,-114.06635875488568,0.05676263216100064,15.373322010040283,95.0,61.0,-126.08353678838864,0.10213242996788097,0.0
./csi-dataset/uva-communication-28G-csi-nlos/t16x16_r2x1_test_small/10032-run00058-100.mat,-105.95608901500424,347.0,54.0,-106.33128782979506,-0.0643151421304311,14.261377096176147,347.0,54.0,-120.69516808511474,0.37519881479082073,0.0
./csi-dataset/uva-communication-28G-csi-nlos/t16x16_r2x1_test_small/10032-run00058-11.mat,-119.85504791921986,247.0,70.0,-120.07007152641798,-0.5510607385438635,15.320796489715576,247.0,70.0,-132.26789492168353,0.21502360719811975,8.537736462515939e-07
./csi-dataset/uva-communication-28G-csi-nlos/t16x16_r2x1_test_small/10032-run00058-12.mat,-125.72445697529858,15.0,53.0,-126.09934722520192,-0.3051336516637644,14.498656749725342,16.0,53.0,-140.33457384759006,0.37489024990334485,0.7986318386952783
./csi-dataset/uva-communication-28G-csi-nlos/t16x16_r2x1_test_small/10032-run00058-13.mat,-115.7291694725444,124.0,50.0,-116.54281044780576,-0.06164517825728155,14.692527770996094,122.0,52.0,-130.21083250500132,0.8136409752613645,2.532784692869857
./csi-dataset/uva-communication-28G-csi-nlos/t16x16_r2x1_test_small/10032-run00058-14.mat,-114.92157887620982,180.0,52.0,-115.50692626162083,-0.17963469535504095,14.790229082107544,179.0,52.0,-130.53642808806703,0.5853473854110121,0.7880069624891246
./csi-dataset/uva-communication-28G-csi-nlos/t16x16_r2x1_test_small/10032-run00058-15.mat,-104.78235677183557,289.0,49.0,-104.7943127440694,-0.03981930838567127,16.858701944351196,290.0,49.0,-120.29439334004466,0.011955972233835155,0.7547054571971609
./csi-dataset/uva-communication-28G-csi-nlos/t16x16_r2x1_test_small/10032-run00058-16.mat,-123.41864139884883,347.0,62.0,-124.17261144666271,-0.02007149761607252,16.572875499725342,346.0,62.0,-138.20668199045255,0.7539700478138798,0.8829451228016715
./csi-dataset/uva-communication-28G-csi-nlos/t16x16_r2x1_test_small/10032-run00058-17.mat,-159.6233228891448,169.0,59.0,-159.99998780405437,0.2744126213905169,0.30173707008361816,57.0,61.0,-159.99885617367613,0.37666491490958265,91.78479040463672
./csi-dataset/uva-communication-28G-csi-nlos/t16x16_r2x1_test_small/10032-run00058-18.mat,-126.75769168138656,280.0,68.0,-127.23843559220869,0.19620278536776592,14.88333010673523,279.0,67.0,-140.46756815836093,0.4807439108221274,1.3614394577044877
./csi-dataset/uva-communication-28G-csi-nlos/t16x16_r2x1_test_small/10032-run00058-19.mat,-122.1437021841068,184.0,50.0,-122.60367838892557,0.06450175892743548,16.189241647720337,183.0,51.0,-136.4373993589486,0.45997620481877277,1.2630726248463435
./csi-dataset/uva-communication-28G-csi-nlos/t16x16_r2x1_test_small/10032-run00058-2.mat,-127.37933082714306,355.0,55.0,-159.93863641825942,0.03706392828777916,15.62995171546936,143.0,35.0,-144.51672831325038,32.559305591116356,85.90593973194902
./csi-dataset/uva-communication-28G-csi-nlos/t16x16_r2x1_test_small/10032-run00058-20.mat,-127.31086040480577,320.0,58.0,-128.61666848701356,0.1561311311148046,15.87259292602539,319.0,61.0,-144.04365851924518,1.3058080822077898,3.121226319990979
./csi-dataset/uva-communication-28G-csi-nlos/t16x16_r2x1_test_small/10032-run00058-21.mat,-112.4433862550542,123.0,34.0,-112.53824657267485,-0.5088212999317758,16.710869789123535,123.0,34.0,-127.32495815680166,0.0948603176206575,8.537736462515939e-07
./csi-dataset/uva-communication-28G-csi-nlos/t16x16_r2x1_test_small/10032-run00058-22.mat,-124.4188603411744,335.0,40.0,-124.5442735988859,0.3658679005178228,11.54266357421875,337.0,41.0,-138.33529385249253,0.12541325771150014,1.639150100086332
./csi-dataset/uva-communication-28G-csi-nlos/t16x16_r2x1_test_small/10032-run00058-23.mat,-121.89764085271008,27.0,60.0,-159.91456898716595,-0.2871295337188575,15.68871521949768,72.0,53.0,-141.93035986050342,38.01692813445587,37.81730279453097
./csi-dataset/uva-communication-28G-csi-nlos/t16x16_r2x1_test_small/10032-run00058-24.mat,-125.13873141910848,338.0,45.0,-125.192065078985,-0.2656902250699109,14.1496901512146,338.0,45.0,-138.9252491953224,0.053333659876514616,0.0
./csi-dataset/uva-communication-28G-csi-nlos/t16x16_r2x1_test_small/10032-run00058-25.mat,-124.40751334961097,326.0,47.0,-124.75179820088368,-0.796884147599584,13.635030269622803,326.0,46.0,-138.32490406652096,0.34428485127271813,1.0000000000006293
./csi-dataset/uva-communication-28G-csi-nlos/t16x16_r2x1_test_small/10032-run00058-26.mat,-106.40557940569954,15.0,37.0,-107.06677629906282,0.10188972876973423,14.790547370910645,15.0,35.0,-123.12698553608516,0.6611968933632824,2.0000000000001297
./csi-dataset/uva-communication-28G-csi-nlos/t16x16_r2x1_test_small/10032-run00058-27.mat,-112.3732471634496,358.0,33.0,-114.40581179721299,-0.5214437881383314,14.025781631469727,354.0,33.0,-130.37626031764876,2.0325646337633856,2.178244926001275
./csi-dataset/uva-communication-28G-csi-nlos/t16x16_r2x1_test_small/10032-run00058-28.mat,-118.3296897599402,180.0,73.0,-118.29798329932721,-0.5081441303521677,15.374777555465698,180.0,74.0,-130.37675780512973,-0.031706460612980436,0.9999999999999002
./csi-dataset/uva-communication-28G-csi-nlos/t16x16_r2x1_test_small/10032-run00058-29.mat,-115.74108776253286,145.0,46.0,-116.43974632761561,-0.37317251348138725,13.59648585319519,146.0,44.0,-129.04474739193256,0.6986585650827521,2.1212709773808482
./csi-dataset/uva-communication-28G-csi-nlos/t16x16_r2x1_test_small/10032-run00058-3.mat,-114.58681001207964,288.0,19.0,-150.94170816723863,0.08826098093238655,13.464767932891846,188.0,74.0,-131.49728091505565,36.35489815515899,78.0957968626168
./csi-dataset/uva-communication-28G-csi-nlos/t16x16_r2x1_test_small/10032-run00058-30.mat,-133.78192285324897,270.0,31.0,-133.81890923865132,-0.11753055202709972,14.274161577224731,271.0,31.0,-149.2802814719033,0.03698638540234356,0.5150332718683522
./csi-dataset/uva-communication-28G-csi-nlos/t16x16_r2x1_test_small/10032-run00058-31.mat,-137.57827743615297,296.0,38.0,-159.53114294826568,0.25972378340822333,11.462589025497437,161.0,17.0,-153.09053868557524,21.95286551211271,51.222493949366864
./csi-dataset/uva-communication-28G-csi-nlos/t16x16_r2x1_test_small/10032-run00058-32.mat,-111.2521099307591,208.0,33.0,-153.90804207649748,-0.2524582376976452,12.552590608596802,316.0,89.0,-128.52301063085136,42.655932145738376,98.83794457923455
./csi-dataset/uva-communication-28G-csi-nlos/t16x16_r2x1_test_small/10032-run00058-33.mat,-116.47106829844776,208.0,65.0,-159.84321088418903,-0.07345362598752359,12.49383807182312,299.0,3.0,-133.60265477686846,43.37214258574127,65.08891651383597
./csi-dataset/uva-communication-28G-csi-nlos/t16x16_r2x1_test_small/10032-run00058-34.mat,-125.00726361267203,307.0,66.0,-159.87062071157902,-0.3400946738797628,15.371193408966064,152.0,15.0,-150.80398796887297,34.86335709890699,79.7125134493562
./csi-dataset/uva-communication-28G-csi-nlos/t16x16_r2x1_test_small/10032-run00058-35.mat,-113.55552042570984,183.0,23.0,-113.62604622749441,0.1934428387444378,16.026525020599365,182.0,23.0,-126.76738635932296,0.07052580178456935,0.3907269263119075
./csi-dataset/uva-communication-28G-csi-nlos/t16x16_r2x1_test_small/10032-run00058-36.mat,-115.70576935044798,113.0,48.0,-150.382649436913,0.18147130113640153,15.964104890823364,101.0,24.0,-132.62312239408016,34.67688008646502,24.914115580663328
./csi-dataset/uva-communication-28G-csi-nlos/t16x16_r2x1_test_small/10032-run00058-37.mat,-107.7955099565246,106.0,22.0,-108.28765132386089,0.0013515887404952354,13.249394655227661,105.0,21.0,-123.4883394224761,0.49214136733628777,1.0650121418226677
./csi-dataset/uva-communication-28G-csi-nlos/t16x16_r2x1_test_small/10032-run00058-38.mat,-117.7498704471453,346.0,72.0,-118.14109262281039,0.08956865188110086,14.339253902435303,346.0,76.0,-132.66416401336335,0.3912221756650922,4.000000000000042
./csi-dataset/uva-communication-28G-csi-nlos/t16x16_r2x1_test_small/10032-run00058-39.mat,-127.12271027249966,291.0,50.0,-127.08034670972239,-0.06351271065609265,14.21940279006958,292.0,51.0,-143.96664372821215,-0.04236356277726827,1.2630726248457664
./csi-dataset/uva-communication-28G-csi-nlos/t16x16_r2x1_test_small/10032-run00058-4.mat,-116.35790131640805,280.0,51.0,-116.53939755141167,0.05245834550854034,14.845921993255615,280.0,52.0,-131.57220619932906,0.1814962350036211,0.9999999999991713
./csi-dataset/uva-communication-28G-csi-nlos/t16x16_r2x1_test_small/10032-run00058-40.mat,-131.5873676896227,183.0,23.0,-131.82216993627208,-0.6372535914640578,15.022196769714355,185.0,24.0,-147.71840990653632,0.234802246649366,1.2789357506452992
./csi-dataset/uva-communication-28G-csi-nlos/t16x16_r2x1_test_small/10032-run00058-41.mat,-123.25416826555406,252.0,63.0,-123.24040573318099,-0.2028437247115551,15.405958652496338,253.0,64.0,-138.77988868777183,-0.013762532373064573,1.3419642209978777
./csi-dataset/uva-communication-28G-csi-nlos/t16x16_r2x1_test_small/10032-run00058-42.mat,-107.64019130210322,226.0,68.0,-108.43336564312489,-0.016528865059620035,15.430569887161255,225.0,68.0,-121.71997159818707,0.7931743410216683,0.9271822030940752
./csi-dataset/uva-communication-28G-csi-nlos/t16x16_r2x1_test_small/10032-run00058-43.mat,-119.8869521841124,241.0,44.0,-120.03834914349414,0.1017571325066653,14.77712106704712,241.0,44.0,-133.48663854772136,0.15139695938174214,0.0
./csi-dataset/uva-communication-28G-csi-nlos/t16x16_r2x1_test_small/10032-run00058-44.mat,-107.8457263096404,336.0,54.0,-107.95182487418177,-0.7291437220690227,14.780237197875977,336.0,54.0,-121.76313597732326,0.10609856454136946,0.0
./csi-dataset/uva-communication-28G-csi-nlos/t16x16_r2x1_test_small/10032-run00058-45.mat,-117.29607983552896,45.0,62.0,-159.43633818894705,-0.0924860948908035,14.150219917297363,177.0,46.0,-134.45067179564955,42.14025835341809,95.67403608558867
./csi-dataset/uva-communication-28G-csi-nlos/t16x16_r2x1_test_small/10032-run00058-46.mat,-120.65102790459376,0.0,55.0,-159.72119690436426,0.06964680387411004,14.584999322891235,18.0,53.0,-139.27443098573704,39.0701689997705,14.676486942711556
./csi-dataset/uva-communication-28G-csi-nlos/t16x16_r2x1_test_small/10032-run00058-47.mat,-130.5876267354922,176.0,53.0,-130.809672746476,0.21808940809835586,15.9884774684906,176.0,55.0,-146.34612052946136,0.22204601098380294,2.0000000000001297
./csi-dataset/uva-communication-28G-csi-nlos/t16x16_r2x1_test_small/10032-run00058-48.mat,-127.75877817767366,305.0,41.0,-129.78789428087822,-0.6033682343129614,14.63340711593628,303.0,44.0,-144.38927650067686,2.029116103204558,3.2899361793349318
./csi-dataset/uva-communication-28G-csi-nlos/t16x16_r2x1_test_small/10032-run00058-49.mat,-103.88813669194784,202.0,28.0,-104.04281056093488,-0.19240231433268784,13.686699628829956,201.0,28.0,-120.0727399456633,0.1546738689870466,0.46946691737256885
./csi-dataset/uva-communication-28G-csi-nlos/t16x16_r2x1_test_small/10032-run00058-5.mat,-134.087042755111,349.0,44.0,-159.9878124328818,-0.351117918591372,13.670278072357178,124.0,52.0,-155.84242256948465,25.900769677770796,86.8011894899666
./csi-dataset/uva-communication-28G-csi-nlos/t16x16_r2x1_test_small/10032-run00058-50.mat,-122.37565213622771,261.0,68.0,-159.5927740972943,-0.2548397543153058,12.665963649749756,46.0,52.0,-154.99827305019411,37.21712196106658,111.58412378774126
./csi-dataset/uva-communication-28G-csi-nlos/t16x16_r2x1_test_small/10032-run00058-51.mat,-122.08409538947993,183.0,63.0,-159.628770500707,0.3160956679673509,13.834914922714233,86.0,20.0,-139.69805673720077,37.544675111227065,67.07830096268314
./csi-dataset/uva-communication-28G-csi-nlos/t16x16_r2x1_test_small/10032-run00058-52.mat,-139.96317878247518,312.0,22.0,-159.86495485715497,0.05785933359906714,15.012213706970215,78.0,55.0,-155.87171626860317,19.901776074679788,69.42438863565692
./csi-dataset/uva-communication-28G-csi-nlos/t16x16_r2x1_test_small/10032-run00058-53.mat,-146.70362981947758,295.0,38.0,-146.8150506490267,-0.4058111046903057,13.292664766311646,295.0,39.0,-157.48723955593857,0.11142082954910393,0.9999999999999002
./csi-dataset/uva-communication-28G-csi-nlos/t16x16_r2x1_test_small/10032-run00058-54.mat,-153.67383702356025,265.0,27.0,-159.9999468677604,0.18927471482585045,0.29749155044555664,117.0,68.0,-159.96135191673577,6.326109844200147,91.32905029596077
./csi-dataset/uva-communication-28G-csi-nlos/t16x16_r2x1_test_small/10032-run00058-55.mat,-112.18572836948056,325.0,69.0,-112.78561739932269,-0.6906938616897766,13.98400354385376,325.0,67.0,-126.58821707743625,0.5998890298421315,1.999999999999765
./csi-dataset/uva-communication-28G-csi-nlos/t16x16_r2x1_test_small/10032-run00058-56.mat,-138.6229585426713,46.0,35.0,-139.15986749653462,-0.12247484600538039,13.300661563873291,44.0,35.0,-153.57774739921655,0.5369089538633034,1.1471137916012046
./csi-dataset/uva-communication-28G-csi-nlos/t16x16_r2x1_test_small/10032-run00058-57.mat,-117.0743633886733,293.0,35.0,-158.93169623279974,-0.44929224665744716,14.86928915977478,197.0,37.0,-134.7648461893062,41.85733284412643,51.820873863288
./csi-dataset/uva-communication-28G-csi-nlos/t16x16_r2x1_test_small/10032-run00058-58.mat,-106.88077175111644,309.0,54.0,-107.37385654406103,-0.11692003949293017,14.248070001602173,309.0,56.0,-122.34694947468543,0.49308479294458607,2.0000000000001297
./csi-dataset/uva-communication-28G-csi-nlos/t16x16_r2x1_test_small/10032-run00058-59.mat,-137.80676755943406,201.0,44.0,-137.96754640264353,0.11938582028384304,11.45515489578247,201.0,44.0,-150.84068156507226,0.16077884320947078,0.0
./csi-dataset/uva-communication-28G-csi-nlos/t16x16_r2x1_test_small/10032-run00058-6.mat,-118.07414029324336,233.0,64.0,-118.09183978162972,0.13601340808379614,14.708770036697388,233.0,64.0,-133.45286064215537,0.01769948838635571,0.0
./csi-dataset/uva-communication-28G-csi-nlos/t16x16_r2x1_test_small/10032-run00058-60.mat,-115.80774036605776,267.0,59.0,-115.97837193831609,-0.676863649831084,13.083564043045044,267.0,59.0,-128.8786329379887,0.1706315722583298,0.0
./csi-dataset/uva-communication-28G-csi-nlos/t16x16_r2x1_test_small/10032-run00058-61.mat,-110.02037792689028,204.0,73.0,-110.84601362806644,0.20383136408078384,15.14055061340332,203.0,76.0,-125.61659137511276,0.8256357011761679,3.1509238088638325
./csi-dataset/uva-communication-28G-csi-nlos/t16x16_r2x1_test_small/10032-run00058-62.mat,-114.97717038361336,284.0,28.0,-115.06193846620468,0.050071546305602954,14.358074426651001,284.0,28.0,-128.43800451966223,0.0847680825913244,0.0
./csi-dataset/uva-communication-28G-csi-nlos/t16x16_r2x1_test_small/10032-run00058-63.mat,-124.49690747472911,162.0,26.0,-124.51104020782631,-0.2656815302961604,14.33422589302063,162.0,26.0,-138.6153355793203,0.01413273309719898,0.0
./csi-dataset/uva-communication-28G-csi-nlos/t16x16_r2x1_test_small/10032-run00058-64.mat,-107.67198163121512,193.0,70.0,-159.09173828514753,-0.724658300513606,14.793843030929565,286.0,38.0,-125.58887163663039,51.41975665393241,76.15845880513153
./csi-dataset/uva-communication-28G-csi-nlos/t16x16_r2x1_test_small/10032-run00058-65.mat,-123.01007843100366,260.0,50.0,-123.25304688104845,-0.021966507274537417,15.902910232543945,260.0,50.0,-135.13439571778315,0.24296845004478484,8.537736462515939e-07
./csi-dataset/uva-communication-28G-csi-nlos/t16x16_r2x1_test_small/10032-run00058-66.mat,-134.62351393671975,258.0,41.0,-135.22503936144565,-0.3060615121741246,14.148943185806274,257.0,43.0,-148.876056151596,0.6015254247259065,2.1089134127371634
./csi-dataset/uva-communication-28G-csi-nlos/t16x16_r2x1_test_small/10032-run00058-67.mat,-112.8370454244956,237.0,46.0,-112.87547717530188,0.02483047450589626,13.584405660629272,238.0,47.0,-126.41763169881158,0.03843175080628214,1.2353591410184304
./csi-dataset/uva-communication-28G-csi-nlos/t16x16_r2x1_test_small/10032-run00058-68.mat,-117.417619765828,301.0,65.0,-118.04853797506325,-0.2224628462785183,11.842172861099243,301.0,63.0,-130.79587675921113,0.6309182092352614,2.0000000000001297
./csi-dataset/uva-communication-28G-csi-nlos/t16x16_r2x1_test_small/10032-run00058-69.mat,-107.7660256451682,22.0,27.0,-107.73547479944426,-0.6420020592870435,13.69165301322937,22.0,27.0,-119.76369625266555,-0.03055084572393696,0.0
./csi-dataset/uva-communication-28G-csi-nlos/t16x16_r2x1_test_small/10032-run00058-7.mat,-158.5072264470504,32.0,24.0,-159.99985391359868,0.27199274833383635,0.24336528778076172,189.0,36.0,-159.9881110410036,1.4926274665482708,58.73445363475258
./csi-dataset/uva-communication-28G-csi-nlos/t16x16_r2x1_test_small/10032-run00058-70.mat,-117.081362077534,40.0,56.0,-117.58558141913468,0.12470771307383599,14.072510242462158,40.0,54.0,-132.06722501226363,0.5042193416006882,1.9999999999999472
./csi-dataset/uva-communication-28G-csi-nlos/t16x16_r2x1_test_small/10032-run00058-71.mat,-152.11884456140618,254.0,51.0,-157.358132927538,0.279051615246536,0.27369093894958496,249.0,46.0,-159.72248124607182,5.239288366131831,6.244168997957616
./csi-dataset/uva-communication-28G-csi-nlos/t16x16_r2x1_test_small/10032-run00058-72.mat,-157.37102215842305,268.0,65.0,-159.9999880210626,0.23097301744957965,0.2964515686035156,301.0,19.0,-159.96179064258135,2.6289658626395465,49.68001897427693
./csi-dataset/uva-communication-28G-csi-nlos/t16x16_r2x1_test_small/10032-run00058-73.mat,-109.96204709489952,358.0,45.0,-110.31538451978366,-0.4867716282094463,16.91238260269165,357.0,45.0,-126.41705644434688,0.35333742488414543,0.7071022936882725
./csi-dataset/uva-communication-28G-csi-nlos/t16x16_r2x1_test_small/10032-run00058-74.mat,-108.96182363511124,230.0,72.0,-108.91770969760142,-0.26969603551066146,17.049004793167114,230.0,73.0,-122.57567850473328,-0.04411393750982029,0.9999999999999002
./csi-dataset/uva-communication-28G-csi-nlos/t16x16_r2x1_test_small/10032-run00058-75.mat,-111.98876972817322,291.0,45.0,-152.68207063171533,-0.10912885134927963,12.1124107837677,148.0,4.0,-130.7818401553607,40.69330090354211,48.24157301049158
./csi-dataset/uva-communication-28G-csi-nlos/t16x16_r2x1_test_small/10032-run00058-76.mat,-102.1876503178389,198.0,43.0,-102.30445932200509,-2.8944710798260695,15.36077880859375,198.0,43.0,-117.00259945865449,0.11680900416618556,8.537736462515939e-07
./csi-dataset/uva-communication-28G-csi-nlos/t16x16_r2x1_test_small/10032-run00058-77.mat,-105.5346224050774,220.0,61.0,-105.84974651391336,-0.17550970067156912,15.432417392730713,219.0,61.0,-119.08947515015142,0.31512410883595976,0.8746170978937965
./csi-dataset/uva-communication-28G-csi-nlos/t16x16_r2x1_test_small/10032-run00058-78.mat,-131.13975593452122,94.0,36.0,-131.20297804602507,0.08926541791535014,13.06225037574768,94.0,36.0,-144.0039435033178,0.0632221115038476,0.0
./csi-dataset/uva-communication-28G-csi-nlos/t16x16_r2x1_test_small/10032-run00058-79.mat,-157.6389282972601,120.0,62.0,-157.79618490705647,0.19523978551369925,0.2802009582519531,120.0,65.0,-159.95915876889458,0.15725660979637723,3.000000000000166
./csi-dataset/uva-communication-28G-csi-nlos/t16x16_r2x1_test_small/10032-run00058-8.mat,-116.07103368099524,15.0,67.0,-116.06539768868981,-0.7946615294426547,16.09527277946472,15.0,67.0,-128.81406955592536,-0.005635992305428772,0.0
./csi-dataset/uva-communication-28G-csi-nlos/t16x16_r2x1_test_small/10032-run00058-80.mat,-135.68564071037434,336.0,24.0,-136.30051871801356,-0.003651645081889532,15.466587543487549,334.0,25.0,-148.58636461194016,0.61487800763922,1.2990590537751754
./csi-dataset/uva-communication-28G-csi-nlos/t16x16_r2x1_test_small/10032-run00058-81.mat,-142.04833361416135,196.0,38.0,-142.13380547364355,0.013155460790685747,13.201130151748657,196.0,39.0,-154.19855190092483,0.08547185948219749,0.9999999999999002
./csi-dataset/uva-communication-28G-csi-nlos/t16x16_r2x1_test_small/10032-run00058-82.mat,-127.62601381540594,327.0,21.0,-158.43448212923798,-0.30159880388955607,14.360729694366455,34.0,29.0,-148.44347515361653,30.808468313832037,27.820560621937105
./csi-dataset/uva-communication-28G-csi-nlos/t16x16_r2x1_test_small/10032-run00058-83.mat,-105.17018290283552,240.0,59.0,-106.32271355442498,0.04064109381852232,13.966160774230957,238.0,58.0,-120.71797760297939,1.1525306515894584,1.9768013041830959
./csi-dataset/uva-communication-28G-csi-nlos/t16x16_r2x1_test_small/10032-run00058-84.mat,-102.10557497453406,206.0,54.0,-102.52693229434038,-0.058484037455899474,13.055290699005127,205.0,55.0,-117.48266539945077,0.42135731980631874,1.2894711697613097
./csi-dataset/uva-communication-28G-csi-nlos/t16x16_r2x1_test_small/10032-run00058-85.mat,-118.86081631389,173.0,40.0,-158.05310555499298,-0.2611258600245312,16.294134616851807,50.0,28.0,-141.0056528543503,39.19228924110298,59.201451708052
./csi-dataset/uva-communication-28G-csi-nlos/t16x16_r2x1_test_small/10032-run00058-86.mat,-109.16459156983608,252.0,73.0,-109.48950320444959,-0.2710679821157844,14.302305936813354,252.0,72.0,-121.77469246180004,0.3249116346135139,0.9999999999999002
./csi-dataset/uva-communication-28G-csi-nlos/t16x16_r2x1_test_small/10032-run00058-87.mat,-116.7803322446681,158.0,10.0,-117.3211876131929,-0.3781847718337461,14.870447397232056,157.0,9.0,-130.35966883376545,0.5408553685248023,1.013491622115977
./csi-dataset/uva-communication-28G-csi-nlos/t16x16_r2x1_test_small/10032-run00058-88.mat,-105.15624897655358,325.0,47.0,-105.54815090600692,-0.09593448198534493,14.850931406021118,324.0,46.0,-118.19688236815037,0.3919019294533399,1.2353591410181353
./csi-dataset/uva-communication-28G-csi-nlos/t16x16_r2x1_test_small/10032-run00058-89.mat,-120.51694691202164,24.0,66.0,-120.58639194041348,-0.1789584742081496,13.10063648223877,24.0,66.0,-135.50011563384254,0.06944502839183997,8.537736462515939e-07
./csi-dataset/uva-communication-28G-csi-nlos/t16x16_r2x1_test_small/10032-run00058-9.mat,-136.6091057889468,280.0,25.0,-136.60079599553762,-0.09699691255970389,13.31479525566101,280.0,25.0,-151.58995071613919,-0.008309793409182475,0.0
./csi-dataset/uva-communication-28G-csi-nlos/t16x16_r2x1_test_small/10032-run00058-90.mat,-134.9977624028756,287.0,15.0,-134.98865163434874,0.024194146416085416,15.338723182678223,288.0,15.0,-149.32256822687006,-0.009110768526852553,0.25881598012840523
./csi-dataset/uva-communication-28G-csi-nlos/t16x16_r2x1_test_small/10032-run00058-91.mat,-115.00399036996497,51.0,65.0,-114.99100680431233,-1.0491274749480421,15.149920225143433,51.0,65.0,-128.12674564588912,-0.012983565652632478,0.0
./csi-dataset/uva-communication-28G-csi-nlos/t16x16_r2x1_test_small/10032-run00058-92.mat,-111.5532211651488,350.0,51.0,-153.78367879943772,-0.07742581659368764,14.757746934890747,311.0,58.0,-131.3650156537817,42.230457634288925,32.25592846186325
./csi-dataset/uva-communication-28G-csi-nlos/t16x16_r2x1_test_small/10032-run00058-93.mat,-115.53267733299542,165.0,36.0,-155.17670926621292,0.22902441623857117,15.25657057762146,132.0,41.0,-134.5255576833511,39.644031933217505,20.935614564584114
./csi-dataset/uva-communication-28G-csi-nlos/t16x16_r2x1_test_small/10032-run00058-94.mat,-117.55201397849945,165.0,54.0,-117.73628211429377,0.16814090527571146,17.117077827453613,165.0,56.0,-131.06033561322872,0.18426813579432633,1.9999999999999472
./csi-dataset/uva-communication-28G-csi-nlos/t16x16_r2x1_test_small/10032-run00058-95.mat,-108.83348027153389,228.0,12.0,-138.0363451343292,0.10389696865367004,14.14670705795288,187.0,83.0,-125.77938829603708,29.20286486279531,74.04099257484656
./csi-dataset/uva-communication-28G-csi-nlos/t16x16_r2x1_test_small/10032-run00058-96.mat,-147.0905064579043,19.0,56.0,-147.50029723794947,0.2004175863000155,13.796533823013306,18.0,58.0,-158.42148767954362,0.4097907800451708,2.1686865230498733
./csi-dataset/uva-communication-28G-csi-nlos/t16x16_r2x1_test_small/10032-run00058-97.mat,-155.18035828274225,332.0,84.0,-155.44769815572417,0.14287118419504885,0.3161327838897705,332.0,82.0,-159.81979361894028,0.2673398729819212,2.0000000000003118
./csi-dataset/uva-communication-28G-csi-nlos/t16x16_r2x1_test_small/10032-run00058-98.mat,-127.5879717687486,3.0,59.0,-127.61777073104199,0.02466942894063684,14.916330337524414,3.0,59.0,-141.5334113140821,0.02979896229338408,0.0
./csi-dataset/uva-communication-28G-csi-nlos/t16x16_r2x1_test_small/10032-run00058-99.mat,-135.39998155732914,10.0,38.0,-135.73015903000004,0.013700655573276044,14.839118719100952,12.0,38.0,-149.5807417723069,0.33017747267089703,1.2312841306365645
./csi-dataset/uva-communication-28G-csi-nlos/t16x16_r2x1_test_small/10032-run00059-1.mat,-106.97774981125096,273.0,55.0,-107.10502157068217,0.08807387668886912,14.146753311157227,273.0,55.0,-119.49590821822102,0.12727175943120983,0.0
./csi-dataset/uva-communication-28G-csi-nlos/t16x16_r2x1_test_small/10032-run00059-2.mat,-116.32733310796836,246.0,74.0,-117.33956980702436,-0.03967576337338974,14.867552042007446,245.0,77.0,-130.08824868714728,1.0122366990560039,3.152308873325913
./csi-dataset/uva-communication-28G-csi-nlos/t16x16_r2x1_test_small/10032-run00059-3.mat,-108.20437519495624,344.0,51.0,-108.46174435095497,0.11346091957490612,9.350965023040771,344.0,52.0,-122.11450206012921,0.257369155998731,0.9999999999999002
./csi-dataset/uva-communication-28G-csi-nlos/t16x16_r2x1_test_small/10032-run00059-4.mat,-111.7306832541014,209.0,58.0,-112.04781071665664,0.08821060018329652,12.474522590637207,208.0,58.0,-125.80919524949942,0.3171274625552485,0.8480450734742283
