csi_path,max_rss,gt_phi,gt_theta,rss,2ace_quality,2ace_running_time,2ace_phi,2ace_theta,rss_at_gt,loss,angle_error
./csi-dataset/homeoffice-communication-28G-csi-nlos/t16x16_r2x1_test_small/seed1005-epoch21-100.mat,-100.7107008279212,305.0,16.0,-101.12684989440979,0.06889516801389262,15.48914384841919,303.0,17.0,-111.04772516367308,0.4161490664885861,1.1499306616029856
./csi-dataset/homeoffice-communication-28G-csi-nlos/t16x16_r2x1_test_small/seed1005-epoch21-25.mat,-97.06782408795988,326.0,47.0,-146.42071909721238,-0.265194575969083,16.44584321975708,81.0,50.0,-111.94392665239745,49.35289500925251,78.3689673185601
./csi-dataset/homeoffice-communication-28G-csi-nlos/t16x16_r2x1_test_small/seed1005-epoch21-26.mat,-88.76360902776199,196.0,61.0,-89.38233881800798,-0.15472674069073045,12.910629749298096,195.0,63.0,-104.37412722926604,0.6187297902459932,2.186194360599835
./csi-dataset/homeoffice-communication-28G-csi-nlos/t16x16_r2x1_test_small/seed1005-epoch21-27.mat,-93.01828696006098,234.0,48.0,-93.40591793078178,0.06165008386262916,13.401516914367676,234.0,47.0,-106.76741266259582,0.38763097072080654,0.9999999999999002
./csi-dataset/homeoffice-communication-28G-csi-nlos/t16x16_r2x1_test_small/seed1005-epoch21-28.mat,-88.78182081337003,87.0,46.0,-88.80738413312082,-0.23041694109421895,15.996325969696045,87.0,46.0,-100.5493486053347,0.025563319750787628,1.2074182697257333e-06
./csi-dataset/homeoffice-communication-28G-csi-nlos/t16x16_r2x1_test_small/seed1005-epoch21-29.mat,-89.69346690559654,125.0,48.0,-89.76524418221275,-0.18157711577611058,14.249367237091064,125.0,49.0,-103.70091249765369,0.07177727661621702,0.9999999999999002
./csi-dataset/homeoffice-communication-28G-csi-nlos/t16x16_r2x1_test_small/seed1005-epoch21-30.mat,-91.83079836654612,61.0,88.0,-143.10734543970509,-0.13493469436807848,17.949654579162598,223.0,36.0,-108.75356700462825,51.276547073158966,122.03533536882021
./csi-dataset/homeoffice-communication-28G-csi-nlos/t16x16_r2x1_test_small/seed1005-epoch21-31.mat,-95.87692878873702,54.0,36.0,-95.958232069473,0.1899327618432195,11.79945158958435,54.0,36.0,-107.80197512938066,0.08130328073598037,0.0
./csi-dataset/homeoffice-communication-28G-csi-nlos/t16x16_r2x1_test_small/seed1005-epoch21-32.mat,-93.68561322717632,183.0,68.0,-93.9813973221081,-0.34333299658756333,15.183284282684326,182.0,69.0,-108.03656695717932,0.2957840949317756,1.3658849490661769
./csi-dataset/homeoffice-communication-28G-csi-nlos/t16x16_r2x1_test_small/seed1005-epoch21-33.mat,-89.74961766564911,346.0,62.0,-89.96801284809695,0.10734132515580097,15.590315341949463,347.0,61.0,-106.894747440817,0.21839518244783562,1.331269360021279
./csi-dataset/homeoffice-communication-28G-csi-nlos/t16x16_r2x1_test_small/seed1005-epoch21-34.mat,-95.28222662880508,171.0,30.0,-95.86624675946395,-0.01742628166455673,13.873228549957275,169.0,30.0,-110.88203408516642,0.584020130658871,0.9999619220975048
./csi-dataset/homeoffice-communication-28G-csi-nlos/t16x16_r2x1_test_small/seed1005-epoch21-35.mat,-88.74489807205433,184.0,69.0,-88.72366510627484,-0.39958927716507464,13.434975147247314,185.0,70.0,-103.37355303779397,-0.021232965779489632,1.3701534390589136
./csi-dataset/homeoffice-communication-28G-csi-nlos/t16x16_r2x1_test_small/seed1005-epoch21-36.mat,-81.38068581449951,75.0,29.0,-81.40201710940545,-0.3869411119173669,13.906702756881714,76.0,29.0,-94.86589946541308,0.021331294905934328,0.48480491312908847
./csi-dataset/homeoffice-communication-28G-csi-nlos/t16x16_r2x1_test_small/seed1005-epoch21-38.mat,-96.85501472080236,273.0,22.0,-97.72938051814684,0.017210155884308742,13.699316263198853,270.0,21.0,-111.76073442751068,0.8743657973444812,1.4859493050327721
./csi-dataset/homeoffice-communication-28G-csi-nlos/t16x16_r2x1_test_small/seed1005-epoch21-39.mat,-83.0454552028629,163.0,58.0,-83.00739526719775,-0.17043800162723155,14.679685354232788,163.0,58.0,-95.65331451818763,-0.03805993566514587,0.0
./csi-dataset/homeoffice-communication-28G-csi-nlos/t16x16_r2x1_test_small/seed1005-epoch21-40.mat,-86.87986679193018,173.0,28.0,-127.02327813598484,-0.019964485867411064,14.567036628723145,123.0,39.0,-107.82356769090795,40.143411344054655,28.825820513802405
./csi-dataset/homeoffice-communication-28G-csi-nlos/t16x16_r2x1_test_small/seed1005-epoch21-41.mat,-99.16516335821797,123.0,89.0,-140.16709355828405,-0.10704815563241521,13.71167278289795,202.0,61.0,-115.40528366972552,41.001930200066084,79.90266202783248
./csi-dataset/homeoffice-communication-28G-csi-nlos/t16x16_r2x1_test_small/seed1005-epoch21-42.mat,-83.2817259477563,319.0,49.0,-122.4343761848232,-0.4415679764094389,14.96333122253418,183.0,29.0,-97.48254304978141,39.152650237066894,71.90445139058463
./csi-dataset/homeoffice-communication-28G-csi-nlos/t16x16_r2x1_test_small/seed1005-epoch21-43.mat,-91.837043939204,76.0,42.0,-91.79552748788679,0.09959852366246125,14.672546863555908,76.0,43.0,-107.62317965450777,-0.04151645131720727,0.9999999999999002
./csi-dataset/homeoffice-communication-28G-csi-nlos/t16x16_r2x1_test_small/seed1005-epoch21-44.mat,-90.8231697971442,219.0,69.0,-94.82387395004169,0.05367500768875666,15.263224363327026,216.0,69.0,-103.73108894713717,4.000704152897484,2.8007001816330503
./csi-dataset/homeoffice-communication-28G-csi-nlos/t16x16_r2x1_test_small/seed1005-epoch21-45.mat,-92.7836790250327,184.0,79.0,-92.99178213211371,-0.36241075050042304,16.504825353622437,185.0,85.0,-108.80785945460286,0.20810310708101554,6.081092080763363
./csi-dataset/homeoffice-communication-28G-csi-nlos/t16x16_r2x1_test_small/seed1005-epoch21-46.mat,-90.4017249809296,182.0,74.0,-129.98785428687918,-0.0487262167643947,13.624642610549927,243.0,55.0,-104.24472172700672,39.586129305949584,57.32673283522033
./csi-dataset/homeoffice-communication-28G-csi-nlos/t16x16_r2x1_test_small/seed1005-epoch21-47.mat,-95.54606359575487,80.0,28.0,-98.09710695979119,-0.21395590776085371,13.159081220626831,97.0,38.0,-108.53042567636373,2.5510433640363175,13.546956711237673
./csi-dataset/homeoffice-communication-28G-csi-nlos/t16x16_r2x1_test_small/seed1005-epoch21-48.mat,-94.50855204180066,30.0,22.0,-97.76659161787258,-0.08757180157399036,16.575315713882446,72.0,33.0,-108.63649629525358,3.2580395760719227,21.686105352425425
./csi-dataset/homeoffice-communication-28G-csi-nlos/t16x16_r2x1_test_small/seed1005-epoch21-49.mat,-100.92720004686694,249.0,42.0,-143.92226664602572,0.1413253379038809,12.023340702056885,311.0,73.0,-127.01096673079134,42.995066599158775,58.82284054467816
./csi-dataset/homeoffice-communication-28G-csi-nlos/t16x16_r2x1_test_small/seed1005-epoch21-50.mat,-89.19065000834458,99.0,11.0,-124.57827978383719,-0.06438895253017418,15.81408429145813,29.0,50.0,-107.58449850052763,35.38762977549261,47.08049163503161
./csi-dataset/homeoffice-communication-28G-csi-nlos/t16x16_r2x1_test_small/seed1005-epoch21-51.mat,-97.14268027039958,163.0,62.0,-97.45205636399218,0.11091013989010601,11.842847347259521,163.0,61.0,-108.46684106343082,0.3093760935926042,0.9999999999999002
./csi-dataset/homeoffice-communication-28G-csi-nlos/t16x16_r2x1_test_small/seed1005-epoch21-52.mat,-101.1694633786734,344.0,39.0,-128.2440810108844,0.12835336482413595,11.60673189163208,297.0,27.0,-114.71651628362557,27.074617632211,27.46499303235004
./csi-dataset/homeoffice-communication-28G-csi-nlos/t16x16_r2x1_test_small/seed1005-epoch21-54.mat,-92.04631384396566,29.0,69.0,-92.17574549445472,-0.4214956322034171,14.399535179138184,29.0,72.0,-103.69903948386026,0.12943165048905314,3.0000000000000444
./csi-dataset/homeoffice-communication-28G-csi-nlos/t16x16_r2x1_test_small/seed1005-epoch21-55.mat,-92.65694856264032,5.0,32.0,-93.1323136517064,0.24136147486578952,14.11842966079712,3.0,31.0,-106.81967184432503,0.47536508906607366,1.4462673401904567
./csi-dataset/homeoffice-communication-28G-csi-nlos/t16x16_r2x1_test_small/seed1005-epoch21-56.mat,-88.49694129198802,238.0,44.0,-89.03130825911578,0.184568726132458,11.115941286087036,238.0,43.0,-100.30180750867328,0.5343669671277524,1.0000000000002647
./csi-dataset/homeoffice-communication-28G-csi-nlos/t16x16_r2x1_test_small/seed1005-epoch21-58.mat,-98.89210020404984,205.0,67.0,-99.24447180551138,0.18190496316527127,13.569770336151123,207.0,67.0,-114.45661947065689,0.3523716014615417,1.8409954357400784
./csi-dataset/homeoffice-communication-28G-csi-nlos/t16x16_r2x1_test_small/seed1005-epoch21-59.mat,-94.90420646636704,281.0,55.0,-136.33679408297712,0.3297870744850735,11.225443840026855,246.0,32.0,-111.37778949802957,41.43258761661008,32.64791222608239
./csi-dataset/homeoffice-communication-28G-csi-nlos/t16x16_r2x1_test_small/seed1005-epoch21-60.mat,-92.40614487851865,178.0,74.0,-132.77842099930834,-0.33225040243326154,13.829123735427856,339.0,34.0,-109.51861334851081,40.37227612078969,106.24418374009905
./csi-dataset/homeoffice-communication-28G-csi-nlos/t16x16_r2x1_test_small/seed1005-epoch21-61.mat,-88.59156809052187,195.0,78.0,-88.58825726114452,-0.3556852711414107,12.698143482208252,195.0,80.0,-101.05191182089975,-0.0033108293773551623,1.9999999999999472
./csi-dataset/homeoffice-communication-28G-csi-nlos/t16x16_r2x1_test_small/seed1005-epoch21-62.mat,-92.52807658227556,185.0,74.0,-93.38919450948706,0.05063790059402651,16.771623373031616,185.0,84.0,-108.53610590527947,0.8611179272114953,10.000000000000012
./csi-dataset/homeoffice-communication-28G-csi-nlos/t16x16_r2x1_test_small/seed1005-epoch21-63.mat,-84.32502535554981,67.0,22.0,-137.42398883343353,0.06409272707515634,17.538881301879883,170.0,36.0,-102.34465572802097,53.098963477883714,45.526771532888226
./csi-dataset/homeoffice-communication-28G-csi-nlos/t16x16_r2x1_test_small/seed1005-epoch21-64.mat,-102.31383879856912,340.0,27.0,-117.90672982069779,0.03620389050746642,11.09788727760315,47.0,57.0,-115.07734426649637,15.592891022128669,50.65064619599881
./csi-dataset/homeoffice-communication-28G-csi-nlos/t16x16_r2x1_test_small/seed1005-epoch21-65.mat,-97.57675851297284,19.0,67.0,-98.85216169887872,0.159239839184381,13.104366540908813,17.0,66.0,-110.63053764614352,1.2754031859058728,2.0889730898180483
./csi-dataset/homeoffice-communication-28G-csi-nlos/t16x16_r2x1_test_small/seed1005-epoch21-66.mat,-94.27443015791803,144.0,64.0,-94.68257032205989,-0.19039042075874968,14.406995058059692,145.0,62.0,-107.81594679552313,0.40814016414185517,2.1894622783898514
./csi-dataset/homeoffice-communication-28G-csi-nlos/t16x16_r2x1_test_small/seed1005-epoch21-67.mat,-94.77817413439809,101.0,38.0,-95.06495037995839,0.22094509967716724,10.240039587020874,103.0,38.0,-105.17838705349828,0.28677624556030423,1.2312841306365645
./csi-dataset/homeoffice-communication-28G-csi-nlos/t16x16_r2x1_test_small/seed1005-epoch21-68.mat,-90.02637869683599,302.0,48.0,-90.57840081703795,0.22694612030860972,13.189680099487305,301.0,49.0,-104.23695134443115,0.5520221202019542,1.2493521292385588
./csi-dataset/homeoffice-communication-28G-csi-nlos/t16x16_r2x1_test_small/seed1005-epoch21-69.mat,-99.5169934194506,180.0,36.0,-100.8438737627276,0.11284808251056311,14.43265962600708,180.0,34.0,-113.13884640026583,1.326880343276997,2.0000000000001297
./csi-dataset/homeoffice-communication-28G-csi-nlos/t16x16_r2x1_test_small/seed1005-epoch21-70.mat,-87.65837323209622,268.0,27.0,-128.33111280434363,0.06957641565965644,14.750708818435669,2.0,59.0,-106.66556713393351,40.67273957224741,64.42089426937075
./csi-dataset/homeoffice-communication-28G-csi-nlos/t16x16_r2x1_test_small/seed1005-epoch21-71.mat,-95.41983209623464,183.0,17.0,-95.73110539075523,-0.4208346726769068,14.959850072860718,182.0,16.0,-107.57753505443549,0.31127329452058916,1.0395146820826229
./csi-dataset/homeoffice-communication-28G-csi-nlos/t16x16_r2x1_test_small/seed1005-epoch21-72.mat,-92.71902771980638,311.0,87.0,-93.02846550855105,0.3335004122294286,10.623783826828003,311.0,81.0,-102.79382175785706,0.309437788744674,6.000000000000026
./csi-dataset/homeoffice-communication-28G-csi-nlos/t16x16_r2x1_test_small/seed1005-epoch21-73.mat,-91.79123308141229,356.0,65.0,-92.09721705825157,-0.4298677949829264,14.845629215240479,357.0,63.0,-105.22893781455771,0.30598397683928624,2.192643660932905
./csi-dataset/homeoffice-communication-28G-csi-nlos/t16x16_r2x1_test_small/seed1005-epoch21-74.mat,-91.0664712785219,145.0,50.0,-91.06541249873915,0.07165380949040434,15.549843311309814,145.0,50.0,-102.50736675494693,-0.0010587797827525947,0.0
./csi-dataset/homeoffice-communication-28G-csi-nlos/t16x16_r2x1_test_small/seed1005-epoch21-75.mat,-93.69043218966966,153.0,18.0,-93.91591261851816,0.3263261147094151,9.607863426208496,151.0,18.0,-105.71945776082782,0.22548042884849906,0.6180056077586904
./csi-dataset/homeoffice-communication-28G-csi-nlos/t16x16_r2x1_test_small/seed1005-epoch21-76.mat,-91.57038030917376,91.0,72.0,-104.05051008651242,0.077026200325778,13.60078477859497,93.0,56.0,-105.36553595495191,12.48012977733866,16.099538782518895
./csi-dataset/homeoffice-communication-28G-csi-nlos/t16x16_r2x1_test_small/seed1005-epoch21-77.mat,-84.73632332008097,29.0,31.0,-85.08388172970187,-0.5170169607141046,15.054806470870972,27.0,30.0,-98.46441281024053,0.3475584096209019,1.4247985077662242
./csi-dataset/homeoffice-communication-28G-csi-nlos/t16x16_r2x1_test_small/seed1005-epoch21-78.mat,-93.66555624190332,289.0,23.0,-94.12888279042295,0.24399748665703014,14.25239610671997,292.0,22.0,-107.57338118961913,0.46332654851963184,1.5222168325608583
./csi-dataset/homeoffice-communication-28G-csi-nlos/t16x16_r2x1_test_small/seed1005-epoch21-79.mat,-96.05889398667748,277.0,51.0,-132.07695979685457,-0.14851754358706204,13.216370820999146,353.0,41.0,-112.91377693534724,36.01806581017709,53.25183894112747
./csi-dataset/homeoffice-communication-28G-csi-nlos/t16x16_r2x1_test_small/seed1005-epoch21-80.mat,-97.63592150765194,192.0,62.0,-97.92379048011297,0.04943626736371032,11.00278377532959,193.0,61.0,-109.56735512154054,0.28786897246102683,1.3312693600215528
./csi-dataset/homeoffice-communication-28G-csi-nlos/t16x16_r2x1_test_small/seed1005-epoch21-81.mat,-95.42706734869684,187.0,33.0,-142.23809836127438,-0.2517487308593591,13.836389780044556,295.0,45.0,-110.43501459449432,46.811031012577544,61.70433095900164
./csi-dataset/homeoffice-communication-28G-csi-nlos/t16x16_r2x1_test_small/seed1005-epoch21-82.mat,-89.42115835013738,356.0,70.0,-89.84087730276725,0.1205243795074824,15.73767876625061,356.0,70.0,-101.72468578616879,0.41971895262987857,8.537736462515939e-07
./csi-dataset/homeoffice-communication-28G-csi-nlos/t16x16_r2x1_test_small/seed1005-epoch21-83.mat,-94.02423228185154,247.0,31.0,-94.04414969834825,0.04408269789396768,11.37528681755066,248.0,31.0,-105.35353093802618,0.019917416496710416,0.5150332718683522
./csi-dataset/homeoffice-communication-28G-csi-nlos/t16x16_r2x1_test_small/seed1005-epoch21-84.mat,-91.33357742601872,358.0,44.0,-116.84476562178965,-0.04575241896957083,13.35294485092163,9.0,71.0,-106.66250426973689,25.511188195770927,28.485357018715913
./csi-dataset/homeoffice-communication-28G-csi-nlos/t16x16_r2x1_test_small/seed1005-epoch21-85.mat,-96.32341310977505,153.0,63.0,-96.39976601496797,-0.14581982365277368,10.712517261505127,153.0,62.0,-107.74348684446136,0.0763529051929197,1.0000000000002647
./csi-dataset/homeoffice-communication-28G-csi-nlos/t16x16_r2x1_test_small/seed1005-epoch21-86.mat,-109.50567232928096,74.0,73.0,-109.74783346601345,0.16149297170615984,11.540026903152466,73.0,73.0,-118.69206951307055,0.2421611367324914,0.9563037183807047
./csi-dataset/homeoffice-communication-28G-csi-nlos/t16x16_r2x1_test_small/seed1005-epoch21-87.mat,-91.221320933066,80.0,45.0,-130.62234954455556,0.06271346610031525,14.89754867553711,292.0,48.0,-108.9468845629288,39.401028611489565,88.42347114363088
./csi-dataset/homeoffice-communication-28G-csi-nlos/t16x16_r2x1_test_small/seed1005-epoch21-88.mat,-97.22491485055713,235.0,35.0,-137.92587405870887,-0.0073234555266690204,15.587736368179321,182.0,65.0,-113.53723844958536,40.700959208151744,48.7737428205775
./csi-dataset/homeoffice-communication-28G-csi-nlos/t16x16_r2x1_test_small/seed1005-epoch21-89.mat,-94.86674357720992,320.0,36.0,-94.92186304822532,0.14098472229200165,14.339808702468872,320.0,36.0,-107.27560240948674,0.055119471015402155,0.0
./csi-dataset/homeoffice-communication-28G-csi-nlos/t16x16_r2x1_test_small/seed1005-epoch21-90.mat,-87.00408045729563,251.0,54.0,-88.22133801630208,0.04080808190013252,14.160969972610474,254.0,52.0,-103.161456064714,1.2172575590064554,3.120627675668899
./csi-dataset/homeoffice-communication-28G-csi-nlos/t16x16_r2x1_test_small/seed1005-epoch21-91.mat,-98.0025800351518,245.0,56.0,-98.43227262964515,0.058385984421643666,11.288177967071533,244.0,55.0,-111.45002455120598,0.4296925944933605,1.2958150987623782
./csi-dataset/homeoffice-communication-28G-csi-nlos/t16x16_r2x1_test_small/seed1005-epoch21-92.mat,-93.7766457182258,237.0,19.0,-122.15494515483377,0.3169807972745933,10.456961870193481,221.0,42.0,-108.61181640493747,28.378299436607975,24.207589891385318
./csi-dataset/homeoffice-communication-28G-csi-nlos/t16x16_r2x1_test_small/seed1005-epoch21-93.mat,-100.4322256008729,186.0,44.0,-100.5286038048385,0.173019197345201,15.456925392150879,186.0,45.0,-113.31963668548923,0.0963782039655996,0.9999999999999002
./csi-dataset/homeoffice-communication-28G-csi-nlos/t16x16_r2x1_test_small/seed1005-epoch21-94.mat,-90.2152306057085,170.0,33.0,-135.63398765043314,-0.2873322579781359,13.058733463287354,250.0,52.0,-106.52641778078204,45.41875704472464,53.781674913357435
./csi-dataset/homeoffice-communication-28G-csi-nlos/t16x16_r2x1_test_small/seed1005-epoch21-95.mat,-88.78068117149292,136.0,55.0,-89.06923591799136,-0.032082283891322394,15.22147536277771,135.0,55.0,-102.78036524075469,0.28855474649844837,0.8191486237155262
./csi-dataset/homeoffice-communication-28G-csi-nlos/t16x16_r2x1_test_small/seed1005-epoch21-96.mat,-86.20979640941908,17.0,20.0,-86.24532037125323,-0.3063420592054684,14.166004180908203,16.0,20.0,-99.78744914519139,0.0355239618341443,0.34201631007762345
./csi-dataset/homeoffice-communication-28G-csi-nlos/t16x16_r2x1_test_small/seed1005-epoch21-97.mat,-94.28592511152716,135.0,21.0,-94.58504425630268,-0.361473813832625,16.68067717552185,133.0,20.0,-106.02013519404895,0.29911914477551704,1.2207610087642609
./csi-dataset/homeoffice-communication-28G-csi-nlos/t16x16_r2x1_test_small/seed1005-epoch21-98.mat,-95.72530063124256,175.0,89.0,-99.82694250943909,0.013758801898612338,12.899151086807251,7.0,73.0,-108.16026556284936,4.101641878196531,158.46010465170187
./csi-dataset/homeoffice-communication-28G-csi-nlos/t16x16_r2x1_test_small/seed1347-epoch49-1.mat,-87.70568603859688,313.0,47.0,-88.62959901555413,-0.05681779041807755,14.542073965072632,316.0,46.0,-103.03976390016429,0.9239129769572543,2.3946929125743956
./csi-dataset/homeoffice-communication-28G-csi-nlos/t16x16_r2x1_test_small/seed1347-epoch49-10.mat,-91.87482081991568,119.0,25.0,-91.97708591148941,-0.3250172932217599,15.014020442962646,118.0,25.0,-106.6568768650699,0.10226509157372732,0.4226138557445499
./csi-dataset/homeoffice-communication-28G-csi-nlos/t16x16_r2x1_test_small/seed1347-epoch49-100.mat,-87.20781166792257,170.0,69.0,-87.35158536061729,-0.024582068248847566,11.092340230941772,170.0,68.0,-100.07421899525811,0.1437736926947224,1.0000000000002647
./csi-dataset/homeoffice-communication-28G-csi-nlos/t16x16_r2x1_test_small/seed1347-epoch49-11.mat,-89.74268734146739,183.0,61.0,-89.72128813441233,-0.013548739610976357,11.859159231185913,184.0,62.0,-101.0790868171968,-0.021399207055054603,1.3312693600215528
./csi-dataset/homeoffice-communication-28G-csi-nlos/t16x16_r2x1_test_small/seed1347-epoch49-12.mat,-81.88213121213198,214.0,10.0,-81.88714751418304,-0.16044445785819184,15.184515237808228,216.0,10.0,-93.79682111155459,0.005016302051060961,0.347279255109878
./csi-dataset/homeoffice-communication-28G-csi-nlos/t16x16_r2x1_test_small/seed1347-epoch49-13.mat,-104.61987629786876,351.0,57.0,-105.11042465120367,0.2162479005199034,11.940946340560913,352.0,55.0,-117.74001105351712,0.49054835333491553,2.1649787038774506
./csi-dataset/homeoffice-communication-28G-csi-nlos/t16x16_r2x1_test_small/seed1347-epoch49-14.mat,-95.43773623318006,350.0,65.0,-123.74354904460675,0.23772350576280155,12.728664636611938,302.0,32.0,-111.03674868681765,28.30581281142669,47.17480084809716
./csi-dataset/homeoffice-communication-28G-csi-nlos/t16x16_r2x1_test_small/seed1347-epoch49-15.mat,-99.64555658416376,312.0,56.0,-145.6105186539482,0.15691723247987632,13.934937715530396,250.0,86.0,-115.24365555195436,45.964962069784434,64.70564453648826
./csi-dataset/homeoffice-communication-28G-csi-nlos/t16x16_r2x1_test_small/seed1347-epoch49-16.mat,-91.58857399527244,93.0,70.0,-91.76298666785762,0.050698920252599144,16.274447917938232,93.0,68.0,-105.32442246665944,0.17441267258517712,2.0000000000001297
./csi-dataset/homeoffice-communication-28G-csi-nlos/t16x16_r2x1_test_small/seed1347-epoch49-17.mat,-91.75526662395605,352.0,43.0,-92.66578620257596,0.17043156381188707,11.830112934112549,351.0,43.0,-106.0317724832855,0.9105195786199118,0.6819937299987878
./csi-dataset/homeoffice-communication-28G-csi-nlos/t16x16_r2x1_test_small/seed1347-epoch49-18.mat,-97.23862480100512,256.0,67.0,-98.66508088603992,-0.09054252656579398,15.466002464294434,256.0,74.0,-112.19045299543609,1.4264560850348005,6.99999999999992
./csi-dataset/homeoffice-communication-28G-csi-nlos/t16x16_r2x1_test_small/seed1347-epoch49-19.mat,-95.86810554565878,342.0,70.0,-112.26963355958628,0.15110675544331997,11.665044069290161,141.0,71.0,-109.55162000060062,16.401528013927503,135.90050085145091
./csi-dataset/homeoffice-communication-28G-csi-nlos/t16x16_r2x1_test_small/seed1347-epoch49-2.mat,-93.17308589411522,247.0,13.0,-126.79237405935025,0.03314872385155332,12.209828615188599,209.0,52.0,-112.5101520479739,33.619288165235034,42.30537703731893
./csi-dataset/homeoffice-communication-28G-csi-nlos/t16x16_r2x1_test_small/seed1347-epoch49-20.mat,-100.78628136255637,181.0,58.0,-101.00736575158757,0.23321436550689,9.779475450515747,181.0,57.0,-112.89116876138621,0.22108438903120486,0.9999999999999002
./csi-dataset/homeoffice-communication-28G-csi-nlos/t16x16_r2x1_test_small/seed1347-epoch49-21.mat,-96.4420578902182,175.0,58.0,-96.68085148348864,0.35236554937459486,9.793193578720093,174.0,58.0,-108.53642367241947,0.2387935932704437,0.8480450734750878
./csi-dataset/homeoffice-communication-28G-csi-nlos/t16x16_r2x1_test_small/seed1347-epoch49-22.mat,-98.2594966235281,3.0,35.0,-102.45645466372258,-0.9181843828949798,11.210676193237305,291.0,22.0,-110.58501154861437,4.196958040194488,34.319988919851106
./csi-dataset/homeoffice-communication-28G-csi-nlos/t16x16_r2x1_test_small/seed1347-epoch49-23.mat,-98.38263897411458,164.0,82.0,-99.65961453230565,0.07887275542491567,11.981971263885498,247.0,59.0,-108.18298843019811,1.2769755581910687,79.91405355589902
./csi-dataset/homeoffice-communication-28G-csi-nlos/t16x16_r2x1_test_small/seed1347-epoch49-24.mat,-97.6589182318287,68.0,57.0,-133.84350806120426,-0.8653060910393393,15.3906729221344,225.0,38.0,-118.4442129752291,36.18458982937557,92.64281360923499
./csi-dataset/homeoffice-communication-28G-csi-nlos/t16x16_r2x1_test_small/seed1347-epoch49-25.mat,-96.78946663177835,161.0,53.0,-97.47634382632458,-0.8574483286786718,14.40170931816101,160.0,55.0,-111.24538195476273,0.6868771945462271,2.1573898682074057
./csi-dataset/homeoffice-communication-28G-csi-nlos/t16x16_r2x1_test_small/seed1347-epoch49-26.mat,-91.86166531434118,314.0,47.0,-117.09832233142433,-0.03880556566471682,12.482139348983765,183.0,65.0,-105.88250475637471,25.236657017083147,98.43177672118222
./csi-dataset/homeoffice-communication-28G-csi-nlos/t16x16_r2x1_test_small/seed1347-epoch49-27.mat,-74.47257137771375,348.0,29.0,-74.51650494567757,-0.0020482397417491693,16.024462699890137,348.0,29.0,-86.9953036505129,0.04393356796381909,0.0
./csi-dataset/homeoffice-communication-28G-csi-nlos/t16x16_r2x1_test_small/seed1347-epoch49-28.mat,-86.73909287011148,183.0,63.0,-86.81100055381206,0.33377538029485043,10.88742733001709,183.0,65.0,-99.81772700836399,0.0719076837005872,2.0000000000003118
./csi-dataset/homeoffice-communication-28G-csi-nlos/t16x16_r2x1_test_small/seed1347-epoch49-29.mat,-91.10918269136704,180.0,74.0,-138.79359666975262,0.2613046415011441,14.575344562530518,62.0,81.0,-105.30447824511681,47.68441397838558,113.7414301781186
./csi-dataset/homeoffice-communication-28G-csi-nlos/t16x16_r2x1_test_small/seed1347-epoch49-3.mat,-97.00655072756577,131.0,29.0,-97.05360044971053,0.2694858808770786,12.105340242385864,131.0,29.0,-110.23499269217028,0.047049722144762995,8.537736462515939e-07
./csi-dataset/homeoffice-communication-28G-csi-nlos/t16x16_r2x1_test_small/seed1347-epoch49-30.mat,-95.5743798675077,242.0,69.0,-132.92017608228264,-0.2490877533498861,13.091878175735474,295.0,38.0,-111.62533453501956,37.345796214774936,51.07498902074331
./csi-dataset/homeoffice-communication-28G-csi-nlos/t16x16_r2x1_test_small/seed1347-epoch49-31.mat,-92.90178837100363,2.0,72.0,-97.7775294508698,-0.1233692242957456,13.752331495285034,18.0,89.0,-107.7933868684029,4.875741079866174,23.1515619343891
./csi-dataset/homeoffice-communication-28G-csi-nlos/t16x16_r2x1_test_small/seed1347-epoch49-32.mat,-90.55030683228736,9.0,56.0,-90.59971596845189,0.12530785321379612,15.190138101577759,8.0,56.0,-104.12082469479972,0.04940913616452747,0.8290342821480322
./csi-dataset/homeoffice-communication-28G-csi-nlos/t16x16_r2x1_test_small/seed1347-epoch49-33.mat,-102.41295320825024,227.0,46.0,-149.8753969426587,-0.07053686280543836,15.35856556892395,133.0,87.0,-115.06351450154467,47.46244373440847,90.78808416615432
./csi-dataset/homeoffice-communication-28G-csi-nlos/t16x16_r2x1_test_small/seed1347-epoch49-34.mat,-101.65258489395283,253.0,30.0,-101.97188962878413,0.3485880742638783,11.455706119537354,251.0,30.0,-111.04774289035284,0.3193047348312916,0.9999619220975048
./csi-dataset/homeoffice-communication-28G-csi-nlos/t16x16_r2x1_test_small/seed1347-epoch49-35.mat,-83.22982421636618,158.0,63.0,-113.32451992211773,-0.028275861438694205,16.301430463790894,144.0,89.0,-101.71539564861303,30.094695705751548,29.269298898412192
./csi-dataset/homeoffice-communication-28G-csi-nlos/t16x16_r2x1_test_small/seed1347-epoch49-36.mat,-92.09415613839144,169.0,22.0,-116.05178894127887,-0.11591886395563855,18.85009002685547,124.0,35.0,-110.79657695805244,23.95763280288743,24.2952467716214
./csi-dataset/homeoffice-communication-28G-csi-nlos/t16x16_r2x1_test_small/seed1347-epoch49-37.mat,-101.13563938719813,332.0,86.0,-102.09631362332428,-0.0640975324356039,15.953635931015015,331.0,89.0,-113.50183167877725,0.9606742361261524,3.1619405365230757
./csi-dataset/homeoffice-communication-28G-csi-nlos/t16x16_r2x1_test_small/seed1347-epoch49-38.mat,-95.23617095680407,325.0,69.0,-106.32894944132117,0.3012434983500959,11.83821725845337,48.0,59.0,-107.67763850360394,11.092778484517098,73.61458753619858
./csi-dataset/homeoffice-communication-28G-csi-nlos/t16x16_r2x1_test_small/seed1347-epoch49-39.mat,-93.02734793355788,212.0,51.0,-93.31480225099435,0.45909580333989286,10.197300910949707,211.0,52.0,-107.08373649000691,0.2874543174364703,1.2698127585966896
./csi-dataset/homeoffice-communication-28G-csi-nlos/t16x16_r2x1_test_small/seed1347-epoch49-4.mat,-96.13639000711213,352.0,43.0,-96.44145964984675,-0.12260562471645509,11.957625150680542,351.0,44.0,-108.2081073743315,0.30506964273462245,1.2139907717965486
./csi-dataset/homeoffice-communication-28G-csi-nlos/t16x16_r2x1_test_small/seed1347-epoch49-40.mat,-96.19868932595482,300.0,23.0,-96.26274673974692,0.2682802063164671,9.878557920455933,300.0,24.0,-109.85634227594284,0.06405741379209928,0.9999999999999002
./csi-dataset/homeoffice-communication-28G-csi-nlos/t16x16_r2x1_test_small/seed1347-epoch49-41.mat,-92.17868835321715,177.0,67.0,-92.26009872913431,-0.22490063668487914,13.946374654769897,177.0,66.0,-104.21465390159813,0.08141037591715872,1.0000000000002647
./csi-dataset/homeoffice-communication-28G-csi-nlos/t16x16_r2x1_test_small/seed1347-epoch49-42.mat,-76.70883153598757,311.0,52.0,-77.09485815784059,0.13151749090384723,15.501770496368408,310.0,52.0,-90.26587085744711,0.38602662185301995,0.7880069624891246
./csi-dataset/homeoffice-communication-28G-csi-nlos/t16x16_r2x1_test_small/seed1347-epoch49-43.mat,-82.53401958668682,352.0,48.0,-82.88884018693516,-0.09171130893594714,16.053256273269653,352.0,47.0,-97.64491681273074,0.3548206002483312,0.9999999999999002
./csi-dataset/homeoffice-communication-28G-csi-nlos/t16x16_r2x1_test_small/seed1347-epoch49-44.mat,-91.52401316104758,191.0,64.0,-92.5249480496604,-0.05085155701541311,12.684558391571045,192.0,61.0,-105.10000893894266,1.000934888612818,3.128331509149952
./csi-dataset/homeoffice-communication-28G-csi-nlos/t16x16_r2x1_test_small/seed1347-epoch49-45.mat,-97.61453850175072,319.0,19.0,-129.43315517237326,-0.1909237511977928,11.879913330078125,253.0,33.0,-112.8849906421439,31.818616670622546,30.105877157770255
./csi-dataset/homeoffice-communication-28G-csi-nlos/t16x16_r2x1_test_small/seed1347-epoch49-46.mat,-87.90767624771351,133.0,50.0,-88.1452194078711,0.18497905177768414,10.866499185562134,132.0,50.0,-99.03738638643799,0.23754316015758548,0.766040425770681
./csi-dataset/homeoffice-communication-28G-csi-nlos/t16x16_r2x1_test_small/seed1347-epoch49-47.mat,-92.42294310050566,187.0,57.0,-92.5139843230339,-0.23766484244735442,16.513749361038208,188.0,57.0,-105.37188199339879,0.09104122252823288,0.8386674103151271
./csi-dataset/homeoffice-communication-28G-csi-nlos/t16x16_r2x1_test_small/seed1347-epoch49-48.mat,-95.70669611775344,187.0,86.0,-99.41954399793218,0.2415455537787483,10.898877382278442,340.0,28.0,-110.50646299643127,3.7128478801787423,110.8358584479465
./csi-dataset/homeoffice-communication-28G-csi-nlos/t16x16_r2x1_test_small/seed1347-epoch49-49.mat,-91.82840336250707,231.0,51.0,-91.8496587855903,0.16048752444553183,10.44142460823059,231.0,51.0,-103.31534036309546,0.02125542308321826,0.0
./csi-dataset/homeoffice-communication-28G-csi-nlos/t16x16_r2x1_test_small/seed1347-epoch49-5.mat,-88.69976509829634,176.0,73.0,-88.65653612317621,0.08467930240839838,11.788032293319702,177.0,74.0,-102.01964949362578,-0.043228975120129576,1.3853894473665045
./csi-dataset/homeoffice-communication-28G-csi-nlos/t16x16_r2x1_test_small/seed1347-epoch49-50.mat,-90.09066026779108,351.0,66.0,-92.3599964343233,0.3777552100381528,11.010082721710205,348.0,66.0,-103.48786070541983,2.269336166532227,2.7405845692095623
./csi-dataset/homeoffice-communication-28G-csi-nlos/t16x16_r2x1_test_small/seed1347-epoch49-51.mat,-84.09222553958571,17.0,41.0,-84.05859368653958,0.3549198067746657,13.259638547897339,17.0,41.0,-98.48576939424979,-0.033631853046131255,8.537736462515939e-07
./csi-dataset/homeoffice-communication-28G-csi-nlos/t16x16_r2x1_test_small/seed1347-epoch49-52.mat,-93.36981334161642,154.0,43.0,-93.47353587947566,-0.15872592821617593,14.326239824295044,156.0,44.0,-106.50173761321233,0.10372253785924102,1.7014753683299277
./csi-dataset/homeoffice-communication-28G-csi-nlos/t16x16_r2x1_test_small/seed1347-epoch49-53.mat,-94.64577165368338,19.0,62.0,-94.68359015261143,-0.04280541423486062,13.83968997001648,18.0,64.0,-109.737562270558,0.037818498928047006,2.189462278389685
./csi-dataset/homeoffice-communication-28G-csi-nlos/t16x16_r2x1_test_small/seed1347-epoch49-54.mat,-90.6054408530374,137.0,25.0,-90.81652422107916,-0.31879587422009914,13.466071367263794,136.0,25.0,-103.77850449126079,0.21108336804176986,0.4226138557445499
./csi-dataset/homeoffice-communication-28G-csi-nlos/t16x16_r2x1_test_small/seed1347-epoch49-55.mat,-84.8005307570915,201.0,68.0,-85.05978635092747,-0.8205056265321746,16.388299226760864,201.0,67.0,-97.1674421283287,0.25925559383597374,0.9999999999995357
./csi-dataset/homeoffice-communication-28G-csi-nlos/t16x16_r2x1_test_small/seed1347-epoch49-56.mat,-102.82051987430546,7.0,50.0,-105.43844494991994,0.2504062308740308,10.647664070129395,356.0,89.0,-113.579813209988,2.6179250756144796,40.26407607073359
./csi-dataset/homeoffice-communication-28G-csi-nlos/t16x16_r2x1_test_small/seed1347-epoch49-57.mat,-89.9994966673768,78.0,23.0,-90.60582561739929,0.06058135305837642,12.682129383087158,76.0,22.0,-103.14288913291011,0.6063289500224869,1.2591508268892468
./csi-dataset/homeoffice-communication-28G-csi-nlos/t16x16_r2x1_test_small/seed1347-epoch49-58.mat,-91.15919684983936,356.0,56.0,-91.38772514203444,0.0368515398426581,13.582436323165894,182.0,76.0,-105.11201164761955,0.22852829219507953,131.6611514878242
./csi-dataset/homeoffice-communication-28G-csi-nlos/t16x16_r2x1_test_small/seed1347-epoch49-59.mat,-86.31425067921073,114.0,15.0,-86.41322244568214,0.26562796773870345,12.020550966262817,113.0,15.0,-98.89914599940732,0.09897176647140782,0.25881598012840523
./csi-dataset/homeoffice-communication-28G-csi-nlos/t16x16_r2x1_test_small/seed1347-epoch49-6.mat,-90.7561752807726,71.0,62.0,-91.95826192026331,-0.40930621938278233,14.303939580917358,72.0,67.0,-107.22899639728175,1.202086639490716,5.080726936901988
./csi-dataset/homeoffice-communication-28G-csi-nlos/t16x16_r2x1_test_small/seed1347-epoch49-60.mat,-84.83124216407079,164.0,55.0,-84.9853092132686,0.05790409308589184,14.612406492233276,164.0,55.0,-97.40739322924392,0.15406704919780623,0.0
./csi-dataset/homeoffice-communication-28G-csi-nlos/t16x16_r2x1_test_small/seed1347-epoch49-61.mat,-90.6401891378202,109.0,33.0,-98.19641213696882,-0.3708418269582634,13.330883026123047,334.0,55.0,-104.64127318652768,7.556222999148616,80.46956343170102
./csi-dataset/homeoffice-communication-28G-csi-nlos/t16x16_r2x1_test_small/seed1347-epoch49-62.mat,-82.63081658065701,34.0,37.0,-131.9047647881769,-0.13872498263237953,15.675345659255981,237.0,60.0,-101.28837764286115,49.27394820751988,94.6137136058894
./csi-dataset/homeoffice-communication-28G-csi-nlos/t16x16_r2x1_test_small/seed1347-epoch49-63.mat,-93.01107793429894,50.0,53.0,-93.04551012713046,0.20077511544422766,15.53826904296875,50.0,53.0,-104.02157591298398,0.03443219283151677,0.0
./csi-dataset/homeoffice-communication-28G-csi-nlos/t16x16_r2x1_test_small/seed1347-epoch49-64.mat,-96.5352014738579,172.0,29.0,-97.25694096912025,0.09376343240548446,14.690961599349976,173.0,27.0,-110.15872731475633,0.721739495262355,2.054297765048325
./csi-dataset/homeoffice-communication-28G-csi-nlos/t16x16_r2x1_test_small/seed1347-epoch49-65.mat,-95.41410467412246,185.0,65.0,-95.69326600332153,0.014265563843554263,13.227021217346191,184.0,65.0,-107.47081522598337,0.27916132919907,0.9063057324417044
./csi-dataset/homeoffice-communication-28G-csi-nlos/t16x16_r2x1_test_small/seed1347-epoch49-66.mat,-99.9869795974624,302.0,63.0,-100.30742186025995,0.014456088579942405,14.941240549087524,302.0,66.0,-114.36249121041257,0.32044226279755605,3.0000000000000444
./csi-dataset/homeoffice-communication-28G-csi-nlos/t16x16_r2x1_test_small/seed1347-epoch49-67.mat,-101.23686458382409,218.0,29.0,-128.73434523544321,0.1470316517750424,9.350024700164795,298.0,62.0,-119.39269113905708,27.497480651619128,60.991381380375856
./csi-dataset/homeoffice-communication-28G-csi-nlos/t16x16_r2x1_test_small/seed1347-epoch49-68.mat,-94.87427227272572,239.0,34.0,-107.57551378319772,0.12488395025121912,10.548387050628662,236.0,28.0,-111.10782041510834,12.701241510472002,6.194082009587445
./csi-dataset/homeoffice-communication-28G-csi-nlos/t16x16_r2x1_test_small/seed1347-epoch49-69.mat,-84.17548243182262,159.0,71.0,-85.39531450846229,-0.23296750586126613,15.180317163467407,158.0,75.0,-100.85182944773065,1.2198320766396762,4.112668371277785
./csi-dataset/homeoffice-communication-28G-csi-nlos/t16x16_r2x1_test_small/seed1347-epoch49-7.mat,-89.7008888268993,295.0,57.0,-89.73220875905356,0.1719877370016618,16.427215814590454,295.0,58.0,-103.66104402525237,0.03131993215426121,0.9999999999999002
./csi-dataset/homeoffice-communication-28G-csi-nlos/t16x16_r2x1_test_small/seed1347-epoch49-70.mat,-96.82318807541677,329.0,61.0,-97.299753863997,0.13889306168187632,12.299355030059814,329.0,64.0,-109.7785954333099,0.47656578858023124,3.0000000000000444
./csi-dataset/homeoffice-communication-28G-csi-nlos/t16x16_r2x1_test_small/seed1347-epoch49-71.mat,-91.26740818819214,203.0,19.0,-101.32977378093844,0.08383006270070725,11.543514490127563,3.0,31.0,-103.66392927412221,10.062365592746303,49.23939574599478
./csi-dataset/homeoffice-communication-28G-csi-nlos/t16x16_r2x1_test_small/seed1347-epoch49-72.mat,-92.82224692056288,0.0,61.0,-93.97753355830987,0.03569705356154318,15.304925918579102,358.0,59.0,-106.33399458031958,1.1552866377469968,2.6456217709883747
./csi-dataset/homeoffice-communication-28G-csi-nlos/t16x16_r2x1_test_small/seed1347-epoch49-73.mat,-108.60644547870815,3.0,62.0,-109.76010414178194,0.25757428723803855,10.485032558441162,1.0,60.0,-120.58090337785353,1.1536586630737844,2.6569095516643015
./csi-dataset/homeoffice-communication-28G-csi-nlos/t16x16_r2x1_test_small/seed1347-epoch49-74.mat,-108.18027295876831,256.0,55.0,-143.30492020340824,0.3047648809775042,9.031763792037964,220.0,41.0,-129.71717016483734,35.12464724463993,29.812253450248143
./csi-dataset/homeoffice-communication-28G-csi-nlos/t16x16_r2x1_test_small/seed1347-epoch49-75.mat,-90.6664903302486,154.0,47.0,-121.271781667039,0.09948023492748992,12.85008430480957,21.0,47.0,-109.84340154759188,30.605291336790387,84.2414990965872
./csi-dataset/homeoffice-communication-28G-csi-nlos/t16x16_r2x1_test_small/seed1347-epoch49-76.mat,-85.5629596353522,276.0,48.0,-129.2108559510979,-0.014980555436970633,15.051864624023438,350.0,44.0,-102.69885011935955,43.6478963157457,51.41866010633216
./csi-dataset/homeoffice-communication-28G-csi-nlos/t16x16_r2x1_test_small/seed1347-epoch49-77.mat,-90.59461422054277,27.0,67.0,-90.84756881730358,0.044256044302886544,17.331114292144775,26.0,66.0,-105.04935255961362,0.2529545967608158,1.356820668949606
./csi-dataset/homeoffice-communication-28G-csi-nlos/t16x16_r2x1_test_small/seed1347-epoch49-78.mat,-90.55447330055004,24.0,17.0,-90.73122212799588,-0.24154278072299395,13.241457223892212,23.0,18.0,-103.67299080680142,0.17674882744583442,1.0441984132281779
./csi-dataset/homeoffice-communication-28G-csi-nlos/t16x16_r2x1_test_small/seed1347-epoch49-79.mat,-87.9780782677115,211.0,43.0,-88.65255815526655,-0.12789629115742307,15.532323122024536,214.0,43.0,-103.24098568589304,0.6744798875550515,2.045870056318768
./csi-dataset/homeoffice-communication-28G-csi-nlos/t16x16_r2x1_test_small/seed1347-epoch49-8.mat,-84.73886052199988,149.0,65.0,-84.75467462503069,0.1257619395822952,13.46629786491394,149.0,65.0,-96.5198457662865,0.01581410303080588,0.0
./csi-dataset/homeoffice-communication-28G-csi-nlos/t16x16_r2x1_test_small/seed1347-epoch49-80.mat,-89.23392168269817,150.0,43.0,-121.76483683647824,0.11415331079442947,12.595776796340942,334.0,42.0,-109.18703948471747,32.53091515378007,84.9360615289995
./csi-dataset/homeoffice-communication-28G-csi-nlos/t16x16_r2x1_test_small/seed1347-epoch49-81.mat,-81.16592847239006,1.0,51.0,-82.86158810834945,0.09699178699775424,14.499547958374023,358.0,50.0,-97.04801525596325,1.6956596359593874,2.521454291826177
./csi-dataset/homeoffice-communication-28G-csi-nlos/t16x16_r2x1_test_small/seed1347-epoch49-82.mat,-91.40470843898896,255.0,17.0,-92.18645115584033,0.21893888757646562,13.675890684127808,258.0,19.0,-106.43492317262448,0.7817427168513689,2.203787452160109
./csi-dataset/homeoffice-communication-28G-csi-nlos/t16x16_r2x1_test_small/seed1347-epoch49-83.mat,-98.96660175366124,208.0,6.0,-126.70953037867775,0.18406258866154557,11.537163019180298,295.0,55.0,-112.15337043527826,27.742928625016518,54.9062798962165
./csi-dataset/homeoffice-communication-28G-csi-nlos/t16x16_r2x1_test_small/seed1347-epoch49-84.mat,-89.38573092195149,188.0,89.0,-89.65951075486929,-0.10102639245115719,12.393303155899048,187.0,89.0,-102.27033818483532,0.2737798329177963,0.9998476912906689
./csi-dataset/homeoffice-communication-28G-csi-nlos/t16x16_r2x1_test_small/seed1347-epoch49-85.mat,-92.29142621868915,14.0,32.0,-93.13312577968287,0.10563052801221906,11.72583293914795,11.0,32.0,-105.39046182842264,0.8416995609937175,1.5896271814270406
./csi-dataset/homeoffice-communication-28G-csi-nlos/t16x16_r2x1_test_small/seed1347-epoch49-86.mat,-88.8742529589755,6.0,70.0,-88.96930949123444,-0.024000188195309358,9.884764432907104,6.0,69.0,-102.4556713573464,0.09505653225893695,1.0000000000006293
./csi-dataset/homeoffice-communication-28G-csi-nlos/t16x16_r2x1_test_small/seed1347-epoch49-87.mat,-92.50948803041844,183.0,73.0,-112.67062380132833,0.009605930290116693,12.603508710861206,191.0,39.0,-107.91285651907897,20.161135770909894,34.59552855059147
./csi-dataset/homeoffice-communication-28G-csi-nlos/t16x16_r2x1_test_small/seed1347-epoch49-89.mat,-95.89706257171132,147.0,76.0,-96.02766716534498,0.19184448345107497,10.871214151382446,147.0,77.0,-105.76394369866262,0.13060459363366306,0.9999999999999002
./csi-dataset/homeoffice-communication-28G-csi-nlos/t16x16_r2x1_test_small/seed1347-epoch49-9.mat,-93.10255390651834,233.0,45.0,-135.97503909075436,0.20582147178236332,13.335083246231079,258.0,46.0,-109.7228144609694,42.87248518423603,17.788422031757733
./csi-dataset/homeoffice-communication-28G-csi-nlos/t16x16_r2x1_test_small/seed1347-epoch49-90.mat,-83.7250810911346,103.0,51.0,-124.76950932193049,-0.570562298158654,13.408680438995361,248.0,9.0,-99.60035643592823,41.04442823079589,58.53442880721773
./csi-dataset/homeoffice-communication-28G-csi-nlos/t16x16_r2x1_test_small/seed1347-epoch49-91.mat,-89.9554112649893,303.0,56.0,-90.14444454312866,0.11008137577212906,14.686522245407104,303.0,58.0,-104.54030825554403,0.18903327813936244,2.0000000000001297
./csi-dataset/homeoffice-communication-28G-csi-nlos/t16x16_r2x1_test_small/seed1347-epoch49-92.mat,-91.6022987872129,191.0,68.0,-143.14591965148014,0.06322894798730427,12.845244884490967,261.0,66.0,-106.2038081743983,51.54362086426724,63.76424443658328
./csi-dataset/homeoffice-communication-28G-csi-nlos/t16x16_r2x1_test_small/seed1347-epoch49-93.mat,-97.17719833261712,56.0,58.0,-115.0854774245141,-0.03504808710659124,9.66138744354248,40.0,40.0,-114.79550634878001,17.908279091896972,21.574583804633498
./csi-dataset/homeoffice-communication-28G-csi-nlos/t16x16_r2x1_test_small/seed1347-epoch49-94.mat,-85.9697688021028,168.0,82.0,-86.15514409275065,0.2119223225915836,10.510384321212769,168.0,81.0,-99.59639722169705,0.18537529064784053,0.9999999999995357
./csi-dataset/homeoffice-communication-28G-csi-nlos/t16x16_r2x1_test_small/seed1347-epoch49-95.mat,-96.05438430375447,54.0,62.0,-96.82172134201795,0.14975794485599792,13.070323944091797,55.0,59.0,-106.99682994158087,0.7673370382634772,3.123647718288408
./csi-dataset/homeoffice-communication-28G-csi-nlos/t16x16_r2x1_test_small/seed1347-epoch49-96.mat,-90.4389276881832,214.0,16.0,-111.53730590005571,0.02456568356061506,13.26295018196106,285.0,61.0,-108.26011799756954,21.098378211872514,57.00839185702945
./csi-dataset/homeoffice-communication-28G-csi-nlos/t16x16_r2x1_test_small/seed1347-epoch49-97.mat,-93.25287421124372,168.0,64.0,-117.25688558739645,0.11880128109540111,12.395259618759155,25.0,15.0,-111.04597820806079,24.004011376152732,76.25203378173735
./csi-dataset/homeoffice-communication-28G-csi-nlos/t16x16_r2x1_test_small/seed1347-epoch49-98.mat,-92.37116904354944,181.0,64.0,-103.92631034090908,-0.23684789896643776,14.879398345947266,192.0,60.0,-110.66260043279486,11.55514129735964,10.497441147174468
./csi-dataset/homeoffice-communication-28G-csi-nlos/t16x16_r2x1_test_small/seed1347-epoch49-99.mat,-83.98952247319755,265.0,36.0,-84.05488484823215,-0.18539295542298517,15.510361194610596,265.0,36.0,-96.62545366431046,0.06536237503459574,0.0
./csi-dataset/homeoffice-communication-28G-csi-nlos/t16x16_r2x1_test_small/seed1483-epoch6-1.mat,-87.21414245524441,24.0,63.0,-87.23511072131372,-0.007959821374287968,15.078199863433838,24.0,63.0,-99.37757229169151,0.020968266069303354,8.537736462515939e-07
./csi-dataset/homeoffice-communication-28G-csi-nlos/t16x16_r2x1_test_small/seed1483-epoch6-10.mat,-98.48372710004854,280.0,21.0,-98.64980764899974,0.024039782159409384,11.144895315170288,282.0,20.0,-110.05853888825652,0.16608054895120006,1.2207610087642609
./csi-dataset/homeoffice-communication-28G-csi-nlos/t16x16_r2x1_test_small/seed1483-epoch6-100.mat,-86.6038542153104,28.0,12.0,-90.8613006533375,0.02922385245035597,14.271004915237427,282.0,46.0,-100.90907329778624,4.257446438027088,50.33822799654507
./csi-dataset/homeoffice-communication-28G-csi-nlos/t16x16_r2x1_test_small/seed1483-epoch6-11.mat,-93.37779399357048,313.0,14.0,-93.72403471440879,-0.032677598623609194,13.424101829528809,309.0,14.0,-105.98502826768636,0.3462407208383098,0.9675025727591566
./csi-dataset/homeoffice-communication-28G-csi-nlos/t16x16_r2x1_test_small/seed1483-epoch6-12.mat,-100.83071478337384,9.0,67.0,-103.63740565949969,-0.4814104443278082,14.241608142852783,6.0,70.0,-114.32974058340537,2.806690876125856,4.097345913769838
./csi-dataset/homeoffice-communication-28G-csi-nlos/t16x16_r2x1_test_small/seed1483-epoch6-13.mat,-92.37792653253274,173.0,64.0,-93.34145598659758,0.10711470083287211,12.02463173866272,172.0,61.0,-108.01771646538253,0.9635294540648403,3.1283315091500685
./csi-dataset/homeoffice-communication-28G-csi-nlos/t16x16_r2x1_test_small/seed1483-epoch6-14.mat,-109.03174896086313,206.0,66.0,-148.1132277966327,0.04695433669819726,10.302143096923828,141.0,56.0,-125.73959927271532,39.08147883576959,56.8029668571417
./csi-dataset/homeoffice-communication-28G-csi-nlos/t16x16_r2x1_test_small/seed1483-epoch6-15.mat,-101.08222129984853,5.0,69.0,-103.3385225529658,0.17018537377690057,12.136151552200317,340.0,89.0,-113.49523431235826,2.2563012531172717,31.54421205757345
./csi-dataset/homeoffice-communication-28G-csi-nlos/t16x16_r2x1_test_small/seed1483-epoch6-17.mat,-100.41303127005334,74.0,45.0,-100.78688630920304,0.07843751221803108,10.97626781463623,76.0,45.0,-112.4469607965625,0.37385503914970286,1.414177660951948
./csi-dataset/homeoffice-communication-28G-csi-nlos/t16x16_r2x1_test_small/seed1483-epoch6-18.mat,-99.30349773124468,255.0,31.0,-100.34190540690344,0.015945032876366283,14.4677894115448,252.0,30.0,-111.2194555304909,1.0384076756587604,1.8213719696237394
./csi-dataset/homeoffice-communication-28G-csi-nlos/t16x16_r2x1_test_small/seed1483-epoch6-19.mat,-94.5210966746588,303.0,59.0,-97.58806422094102,-0.04062953424728177,15.288886785507202,300.0,57.0,-111.35573140377019,3.066967546282214,3.23586581680694
./csi-dataset/homeoffice-communication-28G-csi-nlos/t16x16_r2x1_test_small/seed1483-epoch6-2.mat,-90.82290013299615,323.0,55.0,-92.13662658269307,0.014825141945031706,14.389654159545898,308.0,41.0,-104.11555321288374,1.3137264496969152,17.827257952504038
./csi-dataset/homeoffice-communication-28G-csi-nlos/t16x16_r2x1_test_small/seed1483-epoch6-20.mat,-106.50765841028864,21.0,42.0,-106.55917963566837,-0.1495886105681281,12.013463735580444,21.0,43.0,-118.29917476624465,0.05152122537973014,0.9999999999999002
./csi-dataset/homeoffice-communication-28G-csi-nlos/t16x16_r2x1_test_small/seed1483-epoch6-21.mat,-105.23280854096876,323.0,30.0,-105.56008847901376,0.1550930501023512,10.737993717193604,324.0,29.0,-118.37003419364935,0.32727993804499533,1.1146355706854914
./csi-dataset/homeoffice-communication-28G-csi-nlos/t16x16_r2x1_test_small/seed1483-epoch6-22.mat,-88.27788175720985,177.0,64.0,-88.5644008606759,-0.12888902673514413,12.256605625152588,177.0,63.0,-100.10866201420654,0.28651910346604836,1.0000000000002647
./csi-dataset/homeoffice-communication-28G-csi-nlos/t16x16_r2x1_test_small/seed1483-epoch6-23.mat,-92.75621369958051,316.0,47.0,-92.90448754414369,0.4342056038905827,13.368114233016968,317.0,49.0,-107.1980806449742,0.14827384456317816,2.133557000710564
./csi-dataset/homeoffice-communication-28G-csi-nlos/t16x16_r2x1_test_small/seed1483-epoch6-24.mat,-93.68781381857865,46.0,41.0,-93.93972771858623,-0.19507636731833355,14.55482292175293,45.0,41.0,-108.37424275503862,0.2519139000075796,0.6560542860149853
./csi-dataset/homeoffice-communication-28G-csi-nlos/t16x16_r2x1_test_small/seed1483-epoch6-25.mat,-109.28156161683724,8.0,40.0,-144.02524780055987,-0.04976127802939678,15.992878913879395,211.0,27.0,-122.47087565510539,34.74368618372263,65.5480887452871
./csi-dataset/homeoffice-communication-28G-csi-nlos/t16x16_r2x1_test_small/seed1483-epoch6-26.mat,-91.41996237195306,207.0,47.0,-128.33890705272938,-0.0550122879482553,16.72125792503357,322.0,27.0,-108.81079686517586,36.91894468077632,62.137969437304676
./csi-dataset/homeoffice-communication-28G-csi-nlos/t16x16_r2x1_test_small/seed1483-epoch6-27.mat,-87.61980941852507,265.0,39.0,-87.83932891893677,-0.07454765122998319,16.396295309066772,265.0,38.0,-101.53823689064174,0.21951950041170676,0.9999999999999002
./csi-dataset/homeoffice-communication-28G-csi-nlos/t16x16_r2x1_test_small/seed1483-epoch6-29.mat,-95.46580949679073,350.0,63.0,-95.48550646118494,-0.10808151425853763,17.13717007637024,351.0,64.0,-109.14102190637287,0.01969696439421398,1.3419642209978777
./csi-dataset/homeoffice-communication-28G-csi-nlos/t16x16_r2x1_test_small/seed1483-epoch6-3.mat,-91.18333778035806,18.0,80.0,-91.18984156590048,-0.3967886345811198,15.318876504898071,18.0,81.0,-103.24440492269215,0.006503785542420815,0.9999999999999002
./csi-dataset/homeoffice-communication-28G-csi-nlos/t16x16_r2x1_test_small/seed1483-epoch6-30.mat,-101.172552724759,38.0,72.0,-101.27705624942224,0.20492728985683217,14.626577854156494,39.0,75.0,-115.96135708150499,0.10450352466324375,3.1494551999667664
./csi-dataset/homeoffice-communication-28G-csi-nlos/t16x16_r2x1_test_small/seed1483-epoch6-31.mat,-94.09148007574125,309.0,36.0,-95.18425920902224,-0.03539312095427394,10.59339165687561,310.0,39.0,-108.7855656730352,1.0927791332809988,3.061056745830944
./csi-dataset/homeoffice-communication-28G-csi-nlos/t16x16_r2x1_test_small/seed1483-epoch6-32.mat,-95.6630156720682,57.0,58.0,-95.71811671203574,0.06371868462354668,11.036229610443115,57.0,59.0,-108.0178701147051,0.05510103996753912,0.9999999999999002
./csi-dataset/homeoffice-communication-28G-csi-nlos/t16x16_r2x1_test_small/seed1483-epoch6-33.mat,-82.62218990107422,270.0,65.0,-82.64433037169738,-0.10157060895075909,13.485087633132935,272.0,67.0,-96.09618579133007,0.022140470623156716,2.708812387102893
./csi-dataset/homeoffice-communication-28G-csi-nlos/t16x16_r2x1_test_small/seed1483-epoch6-34.mat,-89.21070131824321,205.0,57.0,-131.7013541010245,-0.0009026585629694495,15.673710346221924,293.0,47.0,-106.90466065621273,42.49065278278128,66.86810767874313
./csi-dataset/homeoffice-communication-28G-csi-nlos/t16x16_r2x1_test_small/seed1483-epoch6-35.mat,-99.52992958468865,203.0,62.0,-102.45869585173672,-0.18156405434239042,14.139227151870728,180.0,85.0,-113.88218756644362,2.9287662670480756,31.724983513295395
./csi-dataset/homeoffice-communication-28G-csi-nlos/t16x16_r2x1_test_small/seed1483-epoch6-36.mat,-91.25527682066216,340.0,74.0,-118.80507704560893,0.06423142435300311,13.389981746673584,202.0,52.0,-111.75697989097313,27.549800224946765,113.15509497948605
./csi-dataset/homeoffice-communication-28G-csi-nlos/t16x16_r2x1_test_small/seed1483-epoch6-37.mat,-93.80832754925888,354.0,71.0,-93.8774014480773,0.12489105247833121,11.168810844421387,355.0,70.0,-106.73461508068569,0.06907389881841652,1.3742413997790721
./csi-dataset/homeoffice-communication-28G-csi-nlos/t16x16_r2x1_test_small/seed1483-epoch6-38.mat,-112.90478666461073,222.0,27.0,-120.10540562510414,0.08822100402509458,11.552021265029907,318.0,24.0,-129.0929592477509,7.200618960493415,37.37559070300833
./csi-dataset/homeoffice-communication-28G-csi-nlos/t16x16_r2x1_test_small/seed1483-epoch6-39.mat,-94.78950193997268,178.0,65.0,-121.98637867124226,0.26276600950973694,12.721877098083496,355.0,39.0,-111.61193403354267,27.196876731269583,103.95384800338299
./csi-dataset/homeoffice-communication-28G-csi-nlos/t16x16_r2x1_test_small/seed1483-epoch6-4.mat,-103.94098690390294,139.0,72.0,-104.51031215790303,0.32505117915546666,11.240712881088257,139.0,68.0,-115.32959976172214,0.5693252540000913,4.000000000000042
./csi-dataset/homeoffice-communication-28G-csi-nlos/t16x16_r2x1_test_small/seed1483-epoch6-40.mat,-82.08088607374356,159.0,49.0,-82.47313092584312,-0.05766256724043206,13.66425108909607,158.0,50.0,-95.64550846037241,0.39224485209956583,1.2562500714928588
./csi-dataset/homeoffice-communication-28G-csi-nlos/t16x16_r2x1_test_small/seed1483-epoch6-41.mat,-84.45291329459671,234.0,33.0,-85.2089308938722,-0.06288976206622876,16.068825721740723,232.0,33.0,-97.4422652027882,0.756017599275495,1.0892391712397262
./csi-dataset/homeoffice-communication-28G-csi-nlos/t16x16_r2x1_test_small/seed1483-epoch6-42.mat,-88.94772206416306,88.0,60.0,-89.15431059173635,0.14089101794286796,13.961930751800537,88.0,59.0,-101.51292936180114,0.20658852757328816,0.9999999999999002
./csi-dataset/homeoffice-communication-28G-csi-nlos/t16x16_r2x1_test_small/seed1483-epoch6-43.mat,-91.992423801337,35.0,44.0,-114.21767917082835,0.14010641568634696,13.128061056137085,167.0,80.0,-108.33161901698216,22.22525536949135,109.44145637358189
./csi-dataset/homeoffice-communication-28G-csi-nlos/t16x16_r2x1_test_small/seed1483-epoch6-44.mat,-93.70979225666052,129.0,12.0,-94.26778767893835,0.26466256942590993,13.435711860656738,135.0,13.0,-107.66747234229243,0.557995422277827,1.637784323724741
./csi-dataset/homeoffice-communication-28G-csi-nlos/t16x16_r2x1_test_small/seed1483-epoch6-45.mat,-105.92255016549636,38.0,75.0,-106.28087752747618,-0.00011086870465204512,12.971879005432129,38.0,72.0,-120.8357728170475,0.35832736197981774,3.0000000000000444
./csi-dataset/homeoffice-communication-28G-csi-nlos/t16x16_r2x1_test_small/seed1483-epoch6-46.mat,-87.06865120461771,106.0,13.0,-87.31932659833944,0.2332257668839519,12.483668088912964,103.0,12.0,-100.83669683971992,0.2506753937217354,1.1919980247653275
./csi-dataset/homeoffice-communication-28G-csi-nlos/t16x16_r2x1_test_small/seed1483-epoch6-47.mat,-91.11456411568008,124.0,65.0,-91.2788279059929,0.019450981001649215,15.461879014968872,124.0,64.0,-103.68528607207425,0.16426379031281613,1.0000000000002647
./csi-dataset/homeoffice-communication-28G-csi-nlos/t16x16_r2x1_test_small/seed1483-epoch6-48.mat,-90.74039834942928,205.0,60.0,-136.36858411901466,0.14150074140385072,15.798382759094238,33.0,50.0,-106.01319821294241,45.62818576958537,109.6068286698309
./csi-dataset/homeoffice-communication-28G-csi-nlos/t16x16_r2x1_test_small/seed1483-epoch6-49.mat,-105.99505514305092,329.0,42.0,-106.2571978150224,0.3609205739427326,11.42146897315979,328.0,42.0,-117.82189256980212,0.2621426719714748,0.6691259159967914
./csi-dataset/homeoffice-communication-28G-csi-nlos/t16x16_r2x1_test_small/seed1483-epoch6-5.mat,-90.01268186035182,33.0,58.0,-92.66293982527259,-0.37974066006754925,15.00455617904663,36.0,55.0,-104.41136791894628,2.650257964920769,3.905706710670888
./csi-dataset/homeoffice-communication-28G-csi-nlos/t16x16_r2x1_test_small/seed1483-epoch6-50.mat,-107.89730718961394,217.0,65.0,-152.4469429740802,0.32770141687861265,13.092321634292603,166.0,74.0,-126.1424972067723,44.54963578446626,48.33664777669899
./csi-dataset/homeoffice-communication-28G-csi-nlos/t16x16_r2x1_test_small/seed1483-epoch6-51.mat,-105.06620244115676,174.0,32.0,-105.09443589806709,0.3247883233951404,11.289764165878296,175.0,33.0,-117.24523971811402,0.028233456910328414,1.1351758269281864
./csi-dataset/homeoffice-communication-28G-csi-nlos/t16x16_r2x1_test_small/seed1483-epoch6-52.mat,-90.88277224011097,270.0,46.0,-91.0717675226318,-0.31771392083393035,15.361252546310425,270.0,46.0,-105.2601184374143,0.18899528252083542,1.2074182697257333e-06
./csi-dataset/homeoffice-communication-28G-csi-nlos/t16x16_r2x1_test_small/seed1483-epoch6-53.mat,-99.22245190677806,162.0,40.0,-139.82052228855855,0.2182474962292743,13.839655876159668,61.0,47.0,-114.86262257176888,40.59807038178049,64.35837738196672
./csi-dataset/homeoffice-communication-28G-csi-nlos/t16x16_r2x1_test_small/seed1483-epoch6-54.mat,-99.65782065533894,157.0,38.0,-101.70902297486917,-0.36677068980579475,17.19648313522339,153.0,39.0,-111.95679224454965,2.0512023195302334,2.6828986966279462
./csi-dataset/homeoffice-communication-28G-csi-nlos/t16x16_r2x1_test_small/seed1483-epoch6-55.mat,-94.65835948820566,58.0,45.0,-94.67326970009181,0.05403437522698973,17.645447492599487,58.0,46.0,-108.96012970759892,0.014910211886146385,1.0000000000006293
./csi-dataset/homeoffice-communication-28G-csi-nlos/t16x16_r2x1_test_small/seed1483-epoch6-56.mat,-85.91551840375749,75.0,56.0,-131.26647600205874,-0.33758248750483344,16.07554268836975,108.0,71.0,-103.6129396811802,45.35095759830125,32.91638938074221
./csi-dataset/homeoffice-communication-28G-csi-nlos/t16x16_r2x1_test_small/seed1483-epoch6-57.mat,-98.8554530200944,165.0,70.0,-99.45619846565934,-0.05599011716389124,13.047093629837036,166.0,67.0,-112.60918607798423,0.6007454455649395,3.1409208885580586
./csi-dataset/homeoffice-communication-28G-csi-nlos/t16x16_r2x1_test_small/seed1483-epoch6-58.mat,-95.53510533236512,66.0,48.0,-96.69324051665731,0.23868712001306558,11.872779846191406,262.0,45.0,-111.91283170223748,1.1581351842921919,91.83261119704837
./csi-dataset/homeoffice-communication-28G-csi-nlos/t16x16_r2x1_test_small/seed1483-epoch6-59.mat,-91.23651833209694,34.0,60.0,-91.23739797740832,-0.14640294156087075,12.849061489105225,34.0,61.0,-106.06401968037814,0.000879645311385957,0.9999999999999002
./csi-dataset/homeoffice-communication-28G-csi-nlos/t16x16_r2x1_test_small/seed1483-epoch6-6.mat,-90.53573435774864,352.0,32.0,-91.6733431801069,0.405767025683747,15.409111738204956,348.0,33.0,-104.18099983918151,1.1376088223582599,2.369965318249043
./csi-dataset/homeoffice-communication-28G-csi-nlos/t16x16_r2x1_test_small/seed1483-epoch6-60.mat,-93.008533166033,230.0,50.0,-117.1704491112586,-0.2453347572826976,12.391466856002808,61.0,89.0,-106.80307799086123,24.1619159452256,137.78573462150962
./csi-dataset/homeoffice-communication-28G-csi-nlos/t16x16_r2x1_test_small/seed1483-epoch6-61.mat,-91.16548506260044,106.0,26.0,-91.64873981395456,-0.07372504764844501,14.362694501876831,107.0,28.0,-105.61315031221575,0.4832547513541243,2.0508145790780667
./csi-dataset/homeoffice-communication-28G-csi-nlos/t16x16_r2x1_test_small/seed1483-epoch6-62.mat,-91.32279267004044,84.0,54.0,-91.31437271801698,-0.24540908533595096,15.000488519668579,84.0,54.0,-105.2733380525024,-0.008419952023459132,8.537736462515939e-07
./csi-dataset/homeoffice-communication-28G-csi-nlos/t16x16_r2x1_test_small/seed1483-epoch6-63.mat,-86.47788029004366,33.0,69.0,-124.38626512006664,-0.5844368814080865,14.562620162963867,108.0,81.0,-103.84458937090132,37.90838483002298,72.85957287978755
./csi-dataset/homeoffice-communication-28G-csi-nlos/t16x16_r2x1_test_small/seed1483-epoch6-64.mat,-96.25405141926583,99.0,71.0,-96.31563000946046,-0.13044599370996357,11.736400842666626,99.0,72.0,-107.69769476989524,0.06157859019462819,0.9999999999999002
./csi-dataset/homeoffice-communication-28G-csi-nlos/t16x16_r2x1_test_small/seed1483-epoch6-65.mat,-87.6661357513985,37.0,48.0,-87.78269106039774,-0.26919088450308193,14.067771673202515,37.0,47.0,-101.47067512272999,0.1165553089992386,0.9999999999999002
./csi-dataset/homeoffice-communication-28G-csi-nlos/t16x16_r2x1_test_small/seed1483-epoch6-66.mat,-86.17693115191423,323.0,21.0,-86.19857370064976,-0.8631242046395495,14.066169261932373,324.0,21.0,-99.76861585858096,0.021642548735528067,0.35836398515469853
./csi-dataset/homeoffice-communication-28G-csi-nlos/t16x16_r2x1_test_small/seed1483-epoch6-67.mat,-102.21258133937562,12.0,43.0,-112.18399517903315,0.21369387326193845,8.901962995529175,358.0,54.0,-121.89233188458518,9.97141383965753,15.151540736427778
./csi-dataset/homeoffice-communication-28G-csi-nlos/t16x16_r2x1_test_small/seed1483-epoch6-68.mat,-95.96791806280784,60.0,55.0,-125.87959087769205,0.1778130507168364,12.309698581695557,147.0,18.0,-111.17150778781775,29.911672814884213,56.03049992540452
./csi-dataset/homeoffice-communication-28G-csi-nlos/t16x16_r2x1_test_small/seed1483-epoch6-69.mat,-91.65896192432596,210.0,27.0,-91.62913103116593,0.16698303609923293,10.981532335281372,211.0,27.0,-102.60465341544274,-0.02983089316003884,0.45398592513558367
./csi-dataset/homeoffice-communication-28G-csi-nlos/t16x16_r2x1_test_small/seed1483-epoch6-7.mat,-104.2984728669453,163.0,59.0,-105.51095018634106,0.08864217650565231,12.190192937850952,161.0,56.0,-117.49442538737861,1.2124773193957594,3.4414693642237086
./csi-dataset/homeoffice-communication-28G-csi-nlos/t16x16_r2x1_test_small/seed1483-epoch6-70.mat,-99.81753488133876,331.0,63.0,-100.2755501944545,0.283464558310659,11.075075387954712,331.0,63.0,-112.26032015634445,0.4580153131157374,1.2074182697257333e-06
./csi-dataset/homeoffice-communication-28G-csi-nlos/t16x16_r2x1_test_small/seed1483-epoch6-72.mat,-101.9091295369948,60.0,28.0,-144.2401519275755,0.03378724936048816,13.55938720703125,204.0,32.0,-121.05357321953241,42.33102239058071,56.80342937581777
./csi-dataset/homeoffice-communication-28G-csi-nlos/t16x16_r2x1_test_small/seed1483-epoch6-73.mat,-108.28827626355049,342.0,49.0,-120.67018684712977,0.11220706509097944,9.97724437713623,11.0,61.0,-126.43253509939109,12.381910583579284,26.441934823269328
./csi-dataset/homeoffice-communication-28G-csi-nlos/t16x16_r2x1_test_small/seed1483-epoch6-74.mat,-99.26201835864518,156.0,44.0,-102.30987201245297,-0.6707653102861089,12.152606010437012,89.0,85.0,-113.84895077598033,3.047853653807792,70.54378569896754
./csi-dataset/homeoffice-communication-28G-csi-nlos/t16x16_r2x1_test_small/seed1483-epoch6-75.mat,-93.12938855224742,82.0,67.0,-93.246577521657,0.06414148396091979,15.292610168457031,82.0,66.0,-104.91129469250393,0.11718896940958246,0.9999999999995357
./csi-dataset/homeoffice-communication-28G-csi-nlos/t16x16_r2x1_test_small/seed1483-epoch6-76.mat,-95.8658849716495,45.0,61.0,-101.53550354654065,-0.06194348981056019,14.186617374420166,45.0,74.0,-114.41308611286874,5.669618574891146,13.000000000000025
./csi-dataset/homeoffice-communication-28G-csi-nlos/t16x16_r2x1_test_small/seed1483-epoch6-77.mat,-90.89828913523904,241.0,33.0,-90.96830310642608,-0.32778906213574777,16.048275470733643,242.0,33.0,-102.80200563823169,0.07001397118703778,0.5446341727586
./csi-dataset/homeoffice-communication-28G-csi-nlos/t16x16_r2x1_test_small/seed1483-epoch6-79.mat,-87.19432296070259,179.0,52.0,-92.82632330324157,0.18943171372514767,13.53677225112915,176.0,59.0,-103.07784308286777,5.632000342538973,7.422520747309523
./csi-dataset/homeoffice-communication-28G-csi-nlos/t16x16_r2x1_test_small/seed1483-epoch6-8.mat,-90.02021906384556,3.0,84.0,-101.54494575970574,0.09909806454893777,13.660726547241211,22.0,46.0,-113.83684518264317,11.524726695860181,41.49316278490502
./csi-dataset/homeoffice-communication-28G-csi-nlos/t16x16_r2x1_test_small/seed1483-epoch6-80.mat,-98.68733478111392,72.0,39.0,-98.86142185654924,0.1821020623352917,16.316986083984375,73.0,38.0,-113.0866573566831,0.17408707543532387,1.177905754717762
./csi-dataset/homeoffice-communication-28G-csi-nlos/t16x16_r2x1_test_small/seed1483-epoch6-81.mat,-95.0724125169814,176.0,36.0,-95.2575643020365,-0.07138472659899642,15.70313572883606,176.0,35.0,-107.38669876854055,0.18515178505509766,1.0000000000002647
./csi-dataset/homeoffice-communication-28G-csi-nlos/t16x16_r2x1_test_small/seed1483-epoch6-82.mat,-91.93856362098155,30.0,46.0,-97.98682599697065,-0.4577240872477186,12.625328540802002,29.0,54.0,-110.06407505830737,6.048262375989097,8.036407605720866
./csi-dataset/homeoffice-communication-28G-csi-nlos/t16x16_r2x1_test_small/seed1483-epoch6-83.mat,-89.59311657311345,272.0,47.0,-89.85441272103668,-0.12357426124215776,14.89954948425293,271.0,47.0,-101.91213561273452,0.2612961479232325,0.7313493840043914
./csi-dataset/homeoffice-communication-28G-csi-nlos/t16x16_r2x1_test_small/seed1483-epoch6-84.mat,-89.97898245829248,3.0,38.0,-90.98190610059368,-0.16139596308273152,15.230007410049438,5.0,40.0,-105.1912470835131,1.002923642301198,2.362875928713055
./csi-dataset/homeoffice-communication-28G-csi-nlos/t16x16_r2x1_test_small/seed1483-epoch6-85.mat,-85.37958823536911,138.0,46.0,-85.87521372368587,-0.2543606815700057,16.39661145210266,137.0,45.0,-100.15604601353708,0.4956254883167617,1.2282790934639731
./csi-dataset/homeoffice-communication-28G-csi-nlos/t16x16_r2x1_test_small/seed1483-epoch6-86.mat,-99.34860906671234,261.0,60.0,-99.6044325136634,-0.3094922278312966,13.64530897140503,261.0,59.0,-114.25900059675656,0.2558234469510552,1.0000000000006293
./csi-dataset/homeoffice-communication-28G-csi-nlos/t16x16_r2x1_test_small/seed1483-epoch6-87.mat,-91.39215958948556,180.0,66.0,-91.40853614586845,-0.057939005340783556,15.289593935012817,180.0,67.0,-103.56466822283828,0.01637655638289459,0.9999999999999002
./csi-dataset/homeoffice-communication-28G-csi-nlos/t16x16_r2x1_test_small/seed1483-epoch6-89.mat,-93.93652777242916,8.0,59.0,-94.30583986081461,0.2699824005929665,10.478238821029663,9.0,60.0,-106.57056285451299,0.36931208838545615,1.3199854135091336
./csi-dataset/homeoffice-communication-28G-csi-nlos/t16x16_r2x1_test_small/seed1483-epoch6-9.mat,-89.13374865610425,21.0,54.0,-89.36880467082429,-0.2970994963990452,15.003528118133545,22.0,54.0,-103.71223776876705,0.235056014720044,0.8090134466770265
./csi-dataset/homeoffice-communication-28G-csi-nlos/t16x16_r2x1_test_small/seed1483-epoch6-90.mat,-101.86315914098172,149.0,79.0,-102.06272123321723,0.20241209188722786,12.679001808166504,150.0,77.0,-113.60772538919919,0.19956209223551014,2.2263560715369515
./csi-dataset/homeoffice-communication-28G-csi-nlos/t16x16_r2x1_test_small/seed1483-epoch6-91.mat,-87.39465179175187,58.0,34.0,-111.28372561083512,0.09021250448926665,15.010278224945068,116.0,36.0,-104.3716715399497,23.88907381908325,32.3406853960985
./csi-dataset/homeoffice-communication-28G-csi-nlos/t16x16_r2x1_test_small/seed1483-epoch6-92.mat,-101.59047933794548,43.0,40.0,-104.4438594033525,-0.04722736259994176,12.663560628890991,40.0,32.0,-114.94562130349637,2.8533800654070234,8.18994208163515
./csi-dataset/homeoffice-communication-28G-csi-nlos/t16x16_r2x1_test_small/seed1483-epoch6-93.mat,-93.64924867300974,40.0,60.0,-100.20325162639978,0.051334821441801126,12.874693393707275,76.0,27.0,-107.06184642023797,6.5540029533900395,40.21896899736252
./csi-dataset/homeoffice-communication-28G-csi-nlos/t16x16_r2x1_test_small/seed1483-epoch6-94.mat,-96.45686086555428,206.0,57.0,-96.57685887534855,-0.1668299490664733,16.123728036880493,206.0,57.0,-105.78059256080336,0.11999800979427278,0.0
./csi-dataset/homeoffice-communication-28G-csi-nlos/t16x16_r2x1_test_small/seed1483-epoch6-95.mat,-81.89511221582597,28.0,48.0,-90.63853936150099,0.06480973432682846,15.996265172958374,100.0,15.0,-99.26053040150416,8.743427145675014,45.10846809479677
./csi-dataset/homeoffice-communication-28G-csi-nlos/t16x16_r2x1_test_small/seed1483-epoch6-96.mat,-95.50419125947136,334.0,31.0,-95.66827081527394,-0.06505941435102325,11.082412958145142,156.0,54.0,-109.99461294262335,0.16407955580258715,84.98540107542082
./csi-dataset/homeoffice-communication-28G-csi-nlos/t16x16_r2x1_test_small/seed1483-epoch6-97.mat,-92.45219642439744,136.0,53.0,-93.45487509747986,0.14736971276244148,14.30677580833435,135.0,51.0,-107.50633054963518,1.0026786730824142,2.1495991360917253
./csi-dataset/homeoffice-communication-28G-csi-nlos/t16x16_r2x1_test_small/seed1483-epoch6-98.mat,-96.0072225727516,28.0,70.0,-96.28726468684525,0.08058217804139978,15.171965599060059,29.0,72.0,-108.3049021983593,0.28004211409364643,2.212211540744418
./csi-dataset/homeoffice-communication-28G-csi-nlos/t16x16_r2x1_test_small/seed1483-epoch6-99.mat,-93.99618004470486,124.0,31.0,-124.11071326165136,0.20973749255154173,11.912371158599854,172.0,43.0,-110.17200422237968,30.114533216946498,30.466243712748792
./csi-dataset/homeoffice-communication-28G-csi-nlos/t16x16_r2x1_test_small/seed222-epoch2-1.mat,-101.976800109872,235.0,63.0,-123.79697224387994,0.1192563836629359,10.454288721084595,341.0,52.0,-116.7540586595583,21.820172134007933,85.06800942204531
./csi-dataset/homeoffice-communication-28G-csi-nlos/t16x16_r2x1_test_small/seed222-epoch2-10.mat,-89.32560356424295,43.0,30.0,-89.4544632341202,-0.002412605194145101,15.11767315864563,44.0,31.0,-102.27076434357846,0.12885966987724373,1.1213952283986786
./csi-dataset/homeoffice-communication-28G-csi-nlos/t16x16_r2x1_test_small/seed222-epoch2-100.mat,-94.86061919269032,225.0,68.0,-128.29075359412545,-0.09179849692784736,14.728442192077637,65.0,60.0,-109.53573184178461,33.430134401435126,124.55776152679496
./csi-dataset/homeoffice-communication-28G-csi-nlos/t16x16_r2x1_test_small/seed222-epoch2-11.mat,-88.99338743964742,356.0,68.0,-89.3916333194779,-0.39195630997360253,11.472949504852295,356.0,69.0,-102.66224005751187,0.3982458798304833,0.9999999999999002
./csi-dataset/homeoffice-communication-28G-csi-nlos/t16x16_r2x1_test_small/seed222-epoch2-12.mat,-85.7143820272521,356.0,7.0,-133.39799746152744,0.053205102541173055,14.997708320617676,309.0,82.0,-102.80127630516236,47.68361543427534,77.26503123818983
./csi-dataset/homeoffice-communication-28G-csi-nlos/t16x16_r2x1_test_small/seed222-epoch2-13.mat,-83.78348667084781,320.0,42.0,-84.78919415418785,-0.22163975341631303,14.25233244895935,318.0,43.0,-98.76965916080962,1.0057074833400463,1.6808854257346106
./csi-dataset/homeoffice-communication-28G-csi-nlos/t16x16_r2x1_test_small/seed222-epoch2-14.mat,-84.52403743333326,0.0,58.0,-99.05478585483539,0.05647969702063638,12.469425201416016,347.0,63.0,-102.41972345149631,14.530748421502125,12.358301460787326
./csi-dataset/homeoffice-communication-28G-csi-nlos/t16x16_r2x1_test_small/seed222-epoch2-15.mat,-94.19088840182414,264.0,31.0,-95.86487272009747,-0.07467971093817694,12.407928943634033,269.0,31.0,-111.582523776869,1.6739843182733267,2.574589918296163
./csi-dataset/homeoffice-communication-28G-csi-nlos/t16x16_r2x1_test_small/seed222-epoch2-16.mat,-96.912911756577,294.0,15.0,-129.5591443952551,0.29017409703158203,14.551718711853027,57.0,40.0,-109.48727708520332,32.646232638678086,49.50867794179412
./csi-dataset/homeoffice-communication-28G-csi-nlos/t16x16_r2x1_test_small/seed222-epoch2-17.mat,-97.34994532422483,20.0,22.0,-97.83113338206581,0.15089964679988388,12.536452770233154,3.0,68.0,-112.14037114236014,0.4811880578409813,47.19684259618743
./csi-dataset/homeoffice-communication-28G-csi-nlos/t16x16_r2x1_test_small/seed222-epoch2-18.mat,-96.71297853770147,21.0,69.0,-116.80685442085218,0.12792222643641715,13.026572227478027,14.0,51.0,-114.99560628008767,20.0938758831507,18.977114906857206
./csi-dataset/homeoffice-communication-28G-csi-nlos/t16x16_r2x1_test_small/seed222-epoch2-19.mat,-99.40396177660472,10.0,57.0,-99.60952689358504,0.277543389436788,11.47691798210144,9.0,57.0,-111.77062616634286,0.2055651169803241,0.8386674103155618
./csi-dataset/homeoffice-communication-28G-csi-nlos/t16x16_r2x1_test_small/seed222-epoch2-2.mat,-76.27396355541804,94.0,43.0,-117.39917531536281,-0.040805123417500644,14.822001457214355,242.0,60.0,-95.09675396569322,41.125211759944776,97.77041752022576
./csi-dataset/homeoffice-communication-28G-csi-nlos/t16x16_r2x1_test_small/seed222-epoch2-20.mat,-86.64970697947341,26.0,53.0,-86.78897591751911,0.2653446056349825,14.565119981765747,27.0,53.0,-102.30948966710292,0.13926893804570284,0.7986318386952783
./csi-dataset/homeoffice-communication-28G-csi-nlos/t16x16_r2x1_test_small/seed222-epoch2-21.mat,-89.32475329737728,352.0,84.0,-92.37883620040986,-0.5018749542266654,14.20898151397705,351.0,71.0,-103.16728045027828,3.0540829030325796,13.036427986517827
./csi-dataset/homeoffice-communication-28G-csi-nlos/t16x16_r2x1_test_small/seed222-epoch2-22.mat,-91.79699002288598,33.0,47.0,-91.90642341608992,-0.49401991301145287,11.407872438430786,34.0,47.0,-106.67734312304178,0.1094333932039433,0.7313493840043914
./csi-dataset/homeoffice-communication-28G-csi-nlos/t16x16_r2x1_test_small/seed222-epoch2-23.mat,-92.4145397106002,279.0,57.0,-92.83477070947234,0.051111991884370656,12.660462856292725,318.0,14.0,-104.44259489502785,0.42023099887214244,46.67481182384963
./csi-dataset/homeoffice-communication-28G-csi-nlos/t16x16_r2x1_test_small/seed222-epoch2-24.mat,-92.92302821433596,14.0,64.0,-138.03020673212754,0.12897059316061554,11.838796377182007,101.0,50.0,-113.06537203518074,45.10717851779158,71.46924219270326
./csi-dataset/homeoffice-communication-28G-csi-nlos/t16x16_r2x1_test_small/seed222-epoch2-25.mat,-90.94611613631,297.0,33.0,-91.97732570413402,0.2506983931140767,13.41108751296997,301.0,32.0,-105.34917181901562,1.0312095678240212,2.369965318249197
./csi-dataset/homeoffice-communication-28G-csi-nlos/t16x16_r2x1_test_small/seed222-epoch2-26.mat,-87.23782060574898,161.0,64.0,-87.99275274796189,-0.3368220116604421,13.06843113899231,161.0,61.0,-101.2359027480748,0.7549321422129083,3.0000000000000444
./csi-dataset/homeoffice-communication-28G-csi-nlos/t16x16_r2x1_test_small/seed222-epoch2-27.mat,-86.73055230333006,10.0,20.0,-86.89793214519275,0.10677221610212106,12.122370958328247,12.0,19.0,-99.67041024010408,0.16737984186269728,1.202242026558765
./csi-dataset/homeoffice-communication-28G-csi-nlos/t16x16_r2x1_test_small/seed222-epoch2-28.mat,-97.6275346012998,285.0,62.0,-134.44630622775693,-0.0851310574914661,13.12382984161377,223.0,33.0,-112.90434585705904,36.818771626457135,51.72072707278404
./csi-dataset/homeoffice-communication-28G-csi-nlos/t16x16_r2x1_test_small/seed222-epoch2-29.mat,-83.13392372781416,342.0,53.0,-84.7167414971173,-0.2619869657327447,15.589474201202393,341.0,51.0,-98.5138469779449,1.5828177693031336,2.1495991360917253
./csi-dataset/homeoffice-communication-28G-csi-nlos/t16x16_r2x1_test_small/seed222-epoch2-3.mat,-83.30288501181573,148.0,16.0,-83.52521193550807,0.056698314002904926,15.719773054122925,145.0,16.0,-97.13914066440948,0.22232692369233575,0.8268247856096836
./csi-dataset/homeoffice-communication-28G-csi-nlos/t16x16_r2x1_test_small/seed222-epoch2-30.mat,-83.95602819562154,228.0,44.0,-84.14568059689688,-0.5268485102429334,14.487528324127197,230.0,44.0,-98.10017614804167,0.1896524012753389,1.389280240734454
./csi-dataset/homeoffice-communication-28G-csi-nlos/t16x16_r2x1_test_small/seed222-epoch2-31.mat,-94.5767301288812,177.0,89.0,-132.01709035854674,0.11252699925103693,10.907769918441772,87.0,57.0,-114.88490994049371,37.440360229665544,89.45538041438004
./csi-dataset/homeoffice-communication-28G-csi-nlos/t16x16_r2x1_test_small/seed222-epoch2-32.mat,-87.28831786868258,9.0,58.0,-126.69999447930695,0.06244731134835524,15.066605567932129,159.0,55.0,-104.11931977106917,39.41167661062437,107.3172080968805
./csi-dataset/homeoffice-communication-28G-csi-nlos/t16x16_r2x1_test_small/seed222-epoch2-33.mat,-86.05539848102478,99.0,62.0,-86.04891847318294,0.24019222948232966,16.450635194778442,99.0,63.0,-98.06692275276971,-0.006480007841844326,1.0000000000002647
./csi-dataset/homeoffice-communication-28G-csi-nlos/t16x16_r2x1_test_small/seed222-epoch2-34.mat,-82.95563464614708,300.0,16.0,-84.60382208219059,-0.012776820871589267,13.980089664459229,302.0,14.0,-99.08220637529078,1.6481874360435143,2.0656136473050704
./csi-dataset/homeoffice-communication-28G-csi-nlos/t16x16_r2x1_test_small/seed222-epoch2-35.mat,-96.79807626775148,233.0,67.0,-96.93668044204331,-0.5238442449234719,13.73287844657898,233.0,68.0,-109.28545909416289,0.13860417429182803,1.0000000000002647
./csi-dataset/homeoffice-communication-28G-csi-nlos/t16x16_r2x1_test_small/seed222-epoch2-36.mat,-83.50459416505365,346.0,65.0,-83.53940048739798,-0.11359186138162758,12.433467149734497,347.0,65.0,-98.09526824761471,0.03480632234433756,0.9063057324409002
./csi-dataset/homeoffice-communication-28G-csi-nlos/t16x16_r2x1_test_small/seed222-epoch2-37.mat,-101.77869143159732,176.0,70.0,-102.76873214230145,0.2432934316881532,13.407808542251587,175.0,76.0,-118.97164729250578,0.9900407107041218,6.075643697662582
./csi-dataset/homeoffice-communication-28G-csi-nlos/t16x16_r2x1_test_small/seed222-epoch2-38.mat,-96.41709646187256,32.0,77.0,-96.43234368266077,-0.01946531431922427,10.56534218788147,32.0,79.0,-107.24234898928938,0.01524722078821128,1.9999999999999472
./csi-dataset/homeoffice-communication-28G-csi-nlos/t16x16_r2x1_test_small/seed222-epoch2-39.mat,-88.62015424620132,186.0,63.0,-88.70181313204837,-0.01592301049688616,14.936825513839722,187.0,63.0,-102.48383982375123,0.08165888584704817,0.8910041932652336
./csi-dataset/homeoffice-communication-28G-csi-nlos/t16x16_r2x1_test_small/seed222-epoch2-4.mat,-93.32885858551462,298.0,41.0,-95.91443894204446,-0.057623471901340206,13.666478395462036,297.0,45.0,-107.51478859483205,2.5855803565298316,4.057619317492979
./csi-dataset/homeoffice-communication-28G-csi-nlos/t16x16_r2x1_test_small/seed222-epoch2-40.mat,-80.47584823071374,354.0,70.0,-80.79417520013222,0.262204365833407,15.830538034439087,354.0,68.0,-93.89992285207026,0.3183269694184787,2.0000000000004943
./csi-dataset/homeoffice-communication-28G-csi-nlos/t16x16_r2x1_test_small/seed222-epoch2-41.mat,-93.51634309277202,190.0,70.0,-94.2103723019743,0.08690084879201021,11.278782844543457,189.0,74.0,-107.7471642100067,0.6940292092022844,4.111450169794092
./csi-dataset/homeoffice-communication-28G-csi-nlos/t16x16_r2x1_test_small/seed222-epoch2-42.mat,-84.59316879571651,289.0,46.0,-84.90422827612994,-0.09833039629244045,15.305914640426636,288.0,46.0,-98.82418226967218,0.3110594804134337,0.7193353945245025
./csi-dataset/homeoffice-communication-28G-csi-nlos/t16x16_r2x1_test_small/seed222-epoch2-43.mat,-83.6716731202314,174.0,33.0,-83.98445111915379,0.14464045768111966,15.239138126373291,176.0,35.0,-99.44751179666537,0.31277799892238534,2.2912300217142727
./csi-dataset/homeoffice-communication-28G-csi-nlos/t16x16_r2x1_test_small/seed222-epoch2-44.mat,-95.20464891435282,219.0,65.0,-95.20933609936552,0.37911223856076137,12.414178848266602,219.0,66.0,-108.6536609991707,0.004687185012699047,0.9999999999995357
./csi-dataset/homeoffice-communication-28G-csi-nlos/t16x16_r2x1_test_small/seed222-epoch2-45.mat,-76.44539887400333,144.0,27.0,-76.80481693422695,-0.15216996818038608,15.826598882675171,142.0,28.0,-92.23945353454765,0.3594180602236179,1.361072255460298
./csi-dataset/homeoffice-communication-28G-csi-nlos/t16x16_r2x1_test_small/seed222-epoch2-46.mat,-81.40929015075753,258.0,20.0,-121.0645823434151,0.1356759902594713,17.622938871383667,232.0,43.0,-99.97872169059372,39.65529219265757,26.246748666690046
./csi-dataset/homeoffice-communication-28G-csi-nlos/t16x16_r2x1_test_small/seed222-epoch2-47.mat,-87.21286184222129,335.0,68.0,-87.60995321011494,-0.0208745599029998,13.530011415481567,335.0,67.0,-103.96356526452747,0.3970913678936512,1.0000000000002647
./csi-dataset/homeoffice-communication-28G-csi-nlos/t16x16_r2x1_test_small/seed222-epoch2-48.mat,-97.8430429463223,198.0,52.0,-147.1621818125076,-0.4468919047786877,12.54050898551941,86.0,79.0,-110.77780725596013,49.31913886618531,99.9213827637644
./csi-dataset/homeoffice-communication-28G-csi-nlos/t16x16_r2x1_test_small/seed222-epoch2-49.mat,-86.82508878214074,231.0,30.0,-87.16665675501787,0.06436316409900233,15.16762089729309,234.0,30.0,-102.18128601583062,0.3415679728771295,1.4998714840214213
./csi-dataset/homeoffice-communication-28G-csi-nlos/t16x16_r2x1_test_small/seed222-epoch2-5.mat,-95.5905751138994,300.0,64.0,-95.70176210015838,0.3080072642366284,13.474140405654907,300.0,65.0,-109.5293599240186,0.11118698625897139,0.9999999999999002
./csi-dataset/homeoffice-communication-28G-csi-nlos/t16x16_r2x1_test_small/seed222-epoch2-50.mat,-100.012502359814,252.0,71.0,-100.71121512426878,0.16201887342616317,13.821651220321655,251.0,72.0,-110.14291995683215,0.6987127644547826,1.3781454783870641
./csi-dataset/homeoffice-communication-28G-csi-nlos/t16x16_r2x1_test_small/seed222-epoch2-51.mat,-89.05134259519915,284.0,58.0,-90.90139798954831,-1.1096101570761348,12.640352964401245,78.0,49.0,-101.53013046807808,1.8500553943491695,103.15562977584204
./csi-dataset/homeoffice-communication-28G-csi-nlos/t16x16_r2x1_test_small/seed222-epoch2-52.mat,-88.41092218241377,143.0,33.0,-120.71810461159693,-0.3552754290705875,14.726678848266602,21.0,47.0,-106.0521205595872,32.30718242918316,68.84498173238258
./csi-dataset/homeoffice-communication-28G-csi-nlos/t16x16_r2x1_test_small/seed222-epoch2-54.mat,-90.48386548767029,342.0,34.0,-90.61343719437471,0.21392138885163103,14.625268697738647,343.0,35.0,-104.17899768102384,0.12957170670442508,1.1492391511876439
./csi-dataset/homeoffice-communication-28G-csi-nlos/t16x16_r2x1_test_small/seed222-epoch2-55.mat,-95.53898234718484,2.0,36.0,-97.33954533846509,-0.20129257480490104,13.042034387588501,4.0,34.0,-111.7218062469189,1.8005629912802448,2.3054107605641194
./csi-dataset/homeoffice-communication-28G-csi-nlos/t16x16_r2x1_test_small/seed222-epoch2-56.mat,-91.25522877077069,0.0,83.0,-91.56389580058026,-0.5607683081636159,13.465840816497803,359.0,83.0,-105.20659949369227,0.3086670298095697,0.9925459645317848
./csi-dataset/homeoffice-communication-28G-csi-nlos/t16x16_r2x1_test_small/seed222-epoch2-57.mat,-78.58517916314544,276.0,72.0,-78.82791196093129,0.11996792790152533,14.197490453720093,276.0,72.0,-92.01077687239365,0.24273279778584822,0.0
./csi-dataset/homeoffice-communication-28G-csi-nlos/t16x16_r2x1_test_small/seed222-epoch2-58.mat,-87.99384303507327,5.0,31.0,-88.27307658267394,-0.6839659577930719,15.371615886688232,7.0,31.0,-102.59734183056436,0.27923354760066843,1.0300377248811952
./csi-dataset/homeoffice-communication-28G-csi-nlos/t16x16_r2x1_test_small/seed222-epoch2-59.mat,-79.16939696954174,199.0,44.0,-80.11381809283165,-0.2582141383464287,15.562733173370361,198.0,47.0,-95.66595214846181,0.9444211232899136,3.0835477681939936
./csi-dataset/homeoffice-communication-28G-csi-nlos/t16x16_r2x1_test_small/seed222-epoch2-6.mat,-85.55982571520852,21.0,59.0,-86.31560092667199,-0.06948635544211679,12.881819725036621,23.0,59.0,-102.28650404722862,0.7557752114634724,1.7143115118854535
./csi-dataset/homeoffice-communication-28G-csi-nlos/t16x16_r2x1_test_small/seed222-epoch2-60.mat,-89.20310724000025,114.0,20.0,-89.28592804956915,0.3091217332141628,11.08841872215271,116.0,20.0,-101.16214768500505,0.0828208095689007,0.6840096206502909
./csi-dataset/homeoffice-communication-28G-csi-nlos/t16x16_r2x1_test_small/seed222-epoch2-61.mat,-90.69459461689198,286.0,32.0,-91.02756832164152,0.29430273357163517,11.524428606033325,289.0,33.0,-105.26579220205855,0.33297370474954846,1.896639699785556
./csi-dataset/homeoffice-communication-28G-csi-nlos/t16x16_r2x1_test_small/seed222-epoch2-62.mat,-93.00699455714869,71.0,32.0,-132.4735791742569,-0.022819025940899795,13.275533437728882,92.0,66.0,-112.98653064490063,39.466584617108225,37.166479088971265
./csi-dataset/homeoffice-communication-28G-csi-nlos/t16x16_r2x1_test_small/seed222-epoch2-63.mat,-87.62285563800603,16.0,65.0,-87.67429563456291,-0.08253867196265574,12.870110750198364,16.0,65.0,-100.42011344529189,0.05143999655687992,0.0
./csi-dataset/homeoffice-communication-28G-csi-nlos/t16x16_r2x1_test_small/seed222-epoch2-64.mat,-84.14740826140101,159.0,67.0,-85.29784927289671,0.05775960814117975,14.617357969284058,157.0,68.0,-100.1838235982826,1.150441011495701,2.1009596625280027
./csi-dataset/homeoffice-communication-28G-csi-nlos/t16x16_r2x1_test_small/seed222-epoch2-65.mat,-84.0998646299537,164.0,36.0,-85.4238036310241,-0.004362507163614193,14.90930724143982,163.0,34.0,-99.62533768519855,1.3239390010704,2.080563985708932
./csi-dataset/homeoffice-communication-28G-csi-nlos/t16x16_r2x1_test_small/seed222-epoch2-66.mat,-100.85888426384189,159.0,22.0,-104.26462617724668,0.10131013710307823,11.491682052612305,182.0,79.0,-116.40149369631743,3.405741913404796,58.97535269780282
./csi-dataset/homeoffice-communication-28G-csi-nlos/t16x16_r2x1_test_small/seed222-epoch2-67.mat,-93.55372891076745,189.0,22.0,-119.65011694652331,-0.040695856860169854,13.236662149429321,171.0,53.0,-113.2921414823114,26.096388035755865,32.59231258773437
./csi-dataset/homeoffice-communication-28G-csi-nlos/t16x16_r2x1_test_small/seed222-epoch2-68.mat,-100.45972290109472,47.0,39.0,-100.69429824950079,0.2959367302111623,11.664316415786743,48.0,40.0,-111.37359833417435,0.23457534840606797,1.1851302768327094
./csi-dataset/homeoffice-communication-28G-csi-nlos/t16x16_r2x1_test_small/seed222-epoch2-69.mat,-90.6040765934747,149.0,67.0,-126.3465241992857,0.13150881200152098,13.464423418045044,250.0,23.0,-108.19252288088606,35.742447605810995,73.07967175104214
./csi-dataset/homeoffice-communication-28G-csi-nlos/t16x16_r2x1_test_small/seed222-epoch2-7.mat,-92.00758214480572,220.0,31.0,-92.23179510164246,0.10401308476436277,13.956467151641846,219.0,31.0,-106.05429218394086,0.22421295683673748,0.5150332718683522
./csi-dataset/homeoffice-communication-28G-csi-nlos/t16x16_r2x1_test_small/seed222-epoch2-70.mat,-98.10428746076774,218.0,54.0,-134.63570462178734,0.04779654125559896,13.738744497299194,339.0,13.0,-112.27383797358684,36.531417161019604,61.38060889906773
./csi-dataset/homeoffice-communication-28G-csi-nlos/t16x16_r2x1_test_small/seed222-epoch2-71.mat,-73.98503608235688,28.0,58.0,-74.5766880686659,-0.07264568423276829,15.639779329299927,28.0,62.0,-90.8491908945639,0.5916519863090173,3.9999999999998583
./csi-dataset/homeoffice-communication-28G-csi-nlos/t16x16_r2x1_test_small/seed222-epoch2-72.mat,-85.9879103285104,310.0,30.0,-86.97400952487497,0.10400307611239945,12.860255718231201,307.0,30.0,-101.6969040353063,0.9860991963645773,1.4998714840214213
./csi-dataset/homeoffice-communication-28G-csi-nlos/t16x16_r2x1_test_small/seed222-epoch2-73.mat,-92.92156529248584,118.0,59.0,-133.27643509664549,0.06814545667517946,12.989901781082153,214.0,55.0,-108.44026662480016,40.35486980415965,77.17235328816541
./csi-dataset/homeoffice-communication-28G-csi-nlos/t16x16_r2x1_test_small/seed222-epoch2-74.mat,-87.15123409827817,36.0,64.0,-87.60959807033707,-0.04779278214149496,13.754143714904785,35.0,66.0,-102.710581662108,0.4583639720589048,2.195735016435526
./csi-dataset/homeoffice-communication-28G-csi-nlos/t16x16_r2x1_test_small/seed222-epoch2-75.mat,-90.04772816451974,5.0,80.0,-122.48592730757338,0.09854946977108237,12.281481504440308,25.0,44.0,-105.11810836327487,32.43819914305364,39.8467999050605
./csi-dataset/homeoffice-communication-28G-csi-nlos/t16x16_r2x1_test_small/seed222-epoch2-76.mat,-92.9101608488132,33.0,34.0,-130.34338369895738,-0.10416220490507744,14.763677835464478,241.0,62.0,-111.1289560464394,37.433222850144176,92.67870766071822
./csi-dataset/homeoffice-communication-28G-csi-nlos/t16x16_r2x1_test_small/seed222-epoch2-77.mat,-90.56526383434677,30.0,27.0,-90.68374330285211,-0.16867297922045998,15.74484634399414,31.0,28.0,-104.88181516483439,0.11847946850534186,1.101427343591066
./csi-dataset/homeoffice-communication-28G-csi-nlos/t16x16_r2x1_test_small/seed222-epoch2-78.mat,-90.45250307306029,29.0,57.0,-91.07530138186223,0.25867758305669775,13.482756614685059,31.0,59.0,-106.08560319787134,0.6227983088019471,2.6222177528270034
./csi-dataset/homeoffice-communication-28G-csi-nlos/t16x16_r2x1_test_small/seed222-epoch2-79.mat,-89.337803213433,102.0,42.0,-89.73555388036937,0.06163441100702127,15.733181953430176,283.0,36.0,-104.08767339369962,0.39775066693636063,77.99649115357205
./csi-dataset/homeoffice-communication-28G-csi-nlos/t16x16_r2x1_test_small/seed222-epoch2-8.mat,-80.94376387691354,258.0,32.0,-80.94532208959211,-0.20081432496138896,16.56848931312561,258.0,32.0,-93.49143956673403,0.0015582126785744776,0.0
./csi-dataset/homeoffice-communication-28G-csi-nlos/t16x16_r2x1_test_small/seed222-epoch2-80.mat,-104.47604357072576,159.0,41.0,-104.45060093261867,0.15167046388439342,11.192017555236816,159.0,42.0,-116.2979723784537,-0.02544263810709424,0.9999999999999002
./csi-dataset/homeoffice-communication-28G-csi-nlos/t16x16_r2x1_test_small/seed222-epoch2-81.mat,-87.69458566537446,107.0,50.0,-125.1430118363817,0.07594554629571137,14.276026010513306,15.0,18.0,-110.14094056229473,37.44842617100724,52.910205727044115
./csi-dataset/homeoffice-communication-28G-csi-nlos/t16x16_r2x1_test_small/seed222-epoch2-82.mat,-90.8899554952928,355.0,78.0,-91.84577110484057,-0.0067133176074243295,12.813690185546875,354.0,77.0,-103.03854149889264,0.9558156095477699,1.3975424846819484
./csi-dataset/homeoffice-communication-28G-csi-nlos/t16x16_r2x1_test_small/seed222-epoch2-83.mat,-94.46397121828214,85.0,35.0,-98.38700636250513,0.13841995372092541,15.085754632949829,83.0,30.0,-109.17159357454301,3.923035144222993,5.1135630490604225
./csi-dataset/homeoffice-communication-28G-csi-nlos/t16x16_r2x1_test_small/seed222-epoch2-84.mat,-88.42517773920608,278.0,25.0,-88.55111837766253,0.15311982086186293,14.7424635887146,278.0,26.0,-102.92794483542698,0.12594063845645564,0.9999999999999002
./csi-dataset/homeoffice-communication-28G-csi-nlos/t16x16_r2x1_test_small/seed222-epoch2-85.mat,-84.91973291198832,92.0,46.0,-85.11890465297016,0.16903173112646752,16.364131927490234,93.0,47.0,-97.44422587273051,0.1991717409818392,1.2353591410184304
./csi-dataset/homeoffice-communication-28G-csi-nlos/t16x16_r2x1_test_small/seed222-epoch2-86.mat,-92.60598021084868,5.0,83.0,-93.4761981720784,-0.1921192651731538,11.53744649887085,7.0,74.0,-103.5226163738386,0.870217961229713,9.210434855443689
./csi-dataset/homeoffice-communication-28G-csi-nlos/t16x16_r2x1_test_small/seed222-epoch2-87.mat,-87.44704829817496,77.0,65.0,-88.63965331066909,-0.1686608372125613,16.243940114974976,77.0,61.0,-104.36742658280204,1.192605012494127,4.000000000000224
./csi-dataset/homeoffice-communication-28G-csi-nlos/t16x16_r2x1_test_small/seed222-epoch2-88.mat,-94.09800637791449,350.0,62.0,-142.1107699189972,-0.11491532823201767,13.415239334106445,118.0,31.0,-111.44049898726904,48.012763541082705,82.96690618658894
./csi-dataset/homeoffice-communication-28G-csi-nlos/t16x16_r2x1_test_small/seed222-epoch2-89.mat,-85.08989866887481,77.0,60.0,-85.95031279272052,-0.19087236774717975,16.171581983566284,77.0,57.0,-97.91190847490591,0.8604141238457146,2.9999999999999227
./csi-dataset/homeoffice-communication-28G-csi-nlos/t16x16_r2x1_test_small/seed222-epoch2-9.mat,-112.89390149265208,66.0,72.0,-148.49882303408327,0.093166734366531,11.187487840652466,321.0,45.0,-128.90858119834962,35.604921541431196,87.45221467700213
./csi-dataset/homeoffice-communication-28G-csi-nlos/t16x16_r2x1_test_small/seed222-epoch2-90.mat,-94.83324068909782,7.0,70.0,-95.23400512955874,0.08308489363009963,15.705873489379883,6.0,70.0,-107.92150911933261,0.4007644404609181,0.9396912255619194
./csi-dataset/homeoffice-communication-28G-csi-nlos/t16x16_r2x1_test_small/seed222-epoch2-91.mat,-92.08178427895004,160.0,66.0,-92.40968454590514,0.20605221812348662,16.242594480514526,160.0,65.0,-103.44396586550401,0.32790026695509766,1.0000000000002647
./csi-dataset/homeoffice-communication-28G-csi-nlos/t16x16_r2x1_test_small/seed222-epoch2-92.mat,-88.83712002207666,22.0,34.0,-116.66141869792733,-0.2614233113217188,15.605014324188232,198.0,16.0,-107.65837441817978,27.82429867585067,49.97191166042485
./csi-dataset/homeoffice-communication-28G-csi-nlos/t16x16_r2x1_test_small/seed222-epoch2-93.mat,-99.3889905649804,16.0,77.0,-114.749319310067,0.18321354675935086,11.64832878112793,118.0,31.0,-113.09042364764682,15.36032874508659,84.9236722086305
./csi-dataset/homeoffice-communication-28G-csi-nlos/t16x16_r2x1_test_small/seed222-epoch2-94.mat,-92.61231563766378,352.0,62.0,-134.96813493687708,0.24898349239712336,15.857295036315918,223.0,53.0,-120.38856441251822,42.355819299213294,99.27843123526752
./csi-dataset/homeoffice-communication-28G-csi-nlos/t16x16_r2x1_test_small/seed222-epoch2-95.mat,-91.80194443113558,180.0,33.0,-122.54770224170117,-0.267419505364733,14.534064531326294,316.0,45.0,-104.85134443599024,30.745757810565593,71.57886859162541
./csi-dataset/homeoffice-communication-28G-csi-nlos/t16x16_r2x1_test_small/seed222-epoch2-96.mat,-80.75397163041806,342.0,33.0,-130.1011264008104,-0.5772894435332836,16.292073488235474,115.0,48.0,-97.80929762771873,49.34715477039232,73.43252839430447
./csi-dataset/homeoffice-communication-28G-csi-nlos/t16x16_r2x1_test_small/seed222-epoch2-97.mat,-98.178549920567,345.0,74.0,-138.64387890068954,0.11471236610039004,16.29871678352356,69.0,34.0,-113.92947694202185,40.46532898012255,73.45902418146947
./csi-dataset/homeoffice-communication-28G-csi-nlos/t16x16_r2x1_test_small/seed222-epoch2-98.mat,-89.82245161453218,232.0,64.0,-139.80853507547243,-0.030811228059458795,15.494704246520996,167.0,55.0,-107.32861163103797,49.98608346094025,55.764783996768
./csi-dataset/homeoffice-communication-28G-csi-nlos/t16x16_r2x1_test_small/seed222-epoch2-99.mat,-97.61198001155655,46.0,42.0,-121.48029407436391,-0.03014285586150356,13.075464725494385,66.0,26.0,-108.28213466888798,23.868314062807357,19.33967110085875
./csi-dataset/homeoffice-communication-28G-csi-nlos/t16x16_r2x1_test_small/seed2831-epoch31-1.mat,-100.14281726335987,158.0,83.0,-100.32447615156285,0.20658769214448924,10.288950681686401,158.0,89.0,-110.94252178347809,0.18165888820297482,5.9999999999999645
./csi-dataset/homeoffice-communication-28G-csi-nlos/t16x16_r2x1_test_small/seed2831-epoch31-10.mat,-84.0087806843658,71.0,47.0,-84.05882636819518,0.1534450051920695,15.52049732208252,72.0,48.0,-97.41099696016819,0.05004568382938146,1.242386017010032
./csi-dataset/homeoffice-communication-28G-csi-nlos/t16x16_r2x1_test_small/seed2831-epoch31-100.mat,-85.59026395387575,126.0,34.0,-115.05892495624346,-0.12031502605518485,14.329846858978271,186.0,71.0,-101.6681119126091,29.46866100236771,57.705455017908164
./csi-dataset/homeoffice-communication-28G-csi-nlos/t16x16_r2x1_test_small/seed2831-epoch31-11.mat,-88.29909578213582,16.0,46.0,-115.9860153695526,-0.20548507603762856,13.088457107543945,158.0,25.0,-108.52536770337606,27.68691958741678,67.04461789338313
./csi-dataset/homeoffice-communication-28G-csi-nlos/t16x16_r2x1_test_small/seed2831-epoch31-12.mat,-90.00378320584275,194.0,56.0,-90.11180364915454,-0.018109765257296795,15.17903470993042,194.0,56.0,-103.06023419735635,0.10802044331178706,0.0
./csi-dataset/homeoffice-communication-28G-csi-nlos/t16x16_r2x1_test_small/seed2831-epoch31-13.mat,-87.70388642919534,244.0,41.0,-87.71295735148443,0.09057547078798955,13.528988361358643,244.0,41.0,-100.69192088457056,0.009070922289097894,8.537736462515939e-07
./csi-dataset/homeoffice-communication-28G-csi-nlos/t16x16_r2x1_test_small/seed2831-epoch31-14.mat,-90.42869978587524,188.0,38.0,-91.07232053226296,0.31687810429722596,12.848391771316528,186.0,38.0,-105.79215600861112,0.6436207463877253,1.2312841306368605
./csi-dataset/homeoffice-communication-28G-csi-nlos/t16x16_r2x1_test_small/seed2831-epoch31-15.mat,-95.8189004490927,211.0,57.0,-96.35111494538666,0.15764227819164256,14.266886234283447,211.0,55.0,-109.51498860572407,0.5322144962939603,1.999999999999765
./csi-dataset/homeoffice-communication-28G-csi-nlos/t16x16_r2x1_test_small/seed2831-epoch31-16.mat,-87.02042020360858,131.0,2.0,-87.216197905762,0.33138266923748905,13.252625465393066,150.0,1.0,-98.73263061884101,0.19577770215342127,1.1035772059228661
./csi-dataset/homeoffice-communication-28G-csi-nlos/t16x16_r2x1_test_small/seed2831-epoch31-17.mat,-95.40456205912297,357.0,67.0,-97.01727322085222,0.16833524293545632,11.391660451889038,21.0,22.0,-112.31003102818684,1.6127111617292513,47.36738272243756
./csi-dataset/homeoffice-communication-28G-csi-nlos/t16x16_r2x1_test_small/seed2831-epoch31-18.mat,-98.05793995570724,335.0,41.0,-114.0876207206164,0.13567790148095082,11.454858541488647,157.0,30.0,-114.8003944385212,16.02968076490916,70.987890619474
./csi-dataset/homeoffice-communication-28G-csi-nlos/t16x16_r2x1_test_small/seed2831-epoch31-19.mat,-92.98204843061954,53.0,56.0,-120.66505751511835,-0.1510488604592859,14.795755863189697,28.0,62.0,-111.07590068708123,27.683009084498806,22.189547069513598
./csi-dataset/homeoffice-communication-28G-csi-nlos/t16x16_r2x1_test_small/seed2831-epoch31-2.mat,-96.45280405037072,187.0,68.0,-96.69253855557189,-0.06926111521965805,11.103296279907227,187.0,71.0,-106.31699853692105,0.23973450520117012,3.0000000000000444
./csi-dataset/homeoffice-communication-28G-csi-nlos/t16x16_r2x1_test_small/seed2831-epoch31-20.mat,-83.65847104880717,64.0,8.0,-83.8406802255195,-0.21771075629511283,13.996215105056763,70.0,8.0,-97.24187488352938,0.18220917671233394,0.8346644874708267
./csi-dataset/homeoffice-communication-28G-csi-nlos/t16x16_r2x1_test_small/seed2831-epoch31-21.mat,-86.77847847849674,20.0,19.0,-127.62914464102349,-0.06822939650571014,13.357192039489746,312.0,67.0,-103.67536989084815,40.85066616252675,61.202967249106166
./csi-dataset/homeoffice-communication-28G-csi-nlos/t16x16_r2x1_test_small/seed2831-epoch31-22.mat,-84.65767420803496,138.0,32.0,-84.84751395368272,0.10848353479654738,14.265074729919434,137.0,33.0,-99.62303600340834,0.18983974564775963,1.1351758269281864
./csi-dataset/homeoffice-communication-28G-csi-nlos/t16x16_r2x1_test_small/seed2831-epoch31-23.mat,-86.36416130128725,50.0,45.0,-86.94449811966139,0.22805725089725282,15.561176061630249,52.0,44.0,-98.59329990469749,0.5803368183741355,1.721856214298761
./csi-dataset/homeoffice-communication-28G-csi-nlos/t16x16_r2x1_test_small/seed2831-epoch31-24.mat,-97.09312065130888,41.0,63.0,-97.35971565591274,0.42820121615431284,10.449873447418213,40.0,62.0,-110.19852985140838,0.26659500460385743,1.3366928403881593
./csi-dataset/homeoffice-communication-28G-csi-nlos/t16x16_r2x1_test_small/seed2831-epoch31-25.mat,-91.36961702201766,357.0,71.0,-135.78705450236362,0.062109527200296055,12.99067234992981,72.0,73.0,-108.1945094247254,44.41743748034595,70.77903929477795
./csi-dataset/homeoffice-communication-28G-csi-nlos/t16x16_r2x1_test_small/seed2831-epoch31-26.mat,-100.9993794225577,275.0,55.0,-103.8755712428926,0.17858118533065004,10.542514562606812,27.0,74.0,-114.85390142599597,2.8761918203349097,97.86696571164806
./csi-dataset/homeoffice-communication-28G-csi-nlos/t16x16_r2x1_test_small/seed2831-epoch31-27.mat,-88.62162493804134,354.0,49.0,-88.87164164173643,0.05478879795463054,11.641119241714478,354.0,49.0,-100.85496875451952,0.25001670369509554,0.0
./csi-dataset/homeoffice-communication-28G-csi-nlos/t16x16_r2x1_test_small/seed2831-epoch31-28.mat,-92.04875612153886,353.0,51.0,-92.03344588573708,0.11742287893763159,12.793840169906616,354.0,52.0,-102.83350240940621,-0.015310235801777594,1.2698127585966896
./csi-dataset/homeoffice-communication-28G-csi-nlos/t16x16_r2x1_test_small/seed2831-epoch31-29.mat,-89.53583567390783,90.0,67.0,-89.66926168885709,0.33400300718696063,13.996842622756958,90.0,66.0,-100.09926773290665,0.13342601494926498,0.9999999999999002
./csi-dataset/homeoffice-communication-28G-csi-nlos/t16x16_r2x1_test_small/seed2831-epoch31-3.mat,-96.56508885526064,283.0,57.0,-96.85570426559137,0.06721905542796325,9.865782976150513,285.0,56.0,-110.40592113472445,0.29061541033073013,1.9445340842191186
./csi-dataset/homeoffice-communication-28G-csi-nlos/t16x16_r2x1_test_small/seed2831-epoch31-30.mat,-87.56650281809908,199.0,61.0,-125.01094169598252,-0.05634967576223904,15.602026224136353,295.0,74.0,-103.01888626040812,37.44443887788344,87.37777146590845
./csi-dataset/homeoffice-communication-28G-csi-nlos/t16x16_r2x1_test_small/seed2831-epoch31-32.mat,-95.492950057052,138.0,61.0,-95.46659813022116,-0.031372383604949095,12.535390377044678,139.0,62.0,-107.90941076199884,-0.02635192683084142,1.331269360021279
./csi-dataset/homeoffice-communication-28G-csi-nlos/t16x16_r2x1_test_small/seed2831-epoch31-33.mat,-96.05368503639328,17.0,36.0,-103.1890218098634,0.14090557959469519,11.304908990859985,2.0,65.0,-109.05953983113184,7.135336773470129,31.07771698964173
./csi-dataset/homeoffice-communication-28G-csi-nlos/t16x16_r2x1_test_small/seed2831-epoch31-34.mat,-87.29742808018258,206.0,46.0,-87.93082491636788,0.17062952406300858,14.662153244018555,205.0,47.0,-102.55814094735516,0.6333968361852982,1.2353591410187252
./csi-dataset/homeoffice-communication-28G-csi-nlos/t16x16_r2x1_test_small/seed2831-epoch31-35.mat,-88.86531472856406,147.0,21.0,-137.19517586506964,-0.2666596049268468,14.649151802062988,222.0,67.0,-106.9062282100507,48.329861136505585,63.24617755656135
./csi-dataset/homeoffice-communication-28G-csi-nlos/t16x16_r2x1_test_small/seed2831-epoch31-36.mat,-91.21500892316904,57.0,52.0,-91.35246689222556,0.12614936404382926,14.963279724121094,56.0,53.0,-106.91465375923431,0.13745796905652696,1.2764636308920168
./csi-dataset/homeoffice-communication-28G-csi-nlos/t16x16_r2x1_test_small/seed2831-epoch31-37.mat,-91.3445369774615,341.0,40.0,-91.57235707202845,0.42532506324959507,10.18570065498352,340.0,41.0,-103.85470179021345,0.22782009456695107,1.1923597758459477
./csi-dataset/homeoffice-communication-28G-csi-nlos/t16x16_r2x1_test_small/seed2831-epoch31-38.mat,-86.00185247337022,348.0,62.0,-86.67513367368356,-1.0181892858329715,14.673429012298584,350.0,60.0,-101.88107879565686,0.6732812003133404,2.6569095516644388
./csi-dataset/homeoffice-communication-28G-csi-nlos/t16x16_r2x1_test_small/seed2831-epoch31-39.mat,-98.30301303125532,179.0,57.0,-98.77617302870976,0.15575575528671803,11.41057825088501,23.0,61.0,-110.13036452706467,0.47315999745444515,113.95729443152278
./csi-dataset/homeoffice-communication-28G-csi-nlos/t16x16_r2x1_test_small/seed2831-epoch31-4.mat,-93.6537284442035,16.0,50.0,-135.76437777144332,0.07893905990651773,12.021780252456665,249.0,70.0,-111.5054195010333,42.11064932723983,102.31979984178676
./csi-dataset/homeoffice-communication-28G-csi-nlos/t16x16_r2x1_test_small/seed2831-epoch31-40.mat,-93.35303165046078,355.0,35.0,-94.15373230176698,0.07542347240501102,15.540306806564331,230.0,3.0,-106.09620471053866,0.8007006513062009,36.79234250643239
./csi-dataset/homeoffice-communication-28G-csi-nlos/t16x16_r2x1_test_small/seed2831-epoch31-41.mat,-86.02403315613705,344.0,35.0,-86.88333451360978,-0.4624972435450374,16.327091693878174,342.0,35.0,-100.96297721920837,0.8593013574727308,1.1471137916012046
./csi-dataset/homeoffice-communication-28G-csi-nlos/t16x16_r2x1_test_small/seed2831-epoch31-42.mat,-87.69835317298323,115.0,43.0,-87.75408548638133,-0.19915464811898254,15.385774374008179,115.0,43.0,-101.15495724409504,0.05573231339809581,0.0
./csi-dataset/homeoffice-communication-28G-csi-nlos/t16x16_r2x1_test_small/seed2831-epoch31-43.mat,-95.84249258869367,338.0,47.0,-95.90329940052776,-0.2159512786458233,13.52203106880188,340.0,47.0,-106.26075744622882,0.060806811834083874,1.4626728608127935
./csi-dataset/homeoffice-communication-28G-csi-nlos/t16x16_r2x1_test_small/seed2831-epoch31-44.mat,-85.53199998664034,348.0,19.0,-122.19186768533046,-0.06051287774262848,15.074602127075195,283.0,42.0,-104.08416843872982,36.65986769869012,37.37084154685746
./csi-dataset/homeoffice-communication-28G-csi-nlos/t16x16_r2x1_test_small/seed2831-epoch31-45.mat,-92.37676260221514,132.0,41.0,-92.62642365396219,0.055765396201909234,12.148656845092773,132.0,43.0,-103.19892698001708,0.24966105174705433,2.0000000000001297
./csi-dataset/homeoffice-communication-28G-csi-nlos/t16x16_r2x1_test_small/seed2831-epoch31-46.mat,-89.95710172767217,356.0,44.0,-117.24493191172952,-0.2598192647820319,12.048405885696411,178.0,49.0,-106.5203216317276,27.287830184057356,92.9816765873258
./csi-dataset/homeoffice-communication-28G-csi-nlos/t16x16_r2x1_test_small/seed2831-epoch31-47.mat,-86.8340834242113,348.0,65.0,-87.32436445856459,0.15976543867970028,14.4231858253479,348.0,67.0,-100.84430766192332,0.49028103435328774,1.9999999999999472
./csi-dataset/homeoffice-communication-28G-csi-nlos/t16x16_r2x1_test_small/seed2831-epoch31-48.mat,-91.83436571064354,228.0,61.0,-91.90549184431111,-0.07881540722715519,12.767561674118042,228.0,61.0,-106.48930268644551,0.07112613366757614,0.0
./csi-dataset/homeoffice-communication-28G-csi-nlos/t16x16_r2x1_test_small/seed2831-epoch31-49.mat,-94.25464278394442,25.0,58.0,-94.35559868463834,0.12018353482357391,14.452528953552246,25.0,57.0,-106.55282385573545,0.10095590069391847,1.0000000000002647
./csi-dataset/homeoffice-communication-28G-csi-nlos/t16x16_r2x1_test_small/seed2831-epoch31-5.mat,-102.760813227395,342.0,41.0,-128.9064442373978,0.2644053671617894,10.970831394195557,23.0,47.0,-116.49443788238398,26.145631010002802,28.73784146788799
./csi-dataset/homeoffice-communication-28G-csi-nlos/t16x16_r2x1_test_small/seed2831-epoch31-50.mat,-95.49452532164224,273.0,50.0,-134.83743825303887,0.0687406193132668,13.647538900375366,42.0,27.0,-107.79127509411944,39.342912931396626,69.27610972583115
./csi-dataset/homeoffice-communication-28G-csi-nlos/t16x16_r2x1_test_small/seed2831-epoch31-51.mat,-95.229464851524,12.0,46.0,-95.72788430022908,0.11108401907781051,10.951235294342041,11.0,45.0,-108.52468452194225,0.4984194487050786,1.2282790934639731
./csi-dataset/homeoffice-communication-28G-csi-nlos/t16x16_r2x1_test_small/seed2831-epoch31-52.mat,-90.3692758250588,347.0,48.0,-119.17909479655904,-0.3133816944394916,15.041168689727783,175.0,75.0,-106.56744481298418,28.809818971500235,122.52402669784684
./csi-dataset/homeoffice-communication-28G-csi-nlos/t16x16_r2x1_test_small/seed2831-epoch31-53.mat,-90.45122366705284,168.0,24.0,-130.626295180743,-0.025473909905786796,12.816532611846924,45.0,27.0,-107.32841683873235,40.175071513690156,44.487375048017974
./csi-dataset/homeoffice-communication-28G-csi-nlos/t16x16_r2x1_test_small/seed2831-epoch31-54.mat,-95.39259735286888,352.0,42.0,-95.69961065776337,0.12606986945960752,12.91378116607666,352.0,42.0,-105.81208602696515,0.30701330489449674,0.0
./csi-dataset/homeoffice-communication-28G-csi-nlos/t16x16_r2x1_test_small/seed2831-epoch31-55.mat,-95.1739916486005,313.0,56.0,-136.29200638210366,0.14610586547433158,12.887969732284546,116.0,61.0,-112.79261545203504,41.11801473350316,114.98034934054424
./csi-dataset/homeoffice-communication-28G-csi-nlos/t16x16_r2x1_test_small/seed2831-epoch31-56.mat,-90.68508830013684,128.0,35.0,-91.48928140146066,-0.1346579692782115,12.354479789733887,65.0,31.0,-102.33124957022602,0.8041931013238184,33.252172904210255
./csi-dataset/homeoffice-communication-28G-csi-nlos/t16x16_r2x1_test_small/seed2831-epoch31-57.mat,-93.22067854368323,151.0,50.0,-126.67318754444662,0.1942346454708438,14.69906497001648,227.0,32.0,-108.4286371665782,33.452509000763385,49.96009406106715
./csi-dataset/homeoffice-communication-28G-csi-nlos/t16x16_r2x1_test_small/seed2831-epoch31-58.mat,-102.38189723500992,94.0,47.0,-108.280091136181,0.021262089400250983,11.635215520858765,88.0,51.0,-117.83996981869201,5.8981939011710836,6.039025585694612
./csi-dataset/homeoffice-communication-28G-csi-nlos/t16x16_r2x1_test_small/seed2831-epoch31-59.mat,-88.34987949553584,140.0,58.0,-130.0759747297571,0.22364974036728447,15.849128484725952,346.0,6.0,-104.85534893464346,41.72609523422125,63.4266869041936
./csi-dataset/homeoffice-communication-28G-csi-nlos/t16x16_r2x1_test_small/seed2831-epoch31-6.mat,-85.77120306115526,232.0,53.0,-85.90666213732887,-0.1297658429942361,14.123591899871826,232.0,53.0,-97.98898959173397,0.13545907617360342,0.0
./csi-dataset/homeoffice-communication-28G-csi-nlos/t16x16_r2x1_test_small/seed2831-epoch31-60.mat,-78.51159145257989,36.0,51.0,-78.79928093494472,-0.03860324454343722,16.638742685317993,37.0,50.0,-91.24956457565857,0.2876894823648257,1.2630726248457664
./csi-dataset/homeoffice-communication-28G-csi-nlos/t16x16_r2x1_test_small/seed2831-epoch31-61.mat,-87.26401658127128,238.0,62.0,-87.91376472573154,-0.19321973716643126,15.54653000831604,238.0,60.0,-99.67534812813973,0.6497481444602613,1.9999999999999472
./csi-dataset/homeoffice-communication-28G-csi-nlos/t16x16_r2x1_test_small/seed2831-epoch31-62.mat,-99.86641509926903,261.0,57.0,-100.96395357706669,0.3180124177095941,10.908615350723267,260.0,56.0,-112.64927403231377,1.0975384777976558,1.3020442907410876
./csi-dataset/homeoffice-communication-28G-csi-nlos/t16x16_r2x1_test_small/seed2831-epoch31-63.mat,-103.2060045627174,136.0,55.0,-103.41117944333237,0.256812617583812,10.7151358127594,135.0,54.0,-116.7333643181341,0.20517488061497602,1.2894711697613097
./csi-dataset/homeoffice-communication-28G-csi-nlos/t16x16_r2x1_test_small/seed2831-epoch31-64.mat,-81.71849622912092,29.0,37.0,-134.39774902864906,0.010322019347102751,14.71125340461731,209.0,78.0,-98.53851518803283,52.67925279952814,115.0
./csi-dataset/homeoffice-communication-28G-csi-nlos/t16x16_r2x1_test_small/seed2831-epoch31-65.mat,-104.30503604057054,236.0,46.0,-154.40493736828725,0.1000057327045093,14.343126773834229,45.0,49.0,-120.77256809636421,50.09990132771671,94.42656360872202
./csi-dataset/homeoffice-communication-28G-csi-nlos/t16x16_r2x1_test_small/seed2831-epoch31-66.mat,-90.78165400922332,141.0,53.0,-90.73464343591735,0.11308581774399784,15.859237432479858,142.0,54.0,-103.48992697123762,-0.04701057330596825,1.283018589070848
./csi-dataset/homeoffice-communication-28G-csi-nlos/t16x16_r2x1_test_small/seed2831-epoch31-67.mat,-82.89538218260478,43.0,40.0,-82.91367335489204,-0.27153018735734924,14.177102327346802,43.0,41.0,-95.69125046619146,0.01829117228726318,1.0000000000006293
./csi-dataset/homeoffice-communication-28G-csi-nlos/t16x16_r2x1_test_small/seed2831-epoch31-68.mat,-93.04645161027996,225.0,61.0,-94.94961612610611,0.1070198461328411,11.81517243385315,225.0,68.0,-108.74055600985302,1.9031645158261483,6.9999999999999725
./csi-dataset/homeoffice-communication-28G-csi-nlos/t16x16_r2x1_test_small/seed2831-epoch31-69.mat,-94.7900186523367,4.0,62.0,-95.17022033372582,0.28643731412193185,11.712090015411377,3.0,65.0,-107.93956090330029,0.38020168138912425,3.1305884412822347
./csi-dataset/homeoffice-communication-28G-csi-nlos/t16x16_r2x1_test_small/seed2831-epoch31-7.mat,-92.94651542871571,177.0,67.0,-93.57109741919162,0.08055993249831073,15.937474966049194,176.0,65.0,-107.61590910886943,0.6245819904759031,2.1987329658893353
./csi-dataset/homeoffice-communication-28G-csi-nlos/t16x16_r2x1_test_small/seed2831-epoch31-70.mat,-90.39268712889113,355.0,64.0,-90.70116140412662,-0.2852107977290663,14.038574934005737,355.0,64.0,-104.92905823547434,0.308474275235497,0.0
./csi-dataset/homeoffice-communication-28G-csi-nlos/t16x16_r2x1_test_small/seed2831-epoch31-71.mat,-97.57422801340788,346.0,89.0,-102.98440663764742,-0.04172961329413827,13.286083221435547,343.0,77.0,-110.30075828664332,5.410178624239549,12.362539948969486
./csi-dataset/homeoffice-communication-28G-csi-nlos/t16x16_r2x1_test_small/seed2831-epoch31-72.mat,-93.689585519148,345.0,72.0,-136.20449585604032,-0.1453103077675948,14.258553504943848,58.0,56.0,-113.70020615191835,42.51491033689233,66.2138590725264
./csi-dataset/homeoffice-communication-28G-csi-nlos/t16x16_r2x1_test_small/seed2831-epoch31-73.mat,-87.94286770870714,188.0,41.0,-101.29084907993757,0.09510217157504586,15.574625730514526,186.0,60.0,-106.8778957163736,13.347981371230432,19.060817153898586
./csi-dataset/homeoffice-communication-28G-csi-nlos/t16x16_r2x1_test_small/seed2831-epoch31-74.mat,-89.68466489646087,214.0,37.0,-117.65927718421118,-0.7678877635357448,13.53699803352356,331.0,58.0,-107.5422356878478,27.974612287750304,78.95907612614263
./csi-dataset/homeoffice-communication-28G-csi-nlos/t16x16_r2x1_test_small/seed2831-epoch31-75.mat,-86.76310187378733,208.0,59.0,-88.19640578705801,-0.41379704953520413,14.486871242523193,211.0,58.0,-103.01051343162712,1.4333039132706773,2.7463058564857024
./csi-dataset/homeoffice-communication-28G-csi-nlos/t16x16_r2x1_test_small/seed2831-epoch31-76.mat,-85.12208653374613,202.0,61.0,-135.2511527944364,-0.005099835132288177,11.93402910232544,89.0,53.0,-103.40013113449015,50.129066260690266,88.92053527538987
./csi-dataset/homeoffice-communication-28G-csi-nlos/t16x16_r2x1_test_small/seed2831-epoch31-77.mat,-84.31376018426394,249.0,36.0,-84.3629349879775,0.07398024938592151,14.435749769210815,250.0,36.0,-97.71219629312543,0.04917480371355509,0.5877803693575766
./csi-dataset/homeoffice-communication-28G-csi-nlos/t16x16_r2x1_test_small/seed2831-epoch31-78.mat,-90.7603090165761,33.0,41.0,-90.74087725948046,0.35587265196188467,12.845040321350098,34.0,42.0,-103.76977697026219,-0.019431757095645708,1.1995854334876037
./csi-dataset/homeoffice-communication-28G-csi-nlos/t16x16_r2x1_test_small/seed2831-epoch31-79.mat,-117.022862438449,170.0,27.0,-143.9371144163654,0.2651176730974897,10.81762433052063,149.0,25.0,-130.42034563179135,26.914251977916408,9.37361934766142
./csi-dataset/homeoffice-communication-28G-csi-nlos/t16x16_r2x1_test_small/seed2831-epoch31-8.mat,-97.69690029151424,188.0,58.0,-100.15383995570457,-0.04136526662126627,13.70552945137024,300.0,39.0,-111.02940703835971,2.4569396641903296,77.76631831492568
./csi-dataset/homeoffice-communication-28G-csi-nlos/t16x16_r2x1_test_small/seed2831-epoch31-80.mat,-89.005460610825,17.0,72.0,-89.23850694600019,-0.3661352034396972,15.278242588043213,18.0,72.0,-104.76221876905814,0.2330463351751888,0.9510553635691181
./csi-dataset/homeoffice-communication-28G-csi-nlos/t16x16_r2x1_test_small/seed2831-epoch31-81.mat,-89.99677986402406,161.0,23.0,-132.27385247872326,-0.08443805216915212,13.891055345535278,285.0,60.0,-109.54371627103771,42.27707261469919,74.27437296869385
./csi-dataset/homeoffice-communication-28G-csi-nlos/t16x16_r2x1_test_small/seed2831-epoch31-82.mat,-99.93488507343712,0.0,71.0,-100.18336351499266,0.19357833002866343,14.132815837860107,1.0,72.0,-112.50415353183928,0.2484784415555481,1.3781454783870641
./csi-dataset/homeoffice-communication-28G-csi-nlos/t16x16_r2x1_test_small/seed2831-epoch31-83.mat,-88.54284251840167,306.0,39.0,-89.28464979458626,-0.13502151466308288,15.660843133926392,305.0,38.0,-103.74123464934988,0.7418072761845877,1.177905754717762
./csi-dataset/homeoffice-communication-28G-csi-nlos/t16x16_r2x1_test_small/seed2831-epoch31-84.mat,-93.6314103073492,16.0,68.0,-95.17973718671941,0.2732988414907208,12.093894481658936,13.0,67.0,-108.10298987949218,1.548326879370208,2.9464263164879956
./csi-dataset/homeoffice-communication-28G-csi-nlos/t16x16_r2x1_test_small/seed2831-epoch31-85.mat,-94.1450529040644,329.0,52.0,-128.72608869110098,0.12748956698605163,14.449777603149414,41.0,46.0,-110.47074285434425,34.58103578703658,52.926437060395266
./csi-dataset/homeoffice-communication-28G-csi-nlos/t16x16_r2x1_test_small/seed2831-epoch31-86.mat,-98.74644327897629,244.0,69.0,-99.04313020567443,0.38999770333076045,10.943522453308105,244.0,71.0,-109.23937905849981,0.29668692669814334,2.0000000000001297
./csi-dataset/homeoffice-communication-28G-csi-nlos/t16x16_r2x1_test_small/seed2831-epoch31-87.mat,-93.50306144675768,315.0,49.0,-125.57115076603114,-0.15632449512552937,13.097039222717285,134.0,80.0,-113.15192801147185,32.068089319273454,128.99165474781176
./csi-dataset/homeoffice-communication-28G-csi-nlos/t16x16_r2x1_test_small/seed2831-epoch31-88.mat,-85.27098498225975,128.0,53.0,-128.44255826935398,-0.06867303285758064,15.460160255432129,60.0,48.0,-108.45048946540737,43.17157328709423,51.316156951381345
./csi-dataset/homeoffice-communication-28G-csi-nlos/t16x16_r2x1_test_small/seed2831-epoch31-89.mat,-91.72995502707197,17.0,21.0,-97.40208600784524,-0.028612921745442277,13.415408372879028,11.0,17.0,-110.11308652777223,5.672130980773275,4.446564719705084
./csi-dataset/homeoffice-communication-28G-csi-nlos/t16x16_r2x1_test_small/seed2831-epoch31-9.mat,-92.48758616561544,201.0,70.0,-93.08190249692471,0.010545479917181022,14.442218780517578,203.0,74.0,-108.97376889404629,0.5943163313092725,4.429002556150622
./csi-dataset/homeoffice-communication-28G-csi-nlos/t16x16_r2x1_test_small/seed2831-epoch31-90.mat,-95.88745559180408,332.0,60.0,-118.9461916913546,0.21595775215467483,11.23053526878357,208.0,48.0,-110.77032264865656,23.058736099550515,91.45096159074203
./csi-dataset/homeoffice-communication-28G-csi-nlos/t16x16_r2x1_test_small/seed2831-epoch31-91.mat,-90.1914351674314,329.0,50.0,-90.87489438205745,-0.06240416888694167,13.126717329025269,328.0,50.0,-101.72675347040834,0.6834592146260547,0.766040425770681
./csi-dataset/homeoffice-communication-28G-csi-nlos/t16x16_r2x1_test_small/seed2831-epoch31-92.mat,-86.69192993431132,218.0,89.0,-86.68492307210744,0.2596285524519698,14.302136898040771,219.0,89.0,-98.12276980714523,-0.00700686220388036,0.9998476912903043
./csi-dataset/homeoffice-communication-28G-csi-nlos/t16x16_r2x1_test_small/seed2831-epoch31-93.mat,-82.94816354015546,336.0,20.0,-115.98516221884081,0.08014854549437467,16.174185276031494,235.0,89.0,-101.18953742732975,33.03699867868535,92.80005238008806
./csi-dataset/homeoffice-communication-28G-csi-nlos/t16x16_r2x1_test_small/seed2831-epoch31-94.mat,-88.13711547925244,356.0,80.0,-122.35153228686707,0.08253129426777694,12.657462120056152,144.0,47.0,-106.21656881826405,34.214416807614626,119.49665581229873
./csi-dataset/homeoffice-communication-28G-csi-nlos/t16x16_r2x1_test_small/seed2831-epoch31-96.mat,-80.39840291340434,238.0,15.0,-131.85685153006818,-1.267220909045744,16.076629877090454,320.0,89.0,-98.23768676633517,51.458448616663844,86.96919313047502
./csi-dataset/homeoffice-communication-28G-csi-nlos/t16x16_r2x1_test_small/seed2831-epoch31-97.mat,-89.72928884771557,209.0,74.0,-96.65497169716156,-0.12982949852351933,12.648293256759644,198.0,64.0,-104.78749428215865,6.925682849445991,14.318929343888025
./csi-dataset/homeoffice-communication-28G-csi-nlos/t16x16_r2x1_test_small/seed2831-epoch31-98.mat,-84.98734072478761,130.0,65.0,-84.97065084808455,-0.35082718698216553,14.998486995697021,131.0,66.0,-99.17465896915543,-0.016689876703068762,1.3520324638840417
./csi-dataset/homeoffice-communication-28G-csi-nlos/t16x16_r2x1_test_small/seed2831-epoch31-99.mat,-93.8083876680506,21.0,49.0,-94.50985966738295,-0.03776156713453105,11.901587963104248,21.0,47.0,-106.09201273175853,0.7014719993323553,2.0000000000001297
./csi-dataset/homeoffice-communication-28G-csi-nlos/t16x16_r2x1_test_small/seed2862-epoch7-10.mat,-91.01355684624312,182.0,68.0,-94.34352188592563,-0.3532451083607515,14.336457252502441,344.0,63.0,-104.8760883631496,3.329965039682506,127.9973844704496
./csi-dataset/homeoffice-communication-28G-csi-nlos/t16x16_r2x1_test_small/seed2862-epoch7-100.mat,-89.12246279211693,208.0,35.0,-131.34134560151662,0.19732771658869597,15.587987899780273,91.0,43.0,-108.59673409715995,42.21888280939969,65.07075721251945
./csi-dataset/homeoffice-communication-28G-csi-nlos/t16x16_r2x1_test_small/seed2862-epoch7-11.mat,-99.9279247674306,38.0,16.0,-100.34359858177606,0.08072173904368096,11.244482517242432,38.0,15.0,-113.18890291809791,0.41567381434546746,0.9999999999999002
./csi-dataset/homeoffice-communication-28G-csi-nlos/t16x16_r2x1_test_small/seed2862-epoch7-12.mat,-92.46167366886844,9.0,52.0,-120.68983712396559,-0.22339906261761167,15.212812662124634,340.0,45.0,-111.9019876674611,28.228163455097146,22.678433580787523
./csi-dataset/homeoffice-communication-28G-csi-nlos/t16x16_r2x1_test_small/seed2862-epoch7-13.mat,-97.75638859017764,282.0,21.0,-130.10481978063578,-0.30170385560565705,14.696568012237549,355.0,26.0,-112.38575138418352,32.34843119045814,27.7450834523592
./csi-dataset/homeoffice-communication-28G-csi-nlos/t16x16_r2x1_test_small/seed2862-epoch7-14.mat,-86.56071599692729,163.0,39.0,-112.21503494781503,-0.18090917154574893,13.326876878738403,80.0,5.0,-102.01182308365327,25.654318950887742,38.65941618178595
./csi-dataset/homeoffice-communication-28G-csi-nlos/t16x16_r2x1_test_small/seed2862-epoch7-15.mat,-97.27805783134394,252.0,22.0,-97.52421472638416,-0.20279778565552187,14.244770765304565,255.0,22.0,-110.42426906807796,0.24615689504021532,1.123709418566352
./csi-dataset/homeoffice-communication-28G-csi-nlos/t16x16_r2x1_test_small/seed2862-epoch7-16.mat,-102.28027230089528,9.0,71.0,-102.3042721213354,-0.1091170008864879,13.13580060005188,9.0,71.0,-114.46445759710906,0.02399982044012461,0.0
./csi-dataset/homeoffice-communication-28G-csi-nlos/t16x16_r2x1_test_small/seed2862-epoch7-18.mat,-86.11819728745161,235.0,53.0,-135.75680331345288,-0.4550327262653475,13.42753529548645,95.0,47.0,-102.81099366632853,49.63860602600127,92.12032679819656
./csi-dataset/homeoffice-communication-28G-csi-nlos/t16x16_r2x1_test_small/seed2862-epoch7-19.mat,-99.47950772648574,298.0,4.0,-137.63528306436416,-0.21447996329151997,17.543659925460815,337.0,47.0,-115.46359453245122,38.155775337878424,43.94680470867656
./csi-dataset/homeoffice-communication-28G-csi-nlos/t16x16_r2x1_test_small/seed2862-epoch7-2.mat,-91.22959746360284,10.0,38.0,-124.12922479102508,0.08695354137672784,15.3072669506073,321.0,62.0,-107.13943270653937,32.89962732742224,43.39953557189553
./csi-dataset/homeoffice-communication-28G-csi-nlos/t16x16_r2x1_test_small/seed2862-epoch7-21.mat,-86.23514237358731,62.0,29.0,-86.59019714794147,-0.6383211712519397,15.52560043334961,60.0,29.0,-98.27287519683827,0.35505477435415855,0.9695815830693915
./csi-dataset/homeoffice-communication-28G-csi-nlos/t16x16_r2x1_test_small/seed2862-epoch7-22.mat,-99.84372821238738,151.0,11.0,-99.99357407673739,0.1090600230030927,11.493724346160889,155.0,11.0,-111.83360997354688,0.1498458643500129,0.763086634103305
./csi-dataset/homeoffice-communication-28G-csi-nlos/t16x16_r2x1_test_small/seed2862-epoch7-23.mat,-97.39849541134916,187.0,54.0,-97.63618256182201,0.13027940281004824,12.958200931549072,186.0,55.0,-109.80640826486302,0.23768715047285127,1.2894711697613097
./csi-dataset/homeoffice-communication-28G-csi-nlos/t16x16_r2x1_test_small/seed2862-epoch7-24.mat,-84.25880848878059,37.0,65.0,-86.8563674210167,-0.4174905222525016,14.629836559295654,26.0,70.0,-99.15957815495553,2.5975589322361117,11.319627947120935
./csi-dataset/homeoffice-communication-28G-csi-nlos/t16x16_r2x1_test_small/seed2862-epoch7-25.mat,-93.1260049711416,323.0,46.0,-127.27590025099191,-0.4264418453541312,12.61706256866455,274.0,36.0,-111.8683436758981,34.14989527985031,32.92491869689432
./csi-dataset/homeoffice-communication-28G-csi-nlos/t16x16_r2x1_test_small/seed2862-epoch7-26.mat,-93.62847035062345,349.0,59.0,-141.73935955037953,0.032507751630626136,13.559337139129639,82.0,68.0,-110.57944774145939,48.11088919975609,81.29526156364149
./csi-dataset/homeoffice-communication-28G-csi-nlos/t16x16_r2x1_test_small/seed2862-epoch7-27.mat,-80.44103494956532,138.0,56.0,-118.91674563612827,0.1255019442711114,14.194108009338379,273.0,29.0,-97.925123844622,38.47571068656295,78.17770325571564
./csi-dataset/homeoffice-communication-28G-csi-nlos/t16x16_r2x1_test_small/seed2862-epoch7-28.mat,-97.62120237145638,35.0,21.0,-126.91837197067387,0.1716115758620559,10.734930276870728,246.0,42.0,-111.64425586308181,29.297169599217497,60.774962916540275
./csi-dataset/homeoffice-communication-28G-csi-nlos/t16x16_r2x1_test_small/seed2862-epoch7-29.mat,-93.0598906809461,351.0,52.0,-97.67429553007554,-0.5134878586469169,15.220253944396973,167.0,32.0,-104.88109248122278,4.614404849129443,83.94139402707043
./csi-dataset/homeoffice-communication-28G-csi-nlos/t16x16_r2x1_test_small/seed2862-epoch7-3.mat,-85.2212255939668,187.0,60.0,-129.29142517548712,0.12759460623653973,12.703116416931152,99.0,24.0,-100.58549796689448,44.07019958152031,62.02632237721964
./csi-dataset/homeoffice-communication-28G-csi-nlos/t16x16_r2x1_test_small/seed2862-epoch7-30.mat,-95.4873357934281,345.0,66.0,-131.96373540610355,-0.4929953908340754,14.407756805419922,279.0,76.0,-112.92604979488546,36.47639961267545,62.68168242222744
./csi-dataset/homeoffice-communication-28G-csi-nlos/t16x16_r2x1_test_small/seed2862-epoch7-32.mat,-91.38618092855424,250.0,42.0,-91.61306365202228,-0.08860056704156594,16.100051164627075,250.0,41.0,-105.34979758908834,0.22688272346803728,0.9999999999999002
./csi-dataset/homeoffice-communication-28G-csi-nlos/t16x16_r2x1_test_small/seed2862-epoch7-33.mat,-87.57325737123179,81.0,29.0,-89.06838338506383,0.0004814960248544775,17.38363003730774,26.0,64.0,-102.6659704401129,1.495126013832035,50.70298657873054
./csi-dataset/homeoffice-communication-28G-csi-nlos/t16x16_r2x1_test_small/seed2862-epoch7-34.mat,-98.25575322862024,250.0,62.0,-100.16306219705405,-0.16047454826336804,11.936995506286621,261.0,55.0,-109.64646107350899,1.90730896843381,11.690145175815342
./csi-dataset/homeoffice-communication-28G-csi-nlos/t16x16_r2x1_test_small/seed2862-epoch7-35.mat,-88.4386008191363,283.0,48.0,-88.50237392930879,-0.09188048468452426,16.430732011795044,283.0,49.0,-102.28596659869625,0.06377311017249099,0.9999999999999002
./csi-dataset/homeoffice-communication-28G-csi-nlos/t16x16_r2x1_test_small/seed2862-epoch7-36.mat,-84.49243559257565,341.0,33.0,-84.98274472016038,-0.03297681693565391,15.578892707824707,339.0,34.0,-98.33934494273768,0.4903091275847373,1.4893652867120357
./csi-dataset/homeoffice-communication-28G-csi-nlos/t16x16_r2x1_test_small/seed2862-epoch7-37.mat,-113.77276901779622,194.0,33.0,-114.27515891191048,0.10713988627017945,10.92539930343628,195.0,32.0,-125.84221455323708,0.502389894114259,1.1351758269281864
./csi-dataset/homeoffice-communication-28G-csi-nlos/t16x16_r2x1_test_small/seed2862-epoch7-38.mat,-106.5762290645366,25.0,74.0,-106.86200151377994,0.34295376099269304,12.502339839935303,24.0,76.0,-118.97699382189958,0.2857724492433391,2.2210123745180264
./csi-dataset/homeoffice-communication-28G-csi-nlos/t16x16_r2x1_test_small/seed2862-epoch7-39.mat,-107.7867906157284,6.0,76.0,-107.86600318330048,0.16416777135740102,11.670912265777588,5.0,76.0,-120.3036824415595,0.07921256757207118,0.9702950054840921
./csi-dataset/homeoffice-communication-28G-csi-nlos/t16x16_r2x1_test_small/seed2862-epoch7-4.mat,-111.90883573439072,323.0,35.0,-150.2159977209921,0.19937532290881121,14.530457735061646,5.0,66.0,-128.473034233955,38.307161986601386,43.73224352202013
./csi-dataset/homeoffice-communication-28G-csi-nlos/t16x16_r2x1_test_small/seed2862-epoch7-41.mat,-101.70542198543086,248.0,56.0,-110.2722973969758,0.05247447223188062,16.573286533355713,244.0,62.0,-117.04793189933764,8.566875411544942,6.908843058898366
./csi-dataset/homeoffice-communication-28G-csi-nlos/t16x16_r2x1_test_small/seed2862-epoch7-42.mat,-94.24839905955862,56.0,54.0,-94.28209236374337,0.1114326163273246,13.908023118972778,56.0,55.0,-105.49177038376354,0.03369330418475158,0.9999999999999002
./csi-dataset/homeoffice-communication-28G-csi-nlos/t16x16_r2x1_test_small/seed2862-epoch7-43.mat,-90.30576018445068,153.0,43.0,-90.33453914245933,0.1263413288267653,16.64719796180725,153.0,43.0,-103.12453725731507,0.02877895800865815,0.0
./csi-dataset/homeoffice-communication-28G-csi-nlos/t16x16_r2x1_test_small/seed2862-epoch7-44.mat,-104.53476341116392,350.0,60.0,-106.49050419075576,-0.30538542623096143,13.583276987075806,11.0,60.0,-118.56694485647202,1.9557407795918351,18.160836616236832
./csi-dataset/homeoffice-communication-28G-csi-nlos/t16x16_r2x1_test_small/seed2862-epoch7-45.mat,-97.77468836759684,148.0,36.0,-97.95222974754908,0.14631791747704148,12.171578168869019,149.0,35.0,-109.6515779053969,0.1775413799522454,1.156352547621995
./csi-dataset/homeoffice-communication-28G-csi-nlos/t16x16_r2x1_test_small/seed2862-epoch7-46.mat,-89.24502620091253,265.0,16.0,-89.60933189209285,0.08968813330462866,12.651033639907837,262.0,15.0,-101.30757145750653,0.36430569118031997,1.2813891498816365
./csi-dataset/homeoffice-communication-28G-csi-nlos/t16x16_r2x1_test_small/seed2862-epoch7-47.mat,-83.61415689341413,200.0,46.0,-83.69084708905743,-0.30262186798859814,15.210587978363037,201.0,46.0,-98.39728174335883,0.0766901956432946,0.7193353945255158
./csi-dataset/homeoffice-communication-28G-csi-nlos/t16x16_r2x1_test_small/seed2862-epoch7-48.mat,-104.6474160502736,107.0,48.0,-104.65587164848456,0.2610398955032771,12.08486032485962,107.0,49.0,-117.45198483242164,0.00845559821095776,0.9999999999999002
./csi-dataset/homeoffice-communication-28G-csi-nlos/t16x16_r2x1_test_small/seed2862-epoch7-5.mat,-93.23984469216144,107.0,51.0,-93.26249958008404,-0.1250572692367018,16.172256231307983,107.0,52.0,-106.12463851101091,0.022654887922598732,0.9999999999991713
./csi-dataset/homeoffice-communication-28G-csi-nlos/t16x16_r2x1_test_small/seed2862-epoch7-50.mat,-99.20981575236434,355.0,37.0,-99.25184312205204,-0.298374589928303,13.2558434009552,356.0,37.0,-111.4501341686501,0.04202736968770182,0.6018101511498652
./csi-dataset/homeoffice-communication-28G-csi-nlos/t16x16_r2x1_test_small/seed2862-epoch7-51.mat,-82.57251904889556,88.0,33.0,-90.99519463803423,0.12823184104518737,14.079214334487915,82.0,28.0,-96.25355199277516,8.422675589138677,5.84896228376348
./csi-dataset/homeoffice-communication-28G-csi-nlos/t16x16_r2x1_test_small/seed2862-epoch7-52.mat,-90.19514396903848,74.0,71.0,-136.05956507167673,0.16525653627154624,16.265885591506958,215.0,89.0,-104.12566567534782,45.86442110263825,136.80363707312745
./csi-dataset/homeoffice-communication-28G-csi-nlos/t16x16_r2x1_test_small/seed2862-epoch7-53.mat,-98.68407752548072,130.0,53.0,-136.2439743265894,-0.49367958016961877,14.065343379974365,280.0,37.0,-112.40261673382372,37.55989680110869,86.30803723550302
./csi-dataset/homeoffice-communication-28G-csi-nlos/t16x16_r2x1_test_small/seed2862-epoch7-54.mat,-89.59431680302701,39.0,54.0,-125.41335135029178,0.2392306436470618,14.958722352981567,250.0,89.0,-108.54686241438299,35.81903454726476,133.08628928652425
./csi-dataset/homeoffice-communication-28G-csi-nlos/t16x16_r2x1_test_small/seed2862-epoch7-55.mat,-108.6235663195552,349.0,73.0,-108.71650934662257,0.16006436605156393,10.460692405700684,350.0,72.0,-121.40237092375408,0.09294302706737767,1.3818624961238861
./csi-dataset/homeoffice-communication-28G-csi-nlos/t16x16_r2x1_test_small/seed2862-epoch7-56.mat,-84.71429981564074,180.0,44.0,-84.74984024392343,-0.8635952304449854,15.721134424209595,181.0,45.0,-96.75864617554225,0.035540428282686776,1.2211536508404743
./csi-dataset/homeoffice-communication-28G-csi-nlos/t16x16_r2x1_test_small/seed2862-epoch7-57.mat,-83.92997966811812,306.0,15.0,-83.96160655182543,0.2278177106585506,14.675557851791382,306.0,15.0,-96.52229991435041,0.03162688370730393,0.0
./csi-dataset/homeoffice-communication-28G-csi-nlos/t16x16_r2x1_test_small/seed2862-epoch7-58.mat,-83.9795086821732,301.0,52.0,-115.21964695016075,-0.2241577342590768,15.578436851501465,345.0,57.0,-105.21572013120347,31.240138267987547,35.8344864302345
./csi-dataset/homeoffice-communication-28G-csi-nlos/t16x16_r2x1_test_small/seed2862-epoch7-59.mat,-100.91980848887822,139.0,70.0,-119.34167107602063,-0.08592617490402255,15.885021448135376,153.0,65.0,-114.73065781832844,18.421862587142414,13.8568722278177
./csi-dataset/homeoffice-communication-28G-csi-nlos/t16x16_r2x1_test_small/seed2862-epoch7-60.mat,-84.75576853653658,294.0,47.0,-126.47850607414776,0.09392779384882122,15.87753701210022,234.0,31.0,-102.97967017341493,41.72273753761118,39.38278988445503
./csi-dataset/homeoffice-communication-28G-csi-nlos/t16x16_r2x1_test_small/seed2862-epoch7-61.mat,-92.05022291543813,354.0,58.0,-136.88056427848693,-0.15334593739253055,15.239368677139282,286.0,47.0,-105.85981284300439,44.8303413630488,53.576872306771065
./csi-dataset/homeoffice-communication-28G-csi-nlos/t16x16_r2x1_test_small/seed2862-epoch7-64.mat,-91.45992707186124,335.0,58.0,-91.99616310841512,0.27960510305911923,11.724281549453735,334.0,58.0,-105.5272277317795,0.5362360365538734,0.8480450734750878
./csi-dataset/homeoffice-communication-28G-csi-nlos/t16x16_r2x1_test_small/seed2862-epoch7-65.mat,-91.92916944183332,337.0,24.0,-92.14232437711792,0.13665804400226922,15.019781351089478,336.0,24.0,-104.67119593611099,0.21315493528459228,0.4067323346576899
./csi-dataset/homeoffice-communication-28G-csi-nlos/t16x16_r2x1_test_small/seed2862-epoch7-66.mat,-89.86923798178977,230.0,15.0,-90.35431255963509,-0.1708763156617159,15.758925914764404,233.0,14.0,-103.87085537765023,0.4850745778453245,1.25037349465708
./csi-dataset/homeoffice-communication-28G-csi-nlos/t16x16_r2x1_test_small/seed2862-epoch7-67.mat,-96.1470385338488,358.0,71.0,-139.44374676932415,0.37149141744332004,11.716465473175049,96.0,30.0,-111.86021828583006,43.29670823547535,77.51670747818439
./csi-dataset/homeoffice-communication-28G-csi-nlos/t16x16_r2x1_test_small/seed2862-epoch7-68.mat,-91.41439064506127,196.0,46.0,-94.37433630250645,0.15894278945193818,14.360857248306274,193.0,44.0,-104.43522781954982,2.959945657445175,2.915074287213602
./csi-dataset/homeoffice-communication-28G-csi-nlos/t16x16_r2x1_test_small/seed2862-epoch7-69.mat,-113.86654706671206,333.0,26.0,-114.15071378273545,-0.4166248326843087,13.733909606933594,336.0,26.0,-125.50508913189714,0.2841667160233925,1.3149920790033478
./csi-dataset/homeoffice-communication-28G-csi-nlos/t16x16_r2x1_test_small/seed2862-epoch7-7.mat,-98.6568630732178,177.0,42.0,-98.99836366684484,0.053142720515053976,14.950162172317505,177.0,41.0,-111.54618934582476,0.3415005936270319,0.9999999999999002
./csi-dataset/homeoffice-communication-28G-csi-nlos/t16x16_r2x1_test_small/seed2862-epoch7-70.mat,-91.85704632781466,207.0,27.0,-92.87614325805323,0.13087849455440637,13.010315656661987,210.0,25.0,-105.57215769948216,1.0190969302385753,2.393076253232017
./csi-dataset/homeoffice-communication-28G-csi-nlos/t16x16_r2x1_test_small/seed2862-epoch7-72.mat,-86.46524406958525,314.0,60.0,-86.94192228695113,0.1286383264642117,15.805906534194946,313.0,61.0,-100.12806062949286,0.47667821736587257,1.325698562410945
./csi-dataset/homeoffice-communication-28G-csi-nlos/t16x16_r2x1_test_small/seed2862-epoch7-73.mat,-95.59524039852806,171.0,57.0,-95.9665301328659,0.07178470364878198,15.909977436065674,171.0,56.0,-108.68710081621538,0.37128973433783585,1.0000000000002647
./csi-dataset/homeoffice-communication-28G-csi-nlos/t16x16_r2x1_test_small/seed2862-epoch7-74.mat,-88.37033648434571,170.0,22.0,-88.56172165715768,0.07229118993844774,12.704293727874756,168.0,22.0,-101.30041875467752,0.19138517281196243,0.7491804872375849
./csi-dataset/homeoffice-communication-28G-csi-nlos/t16x16_r2x1_test_small/seed2862-epoch7-75.mat,-91.08647474425815,90.0,7.0,-91.8976676723776,-0.8504465489825372,14.507292032241821,88.0,9.0,-104.43700022305941,0.8111929281194392,2.01897651149449
./csi-dataset/homeoffice-communication-28G-csi-nlos/t16x16_r2x1_test_small/seed2862-epoch7-76.mat,-88.12882773186409,279.0,58.0,-91.42636005340165,0.10486161893970236,15.122641563415527,291.0,63.0,-104.43724238718416,3.2975323215375596,11.569352177661692
./csi-dataset/homeoffice-communication-28G-csi-nlos/t16x16_r2x1_test_small/seed2862-epoch7-77.mat,-101.92985821172095,52.0,65.0,-102.06010160158164,0.17207113559578502,14.779805898666382,52.0,64.0,-112.8024131352037,0.13024338986068074,0.9999999999991713
./csi-dataset/homeoffice-communication-28G-csi-nlos/t16x16_r2x1_test_small/seed2862-epoch7-79.mat,-80.51163896130689,309.0,30.0,-80.99617850094063,0.08414639272423463,13.348288774490356,309.0,29.0,-93.57128045964139,0.48453953963374374,0.9999999999999002
./csi-dataset/homeoffice-communication-28G-csi-nlos/t16x16_r2x1_test_small/seed2862-epoch7-8.mat,-81.7574061255394,268.0,28.0,-87.68583173814734,-0.10381323861779501,12.486820936203003,299.0,79.0,-95.09373806224096,5.928425612607938,55.70204898257526
./csi-dataset/homeoffice-communication-28G-csi-nlos/t16x16_r2x1_test_small/seed2862-epoch7-80.mat,-94.7954522214262,30.0,64.0,-98.85709327274932,0.16461450420673573,13.38547420501709,123.0,58.0,-109.45410534040798,4.061641051323122,78.906550709498
./csi-dataset/homeoffice-communication-28G-csi-nlos/t16x16_r2x1_test_small/seed2862-epoch7-81.mat,-92.4712287341842,14.0,65.0,-120.71407628375263,-0.21392690651684765,13.010072469711304,171.0,17.0,-111.23684647080862,28.242847549568438,80.77931086712489
./csi-dataset/homeoffice-communication-28G-csi-nlos/t16x16_r2x1_test_small/seed2862-epoch7-82.mat,-82.00590405829001,221.0,37.0,-117.34482839788933,0.10001674941610161,15.251256465911865,20.0,43.0,-96.55379535077257,35.338924339599316,78.40986729980688
./csi-dataset/homeoffice-communication-28G-csi-nlos/t16x16_r2x1_test_small/seed2862-epoch7-83.mat,-98.38141370275764,287.0,44.0,-106.42298105017417,-0.12337579663855802,12.368136882781982,302.0,30.0,-111.92488184943787,8.041567347416532,16.57226163104559
./csi-dataset/homeoffice-communication-28G-csi-nlos/t16x16_r2x1_test_small/seed2862-epoch7-85.mat,-97.7977166755628,2.0,79.0,-139.8459733060043,0.11939230020215463,12.106678247451782,227.0,52.0,-109.99328063639268,42.048256630441514,115.4356125491647
./csi-dataset/homeoffice-communication-28G-csi-nlos/t16x16_r2x1_test_small/seed2862-epoch7-87.mat,-95.98008591157884,125.0,35.0,-133.21191703453832,-0.047648614515604315,14.369914770126343,188.0,14.0,-108.46901832791866,37.23183112295948,30.927785174660325
./csi-dataset/homeoffice-communication-28G-csi-nlos/t16x16_r2x1_test_small/seed2862-epoch7-88.mat,-98.9060393454366,245.0,67.0,-101.78568977971176,0.13392546367987967,14.935306310653687,239.0,57.0,-111.97964395946724,2.879650434275163,11.310522972381653
./csi-dataset/homeoffice-communication-28G-csi-nlos/t16x16_r2x1_test_small/seed2862-epoch7-89.mat,-77.35867403002725,14.0,69.0,-77.36405638675757,-0.2607648660330668,13.448421239852905,14.0,69.0,-89.24233576511452,0.005382356730322613,0.0
./csi-dataset/homeoffice-communication-28G-csi-nlos/t16x16_r2x1_test_small/seed2862-epoch7-9.mat,-86.75552927373474,257.0,34.0,-86.82255648603885,-0.1452033084115969,12.237828969955444,258.0,34.0,-98.96376707818544,0.06702721230411157,0.5591880253050119
./csi-dataset/homeoffice-communication-28G-csi-nlos/t16x16_r2x1_test_small/seed2862-epoch7-91.mat,-100.76651269914169,314.0,20.0,-100.83893865396787,-0.025496325965200572,13.675786972045898,314.0,20.0,-111.75719784773338,0.07242595482618697,0.0
./csi-dataset/homeoffice-communication-28G-csi-nlos/t16x16_r2x1_test_small/seed2862-epoch7-92.mat,-90.08807424474588,220.0,50.0,-90.23500392711384,-0.3284720004720034,14.145503282546997,220.0,51.0,-102.84644852534144,0.14692968236795423,0.9999999999999002
./csi-dataset/homeoffice-communication-28G-csi-nlos/t16x16_r2x1_test_small/seed2862-epoch7-93.mat,-98.30553040424546,7.0,48.0,-98.67352345100875,-0.24459454202941222,13.703263759613037,9.0,48.0,-112.84423526408429,0.3679930467632886,1.4862558635376428
./csi-dataset/homeoffice-communication-28G-csi-nlos/t16x16_r2x1_test_small/seed2862-epoch7-94.mat,-96.60836664174656,349.0,38.0,-100.0851225779764,0.14392299412024423,11.590551614761353,345.0,38.0,-108.95173820538167,3.47675593622985,2.462335306967545
./csi-dataset/homeoffice-communication-28G-csi-nlos/t16x16_r2x1_test_small/seed2862-epoch7-95.mat,-99.75904596620026,168.0,56.0,-100.10708605839099,-0.535266857610708,15.118656396865845,169.0,55.0,-115.35760829212309,0.34804009219072896,1.2958150987620969
./csi-dataset/homeoffice-communication-28G-csi-nlos/t16x16_r2x1_test_small/seed2862-epoch7-96.mat,-102.24222072818252,280.0,29.0,-103.93233378380978,-0.38661666813929063,14.88834834098816,278.0,27.0,-113.97314385393767,1.6901130556272648,2.2091864870566185
./csi-dataset/homeoffice-communication-28G-csi-nlos/t16x16_r2x1_test_small/seed2862-epoch7-97.mat,-94.55155026169876,349.0,77.0,-95.78054212035953,-0.07689173892196766,12.246936321258545,348.0,82.0,-105.06243428162847,1.2289918586607627,5.0956954878969585
./csi-dataset/homeoffice-communication-28G-csi-nlos/t16x16_r2x1_test_small/seed2862-epoch7-98.mat,-100.8638639422998,210.0,20.0,-101.01249951325184,-0.32118768551060906,15.674781322479248,213.0,20.0,-113.90921033419355,0.14863557095203817,1.025956932119438
./csi-dataset/homeoffice-communication-28G-csi-nlos/t16x16_r2x1_test_small/seed2862-epoch7-99.mat,-82.12869859689863,281.0,20.0,-82.47138292640287,0.4614893872111311,14.60218095779419,279.0,19.0,-95.98766450720095,0.34268432950423744,1.202242026558765
./csi-dataset/homeoffice-communication-28G-csi-nlos/t16x16_r2x1_test_small/seed3463-epoch28-10.mat,-88.24575704482163,211.0,63.0,-89.72696367920773,0.0757052110794012,16.00164294242859,209.0,66.0,-104.15597317693944,1.4812066343860977,3.5010465109379822
./csi-dataset/homeoffice-communication-28G-csi-nlos/t16x16_r2x1_test_small/seed3463-epoch28-100.mat,-83.74723096682914,201.0,24.0,-83.7384909171526,0.05736302293571982,15.53431510925293,201.0,24.0,-97.08113456631465,-0.008740049676532635,8.537736462515939e-07
./csi-dataset/homeoffice-communication-28G-csi-nlos/t16x16_r2x1_test_small/seed3463-epoch28-11.mat,-108.60067070442196,303.0,61.0,-145.1137669425618,0.23857027698500988,9.844388961791992,65.0,56.0,-120.5064726921629,36.51309623813984,96.49626458619896
./csi-dataset/homeoffice-communication-28G-csi-nlos/t16x16_r2x1_test_small/seed3463-epoch28-12.mat,-84.64504982241401,357.0,82.0,-85.22482362536813,-0.1453073191792722,16.04288935661316,181.0,89.0,-97.03047577502963,0.5797738029541222,170.155855335489
./csi-dataset/homeoffice-communication-28G-csi-nlos/t16x16_r2x1_test_small/seed3463-epoch28-14.mat,-79.7400331985122,138.0,37.0,-119.15257004537843,-0.31666987265152935,16.236496210098267,100.0,55.0,-96.70351541834381,39.41253684686623,32.16156049258861
./csi-dataset/homeoffice-communication-28G-csi-nlos/t16x16_r2x1_test_small/seed3463-epoch28-16.mat,-91.7021644339843,269.0,78.0,-122.37223306794886,0.30609069006450207,15.623679161071777,94.0,38.0,-114.80383071605941,30.67006863396456,115.85400814445597
./csi-dataset/homeoffice-communication-28G-csi-nlos/t16x16_r2x1_test_small/seed3463-epoch28-17.mat,-91.66312691489274,160.0,76.0,-92.49847608567964,-0.22438448024391322,14.307788610458374,159.0,72.0,-104.06891350342667,0.8353491707868983,4.113824780173226
./csi-dataset/homeoffice-communication-28G-csi-nlos/t16x16_r2x1_test_small/seed3463-epoch28-18.mat,-85.23818431577774,227.0,71.0,-86.5282947099641,-0.08240275538710429,14.565131664276123,226.0,69.0,-99.20000883855073,1.2901103941863568,2.209727199982712
./csi-dataset/homeoffice-communication-28G-csi-nlos/t16x16_r2x1_test_small/seed3463-epoch28-19.mat,-92.32891706570696,282.0,38.0,-92.47153333515809,0.18852983323689498,10.361635208129883,282.0,38.0,-103.73456235608961,0.14261626945112482,8.537736462515939e-07
./csi-dataset/homeoffice-communication-28G-csi-nlos/t16x16_r2x1_test_small/seed3463-epoch28-2.mat,-88.68590411048409,170.0,67.0,-114.57634457782761,-0.7126978185669695,16.154624462127686,86.0,11.0,-104.7232932855031,25.890440467343524,66.30225491497177
./csi-dataset/homeoffice-communication-28G-csi-nlos/t16x16_r2x1_test_small/seed3463-epoch28-21.mat,-87.93509589891288,197.0,74.0,-130.56071733928718,-0.5014253463274074,13.324799299240112,115.0,60.0,-102.78255938116081,42.6256214403743,75.30478932927338
./csi-dataset/homeoffice-communication-28G-csi-nlos/t16x16_r2x1_test_small/seed3463-epoch28-22.mat,-80.54477295126246,119.0,53.0,-109.42837966325554,-0.23894389429192575,15.334367990493774,62.0,64.0,-98.11396396427448,28.88360671199308,49.09816229212598
./csi-dataset/homeoffice-communication-28G-csi-nlos/t16x16_r2x1_test_small/seed3463-epoch28-23.mat,-88.31972523589583,68.0,34.0,-88.26270673292457,-0.12617170693943702,14.78149938583374,68.0,35.0,-102.80580361181364,-0.05701850297126043,1.0000000000002647
./csi-dataset/homeoffice-communication-28G-csi-nlos/t16x16_r2x1_test_small/seed3463-epoch28-24.mat,-89.08303001004342,231.0,60.0,-89.47653081174036,-0.266843424722208,14.05496883392334,231.0,59.0,-102.05491183323275,0.3935008016969448,0.9999999999999002
./csi-dataset/homeoffice-communication-28G-csi-nlos/t16x16_r2x1_test_small/seed3463-epoch28-25.mat,-77.75236908296927,194.0,43.0,-77.93896670274134,-0.5162170691344066,14.945244073867798,195.0,42.0,-89.93188975591292,0.18659761977207268,1.2067985945048632
./csi-dataset/homeoffice-communication-28G-csi-nlos/t16x16_r2x1_test_small/seed3463-epoch28-26.mat,-94.5792391389473,358.0,68.0,-96.97901412506158,0.030811362556692035,12.931323528289795,276.0,48.0,-106.44818216467483,2.3997749861142808,69.72322538639811
./csi-dataset/homeoffice-communication-28G-csi-nlos/t16x16_r2x1_test_small/seed3463-epoch28-27.mat,-89.79805324487215,43.0,30.0,-133.70044798409438,0.06018209606810876,14.156867742538452,235.0,61.0,-107.62530537116605,43.90239473922223,90.45242002103585
./csi-dataset/homeoffice-communication-28G-csi-nlos/t16x16_r2x1_test_small/seed3463-epoch28-28.mat,-92.37455109087104,338.0,85.0,-92.93023512759316,0.25584229160759986,13.640846490859985,338.0,81.0,-105.65553686367107,0.555684036722127,3.99999999999995
./csi-dataset/homeoffice-communication-28G-csi-nlos/t16x16_r2x1_test_small/seed3463-epoch28-29.mat,-84.47617806897935,35.0,47.0,-84.51029751400512,0.13337394744936037,12.37464451789856,35.0,47.0,-97.40194784920563,0.034119445025766026,1.2074182697257333e-06
./csi-dataset/homeoffice-communication-28G-csi-nlos/t16x16_r2x1_test_small/seed3463-epoch28-3.mat,-97.70797113867856,6.0,72.0,-97.70252789662143,0.18447075332614082,14.652947425842285,6.0,73.0,-108.15751703302385,-0.005443242057125985,1.0000000000002647
./csi-dataset/homeoffice-communication-28G-csi-nlos/t16x16_r2x1_test_small/seed3463-epoch28-30.mat,-85.35455791322272,15.0,41.0,-123.83426974571024,0.04707773030922913,14.948135614395142,203.0,53.0,-101.8763377002443,38.479711832487524,93.70718271877729
./csi-dataset/homeoffice-communication-28G-csi-nlos/t16x16_r2x1_test_small/seed3463-epoch28-31.mat,-87.22510431853506,56.0,5.0,-87.40548298925751,0.08966833171679311,12.157336473464966,52.0,6.0,-101.67877782223628,0.1803786707224475,1.0703797629199718
./csi-dataset/homeoffice-communication-28G-csi-nlos/t16x16_r2x1_test_small/seed3463-epoch28-32.mat,-96.88148663214874,1.0,30.0,-130.1893554137524,-0.23629720278501365,13.717927694320679,65.0,89.0,-112.46092076954758,33.30786878160366,76.45161543570755
./csi-dataset/homeoffice-communication-28G-csi-nlos/t16x16_r2x1_test_small/seed3463-epoch28-33.mat,-106.41685965141124,345.0,61.0,-112.31257408974857,0.20130430210730121,8.657678604125977,161.0,46.0,-119.96664218008922,5.895714438337322,106.90820018215688
./csi-dataset/homeoffice-communication-28G-csi-nlos/t16x16_r2x1_test_small/seed3463-epoch28-34.mat,-91.58364042959374,280.0,28.0,-128.4975229774702,0.11235350140265832,12.760274887084961,304.0,62.0,-104.50911346901741,36.913882547876455,37.514378944374236
./csi-dataset/homeoffice-communication-28G-csi-nlos/t16x16_r2x1_test_small/seed3463-epoch28-35.mat,-93.72824015698824,276.0,79.0,-93.9293545278407,0.07938488185803938,11.020824193954468,276.0,76.0,-105.60647947259872,0.20111437085246564,3.0000000000000444
./csi-dataset/homeoffice-communication-28G-csi-nlos/t16x16_r2x1_test_small/seed3463-epoch28-36.mat,-81.8945287745604,192.0,47.0,-83.90706182348787,-0.250579722891058,14.394644498825073,196.0,49.0,-99.14679836905195,2.012533048927466,3.5821140229183546
./csi-dataset/homeoffice-communication-28G-csi-nlos/t16x16_r2x1_test_small/seed3463-epoch28-37.mat,-80.01301397324603,316.0,74.0,-108.79645531357122,0.3873801131660499,15.716505289077759,190.0,31.0,-103.39713729966064,28.783441340325183,93.13777534864953
./csi-dataset/homeoffice-communication-28G-csi-nlos/t16x16_r2x1_test_small/seed3463-epoch28-38.mat,-90.23882969411686,176.0,47.0,-132.94741750566794,-0.3366171321696565,15.533358335494995,212.0,42.0,-106.88463836697974,42.708587811551084,25.480317017076896
./csi-dataset/homeoffice-communication-28G-csi-nlos/t16x16_r2x1_test_small/seed3463-epoch28-39.mat,-81.27921730720513,275.0,56.0,-81.3413711391334,0.16599430116920577,15.051249027252197,275.0,57.0,-96.88098341836198,0.06215383192827062,0.9999999999995357
./csi-dataset/homeoffice-communication-28G-csi-nlos/t16x16_r2x1_test_small/seed3463-epoch28-4.mat,-94.23476463206174,345.0,31.0,-95.08605988190834,-0.23025103192374252,12.392922639846802,344.0,30.0,-107.53724487182737,0.8512952498466007,1.1213952283986786
./csi-dataset/homeoffice-communication-28G-csi-nlos/t16x16_r2x1_test_small/seed3463-epoch28-40.mat,-88.3404021016535,81.0,23.0,-137.95937800114876,-0.19481717731905324,14.068010330200195,65.0,89.0,-102.72894906616926,49.61897589949527,66.94573990732877
./csi-dataset/homeoffice-communication-28G-csi-nlos/t16x16_r2x1_test_small/seed3463-epoch28-41.mat,-96.52058009122352,290.0,63.0,-124.82494133586557,0.03839271343849193,15.11442494392395,298.0,26.0,-114.83242178656627,28.304361244642052,37.36039234172025
./csi-dataset/homeoffice-communication-28G-csi-nlos/t16x16_r2x1_test_small/seed3463-epoch28-42.mat,-89.51410181646322,225.0,18.0,-91.17640526851088,-0.2527607977262394,15.165410995483398,184.0,61.0,-102.49553919373474,1.6623034520476523,48.31318781991853
./csi-dataset/homeoffice-communication-28G-csi-nlos/t16x16_r2x1_test_small/seed3463-epoch28-43.mat,-89.09339356155711,272.0,52.0,-89.78576687055586,-0.3229979318786427,12.119217872619629,271.0,55.0,-104.20082509947218,0.6923733089987536,3.105767192729948
./csi-dataset/homeoffice-communication-28G-csi-nlos/t16x16_r2x1_test_small/seed3463-epoch28-44.mat,-93.25550528350108,161.0,72.0,-93.4765522990663,0.11797304860905156,13.451685428619385,161.0,70.0,-105.12527839337503,0.22104701556521889,2.0000000000003118
./csi-dataset/homeoffice-communication-28G-csi-nlos/t16x16_r2x1_test_small/seed3463-epoch28-45.mat,-90.61603560527988,298.0,42.0,-92.64699993164214,-0.07859814667920673,14.323000431060791,90.0,56.0,-104.07700244469403,2.030964326362266,94.25756166101948
./csi-dataset/homeoffice-communication-28G-csi-nlos/t16x16_r2x1_test_small/seed3463-epoch28-46.mat,-94.98921571577417,164.0,72.0,-142.63893590449766,0.20164554590628425,11.377254962921143,230.0,58.0,-111.06301742155964,47.64972018872349,60.54077046176174
./csi-dataset/homeoffice-communication-28G-csi-nlos/t16x16_r2x1_test_small/seed3463-epoch28-47.mat,-83.59104446687405,54.0,4.0,-116.85956849808314,-0.26130410958312456,15.713212966918945,252.0,11.0,-100.05474721919686,33.26852403120908,14.855102992952558
./csi-dataset/homeoffice-communication-28G-csi-nlos/t16x16_r2x1_test_small/seed3463-epoch28-48.mat,-89.03446993854371,217.0,7.0,-89.04762550592297,-0.03963100423770061,15.611777305603027,219.0,7.0,-100.80152155998489,0.013155567379257604,0.243726496250789
./csi-dataset/homeoffice-communication-28G-csi-nlos/t16x16_r2x1_test_small/seed3463-epoch28-49.mat,-93.70962289894528,220.0,45.0,-93.71967697043205,-0.16966655620590654,11.501489639282227,220.0,45.0,-105.04929046676382,0.010054071486763405,0.0
./csi-dataset/homeoffice-communication-28G-csi-nlos/t16x16_r2x1_test_small/seed3463-epoch28-5.mat,-84.45411014963403,252.0,20.0,-86.6760758032879,-0.18983096712900638,14.729790449142456,248.0,17.0,-99.580252091784,2.221965653653868,3.2557792420411173
./csi-dataset/homeoffice-communication-28G-csi-nlos/t16x16_r2x1_test_small/seed3463-epoch28-50.mat,-86.60633493117504,216.0,33.0,-86.64348691311741,0.08037891225189553,15.244901418685913,216.0,33.0,-98.35608214486349,0.03715198194237246,0.0
./csi-dataset/homeoffice-communication-28G-csi-nlos/t16x16_r2x1_test_small/seed3463-epoch28-51.mat,-94.36947342392648,69.0,60.0,-138.4186713874834,0.028593783393268124,15.627353429794312,280.0,27.0,-110.41253501630806,44.049197963556935,83.77154310754602
./csi-dataset/homeoffice-communication-28G-csi-nlos/t16x16_r2x1_test_small/seed3463-epoch28-52.mat,-80.1617975270307,181.0,7.0,-80.29460846853968,-0.2690425650141046,15.148608922958374,182.0,8.0,-95.33204900919024,0.13281094150897843,1.0084450269099043
./csi-dataset/homeoffice-communication-28G-csi-nlos/t16x16_r2x1_test_small/seed3463-epoch28-53.mat,-92.43393588591177,312.0,77.0,-92.52457132580818,0.002943949048715977,14.889834642410278,313.0,75.0,-104.89346682305853,0.09063543989641687,2.2229167705201625
./csi-dataset/homeoffice-communication-28G-csi-nlos/t16x16_r2x1_test_small/seed3463-epoch28-54.mat,-93.95341740820528,343.0,82.0,-94.22251614467974,-0.6264649355098453,13.883792638778687,343.0,78.0,-105.71544962358915,0.2690987364744615,4.000000000000042
./csi-dataset/homeoffice-communication-28G-csi-nlos/t16x16_r2x1_test_small/seed3463-epoch28-55.mat,-98.17413017615296,302.0,62.0,-102.51591224348542,-0.0049200416399923785,13.305887460708618,22.0,36.0,-114.43568703244539,4.34178206733246,61.970180722338
./csi-dataset/homeoffice-communication-28G-csi-nlos/t16x16_r2x1_test_small/seed3463-epoch28-56.mat,-92.11292431542786,343.0,62.0,-92.32062342153931,0.0840268911307872,11.018433809280396,344.0,61.0,-104.6501161409308,0.20769910611144837,1.3312693600215528
./csi-dataset/homeoffice-communication-28G-csi-nlos/t16x16_r2x1_test_small/seed3463-epoch28-57.mat,-84.87276768310426,141.0,21.0,-85.09090615147028,0.16519802042631992,12.752580165863037,139.0,21.0,-98.86380475280421,0.21813846836602124,0.716704183912905
./csi-dataset/homeoffice-communication-28G-csi-nlos/t16x16_r2x1_test_small/seed3463-epoch28-58.mat,-90.53850998923912,347.0,70.0,-90.55720570301716,0.3163798244034185,15.985972881317139,348.0,72.0,-102.33789327231257,0.01869571377804391,2.212211540744253
./csi-dataset/homeoffice-communication-28G-csi-nlos/t16x16_r2x1_test_small/seed3463-epoch28-59.mat,-108.65367101286606,118.0,42.0,-109.35139297892354,0.28312506782392,9.079731941223145,119.0,41.0,-121.37454004011757,0.697721966057486,1.1995854334876037
./csi-dataset/homeoffice-communication-28G-csi-nlos/t16x16_r2x1_test_small/seed3463-epoch28-6.mat,-93.82701390316106,70.0,70.0,-94.22334801032248,0.239327119650232,10.5945463180542,70.0,67.0,-105.22765457886359,0.39633410716142237,3.0000000000000444
./csi-dataset/homeoffice-communication-28G-csi-nlos/t16x16_r2x1_test_small/seed3463-epoch28-60.mat,-93.53796677739012,356.0,72.0,-128.86953759295244,-0.3035966327131494,12.051896572113037,44.0,22.0,-104.15948440108642,35.331570815562316,58.3379435210485
./csi-dataset/homeoffice-communication-28G-csi-nlos/t16x16_r2x1_test_small/seed3463-epoch28-61.mat,-99.35250258799329,90.0,71.0,-141.78821435724987,0.035464683196409275,12.892464876174927,212.0,52.0,-112.27636385349145,42.435711769256585,101.2091988926463
./csi-dataset/homeoffice-communication-28G-csi-nlos/t16x16_r2x1_test_small/seed3463-epoch28-62.mat,-97.09221240654682,322.0,57.0,-98.22200354091592,-0.2714014298267071,15.324258804321289,321.0,60.0,-109.83211241911448,1.1297911343690998,3.118755673908638
./csi-dataset/homeoffice-communication-28G-csi-nlos/t16x16_r2x1_test_small/seed3463-epoch28-63.mat,-83.37807107395938,296.0,46.0,-127.71243950379748,0.10650104730969179,14.98043704032898,90.0,22.0,-103.52127949778408,44.33436842983811,66.30433450984789
./csi-dataset/homeoffice-communication-28G-csi-nlos/t16x16_r2x1_test_small/seed3463-epoch28-64.mat,-79.4523578976517,169.0,71.0,-79.5491068681618,0.2108684165136433,14.530938148498535,169.0,73.0,-93.41956052309526,0.09674897051010589,1.999999999999765
./csi-dataset/homeoffice-communication-28G-csi-nlos/t16x16_r2x1_test_small/seed3463-epoch28-65.mat,-90.00867371629448,201.0,28.0,-90.16319325087247,0.19330994882985486,13.033520460128784,201.0,29.0,-104.08004390256411,0.15451953457798595,0.9999999999999002
./csi-dataset/homeoffice-communication-28G-csi-nlos/t16x16_r2x1_test_small/seed3463-epoch28-67.mat,-84.02104069404288,47.0,53.0,-119.30925259265662,-0.05182994728829504,15.336588621139526,98.0,67.0,-100.66690889633477,35.28821189861374,45.74992449052805
./csi-dataset/homeoffice-communication-28G-csi-nlos/t16x16_r2x1_test_small/seed3463-epoch28-68.mat,-88.21873426945082,192.0,73.0,-88.41312630235812,-0.05019770063453044,11.889601230621338,192.0,73.0,-101.64192871860624,0.19439203290730234,1.2074182697257333e-06
./csi-dataset/homeoffice-communication-28G-csi-nlos/t16x16_r2x1_test_small/seed3463-epoch28-69.mat,-86.35649661442939,204.0,52.0,-88.17521698537695,0.04213076213667133,16.901788234710693,200.0,53.0,-99.29170322791347,1.8187203709475597,3.326909821930608
./csi-dataset/homeoffice-communication-28G-csi-nlos/t16x16_r2x1_test_small/seed3463-epoch28-7.mat,-86.35308456661697,272.0,30.0,-86.45338275155493,0.007924052414873373,15.29105281829834,272.0,30.0,-98.46682299754877,0.10029818493795517,0.0
./csi-dataset/homeoffice-communication-28G-csi-nlos/t16x16_r2x1_test_small/seed3463-epoch28-70.mat,-84.78009762670952,163.0,59.0,-84.98870566646025,-0.6341763595512404,14.256475448608398,162.0,59.0,-98.92249073175209,0.20860803975072884,0.8571644146975286
./csi-dataset/homeoffice-communication-28G-csi-nlos/t16x16_r2x1_test_small/seed3463-epoch28-71.mat,-87.78178174282367,137.0,54.0,-88.10039768199017,-0.05534522089352789,15.20006513595581,137.0,53.0,-102.71980766744215,0.31861593916650577,0.9999999999991713
./csi-dataset/homeoffice-communication-28G-csi-nlos/t16x16_r2x1_test_small/seed3463-epoch28-72.mat,-81.58339371772014,34.0,51.0,-82.21198361871848,0.2450806353255347,14.748199462890625,34.0,49.0,-97.77918458256732,0.6285899009983353,2.0000000000001297
./csi-dataset/homeoffice-communication-28G-csi-nlos/t16x16_r2x1_test_small/seed3463-epoch28-73.mat,-83.99409701173732,164.0,61.0,-121.25471082516212,0.4276704975136617,15.084665775299072,269.0,37.0,-100.57746359787853,37.2606138134248,75.46600580179233
./csi-dataset/homeoffice-communication-28G-csi-nlos/t16x16_r2x1_test_small/seed3463-epoch28-74.mat,-87.67489938155674,354.0,23.0,-87.837612740069,0.17867837665779018,14.69306492805481,353.0,24.0,-99.37517535559893,0.16271335851226354,1.076535806711609
./csi-dataset/homeoffice-communication-28G-csi-nlos/t16x16_r2x1_test_small/seed3463-epoch28-75.mat,-90.74336537319331,223.0,64.0,-127.94115916667619,-0.47603489681422184,15.508954286575317,128.0,58.0,-107.97148702307226,37.19779379348287,80.45225574394397
./csi-dataset/homeoffice-communication-28G-csi-nlos/t16x16_r2x1_test_small/seed3463-epoch28-76.mat,-87.44326893679067,355.0,40.0,-87.75888292617597,0.03382857691971308,13.09645700454712,355.0,42.0,-102.21222078748923,0.31561398938529805,2.0000000000001297
./csi-dataset/homeoffice-communication-28G-csi-nlos/t16x16_r2x1_test_small/seed3463-epoch28-77.mat,-91.7262608036603,310.0,23.0,-132.54176214794344,0.2370895014491161,14.928877353668213,118.0,34.0,-107.32916134881536,40.81550134428315,56.67320346865255
./csi-dataset/homeoffice-communication-28G-csi-nlos/t16x16_r2x1_test_small/seed3463-epoch28-78.mat,-88.95914556067497,174.0,35.0,-88.9931761419146,0.00847075803577324,14.315041303634644,174.0,35.0,-103.12541554907172,0.03403058123963376,1.2074182697257333e-06
./csi-dataset/homeoffice-communication-28G-csi-nlos/t16x16_r2x1_test_small/seed3463-epoch28-79.mat,-82.8443966907947,227.0,43.0,-83.02966311180677,0.13672623009060536,12.999582052230835,227.0,43.0,-96.2076811213842,0.18526642101207358,0.0
./csi-dataset/homeoffice-communication-28G-csi-nlos/t16x16_r2x1_test_small/seed3463-epoch28-8.mat,-89.67814453546674,133.0,38.0,-91.99172612599139,0.18830419905732687,12.128126621246338,171.0,75.0,-102.92983956845858,2.313581590524649,47.73434436036265
./csi-dataset/homeoffice-communication-28G-csi-nlos/t16x16_r2x1_test_small/seed3463-epoch28-80.mat,-104.36723421996024,279.0,82.0,-104.59032630650498,0.13727807175770268,11.70026183128357,280.0,78.0,-116.51621413925818,0.22309208654473878,4.119394963798002
./csi-dataset/homeoffice-communication-28G-csi-nlos/t16x16_r2x1_test_small/seed3463-epoch28-81.mat,-91.0738558671604,155.0,48.0,-91.66488755282755,0.04864725460239194,11.64925742149353,154.0,47.0,-101.61276126052533,0.5910316856671471,1.242386017010032
./csi-dataset/homeoffice-communication-28G-csi-nlos/t16x16_r2x1_test_small/seed3463-epoch28-82.mat,-84.71014161715273,189.0,41.0,-85.10889066773323,0.32842568916950265,14.405038833618164,188.0,40.0,-97.88948828304737,0.3987490505805056,1.1923597758459477
./csi-dataset/homeoffice-communication-28G-csi-nlos/t16x16_r2x1_test_small/seed3463-epoch28-83.mat,-84.5630421855256,344.0,84.0,-84.69628723066022,-0.3078896311990964,15.291771650314331,344.0,89.0,-97.0737277145389,0.13324504513461477,5.000000000000064
./csi-dataset/homeoffice-communication-28G-csi-nlos/t16x16_r2x1_test_small/seed3463-epoch28-85.mat,-93.0343684915482,72.0,25.0,-93.45920716814075,0.1927984891822293,12.738527536392212,71.0,24.0,-105.1283734492072,0.42483867659255736,1.0825430461820966
./csi-dataset/homeoffice-communication-28G-csi-nlos/t16x16_r2x1_test_small/seed3463-epoch28-86.mat,-88.79221402712746,181.0,73.0,-88.89579774741462,0.16872508716123102,13.940608978271484,182.0,72.0,-101.10764987064212,0.1035837202871619,1.3818624961236226
./csi-dataset/homeoffice-communication-28G-csi-nlos/t16x16_r2x1_test_small/seed3463-epoch28-87.mat,-97.5891692095108,198.0,18.0,-97.70718966222056,0.30221392945093906,12.870888471603394,200.0,18.0,-110.68279315561315,0.11802045270975725,0.6180056077586904
./csi-dataset/homeoffice-communication-28G-csi-nlos/t16x16_r2x1_test_small/seed3463-epoch28-88.mat,-80.19181987485526,295.0,32.0,-80.40158930758722,0.18488210422166862,15.756730556488037,294.0,32.0,-91.89192600333843,0.20976943273196014,0.5299144270040117
./csi-dataset/homeoffice-communication-28G-csi-nlos/t16x16_r2x1_test_small/seed3463-epoch28-89.mat,-86.95480889667724,181.0,77.0,-87.97637936650075,-0.3540992910039027,11.37178111076355,183.0,75.0,-102.29185196655463,1.0215704698235157,2.7866501536817294
./csi-dataset/homeoffice-communication-28G-csi-nlos/t16x16_r2x1_test_small/seed3463-epoch28-9.mat,-101.01571440531634,162.0,79.0,-101.62359233428987,0.33638164522635305,13.645612239837646,161.0,74.0,-112.26233899385346,0.6078779289735223,5.093603637757052
./csi-dataset/homeoffice-communication-28G-csi-nlos/t16x16_r2x1_test_small/seed3463-epoch28-90.mat,-96.79371366852595,330.0,65.0,-145.88946369136852,0.06877642550701735,14.602966785430908,49.0,29.0,-114.39387407377663,49.095750022842566,63.03351685112644
./csi-dataset/homeoffice-communication-28G-csi-nlos/t16x16_r2x1_test_small/seed3463-epoch28-91.mat,-92.01297336457432,135.0,76.0,-92.12588940454253,0.2913089645089286,12.169043064117432,136.0,74.0,-105.97001052347957,0.11291603996821209,2.2210123745180264
./csi-dataset/homeoffice-communication-28G-csi-nlos/t16x16_r2x1_test_small/seed3463-epoch28-92.mat,-92.7966575102426,189.0,70.0,-128.46360357722835,-0.1443137623361248,14.843459844589233,18.0,41.0,-107.78060362580455,35.66694606698576,110.53490156451862
./csi-dataset/homeoffice-communication-28G-csi-nlos/t16x16_r2x1_test_small/seed3463-epoch28-94.mat,-93.0800845513123,119.0,16.0,-93.35730802320904,-0.13969593972840344,12.5513014793396,120.0,15.0,-105.10488093156754,0.2772234718967468,1.0350565865888441
./csi-dataset/homeoffice-communication-28G-csi-nlos/t16x16_r2x1_test_small/seed3463-epoch28-95.mat,-79.20288523215736,352.0,39.0,-79.26904576440162,0.0888088035320902,14.9927237033844,352.0,40.0,-92.53464217982076,0.06616053224426821,1.0000000000002647
./csi-dataset/homeoffice-communication-28G-csi-nlos/t16x16_r2x1_test_small/seed3463-epoch28-96.mat,-92.27945059033524,24.0,35.0,-92.45604930861924,-0.43516107543372184,11.977610349655151,25.0,34.0,-105.20614807866832,0.17659871828399787,1.1492391511876439
./csi-dataset/homeoffice-communication-28G-csi-nlos/t16x16_r2x1_test_small/seed3463-epoch28-97.mat,-93.31741877400174,342.0,52.0,-93.96227168169051,0.28826405147461664,10.835427522659302,341.0,52.0,-107.92130736220426,0.6448529076887723,0.7880069624891246
./csi-dataset/homeoffice-communication-28G-csi-nlos/t16x16_r2x1_test_small/seed3463-epoch28-98.mat,-83.58980435927026,140.0,54.0,-83.6067610770748,0.21959147182039163,14.874830484390259,140.0,54.0,-96.54884852317535,0.016956717804532673,0.0
./csi-dataset/homeoffice-communication-28G-csi-nlos/t16x16_r2x1_test_small/seed3670-epoch27-1.mat,-91.76985949507596,283.0,45.0,-136.1370593129932,0.09177376590492026,13.627074241638184,209.0,49.0,-109.05309202103945,44.367199817917225,52.33811975708984
./csi-dataset/homeoffice-communication-28G-csi-nlos/t16x16_r2x1_test_small/seed3670-epoch27-10.mat,-90.88835447155196,356.0,69.0,-91.59540046653937,-0.42246717617117957,12.735270261764526,356.0,74.0,-105.37859183294654,0.7070459949874106,4.999999999999992
./csi-dataset/homeoffice-communication-28G-csi-nlos/t16x16_r2x1_test_small/seed3670-epoch27-100.mat,-86.51589570155747,252.0,59.0,-86.76697549083,0.08342474636578856,13.141224145889282,251.0,60.0,-102.26013115905504,0.2510797892725378,1.3199854135088573
./csi-dataset/homeoffice-communication-28G-csi-nlos/t16x16_r2x1_test_small/seed3670-epoch27-11.mat,-91.145153823771,171.0,73.0,-91.6038141635652,0.053277527972833805,13.013461589813232,173.0,77.0,-107.49343157163452,0.45866033979420706,4.441867043502187
./csi-dataset/homeoffice-communication-28G-csi-nlos/t16x16_r2x1_test_small/seed3670-epoch27-12.mat,-92.4406901840558,191.0,71.0,-92.49481749504567,-0.04239076253517693,12.749887943267822,191.0,73.0,-103.870950348731,0.05412731098986967,1.9999999999999472
./csi-dataset/homeoffice-communication-28G-csi-nlos/t16x16_r2x1_test_small/seed3670-epoch27-13.mat,-93.63607502838968,287.0,33.0,-96.93508327739758,-0.5688992464178217,12.246700525283813,260.0,15.0,-106.02311932437372,3.2990082490078976,20.659691608453283
./csi-dataset/homeoffice-communication-28G-csi-nlos/t16x16_r2x1_test_small/seed3670-epoch27-14.mat,-90.45709469485334,73.0,40.0,-90.84207628800549,-0.3527751155623502,12.541353225708008,74.0,42.0,-104.88775016007777,0.38498159315214764,2.1048016531362292
./csi-dataset/homeoffice-communication-28G-csi-nlos/t16x16_r2x1_test_small/seed3670-epoch27-15.mat,-93.44860513769578,80.0,45.0,-93.49119604374486,0.18230558458935842,15.718871116638184,80.0,45.0,-105.65347017842686,0.04259090604908522,0.0
./csi-dataset/homeoffice-communication-28G-csi-nlos/t16x16_r2x1_test_small/seed3670-epoch27-16.mat,-90.71883076748648,44.0,84.0,-92.76525530581985,0.19292267940737662,15.117851495742798,20.0,45.0,-104.18821647149318,2.046424538333369,44.2461968821943
./csi-dataset/homeoffice-communication-28G-csi-nlos/t16x16_r2x1_test_small/seed3670-epoch27-17.mat,-91.42944554792278,157.0,30.0,-136.05224766370162,-0.36379354496726424,15.465493202209473,101.0,89.0,-106.68230665577731,44.62280211577884,72.86236402150622
./csi-dataset/homeoffice-communication-28G-csi-nlos/t16x16_r2x1_test_small/seed3670-epoch27-18.mat,-92.07687932466064,187.0,48.0,-92.70625038517323,0.20055293839502042,15.358265399932861,186.0,47.0,-104.55508685039085,0.6293710605125966,1.242386017010032
./csi-dataset/homeoffice-communication-28G-csi-nlos/t16x16_r2x1_test_small/seed3670-epoch27-19.mat,-91.57783713880224,252.0,36.0,-91.64034466352781,-0.15733924317295744,13.77176833152771,252.0,36.0,-103.54398812710298,0.06250752472557508,0.0
./csi-dataset/homeoffice-communication-28G-csi-nlos/t16x16_r2x1_test_small/seed3670-epoch27-2.mat,-93.32738368578194,10.0,59.0,-93.42057203524243,0.4144805971967177,12.201407432556152,11.0,58.0,-106.51579070316616,0.09318834946049037,1.3141350637028628
./csi-dataset/homeoffice-communication-28G-csi-nlos/t16x16_r2x1_test_small/seed3670-epoch27-20.mat,-91.6631397091323,20.0,56.0,-92.38105323753501,-0.22119460869842444,11.556346416473389,19.0,55.0,-104.69869112404567,0.7179135284027183,1.2958150987623782
./csi-dataset/homeoffice-communication-28G-csi-nlos/t16x16_r2x1_test_small/seed3670-epoch27-21.mat,-86.86719604312242,121.0,10.0,-87.34102363779743,0.009935302693984682,13.150038957595825,121.0,9.0,-100.5130385579848,0.473827594675015,0.9999999999999002
./csi-dataset/homeoffice-communication-28G-csi-nlos/t16x16_r2x1_test_small/seed3670-epoch27-22.mat,-88.89362873512083,87.0,70.0,-88.94378788845204,0.017661188201783196,14.973339796066284,87.0,69.0,-102.30792723529056,0.05015915333120802,1.0000000000002647
./csi-dataset/homeoffice-communication-28G-csi-nlos/t16x16_r2x1_test_small/seed3670-epoch27-23.mat,-93.95492021666918,155.0,38.0,-94.01397042965232,-0.03717812138094123,12.080018997192383,155.0,39.0,-106.76034572349641,0.05905021298313784,0.9999999999999002
./csi-dataset/homeoffice-communication-28G-csi-nlos/t16x16_r2x1_test_small/seed3670-epoch27-24.mat,-94.225075673576,136.0,68.0,-94.32581551467942,-0.1154215078360008,13.568261861801147,136.0,68.0,-107.24859497436456,0.10073984110341883,8.537736462515939e-07
./csi-dataset/homeoffice-communication-28G-csi-nlos/t16x16_r2x1_test_small/seed3670-epoch27-25.mat,-89.74205110376032,156.0,52.0,-130.618068932114,-0.4423388890855875,15.049435138702393,61.0,4.0,-109.66560447258797,40.87601782835368,52.45597089509105
./csi-dataset/homeoffice-communication-28G-csi-nlos/t16x16_r2x1_test_small/seed3670-epoch27-26.mat,-104.99134524974566,327.0,38.0,-138.95239346205972,0.25695366642188244,10.137267827987671,319.0,14.0,-121.53121655542179,33.961048212314054,24.203375518047643
./csi-dataset/homeoffice-communication-28G-csi-nlos/t16x16_r2x1_test_small/seed3670-epoch27-27.mat,-94.75185891872422,339.0,40.0,-95.6562504616525,-0.08275639590001882,15.207948207855225,324.0,47.0,-107.00735947983347,0.9043915429282805,12.438515213101754
./csi-dataset/homeoffice-communication-28G-csi-nlos/t16x16_r2x1_test_small/seed3670-epoch27-28.mat,-97.21244103517144,221.0,58.0,-98.0024548289078,0.20421675872773382,13.121927976608276,221.0,56.0,-110.9589722929754,0.7900137937363638,2.0000000000004943
./csi-dataset/homeoffice-communication-28G-csi-nlos/t16x16_r2x1_test_small/seed3670-epoch27-3.mat,-88.47899471853039,303.0,32.0,-118.60422833313221,0.1505498366115916,15.65889573097229,215.0,56.0,-108.71583526348294,30.125233614601825,60.68868722464585
./csi-dataset/homeoffice-communication-28G-csi-nlos/t16x16_r2x1_test_small/seed3670-epoch27-30.mat,-92.24285516361066,67.0,44.0,-92.28716894145987,0.30916633681282657,12.574787378311157,67.0,44.0,-103.71538323860523,0.04431377784921153,0.0
./csi-dataset/homeoffice-communication-28G-csi-nlos/t16x16_r2x1_test_small/seed3670-epoch27-31.mat,-97.2322725555274,203.0,40.0,-98.8326246325897,0.08347572592107633,10.60170578956604,143.0,77.0,-109.72525575763697,1.600352077062297,60.95613955119846
./csi-dataset/homeoffice-communication-28G-csi-nlos/t16x16_r2x1_test_small/seed3670-epoch27-32.mat,-101.32699805262828,118.0,64.0,-101.73055662428061,-0.3825713443564762,15.551753759384155,117.0,65.0,-114.16169597255586,0.4035585716523258,1.347078901746263
./csi-dataset/homeoffice-communication-28G-csi-nlos/t16x16_r2x1_test_small/seed3670-epoch27-33.mat,-88.87917362842124,208.0,9.0,-89.41377757674401,-0.11455104248027048,15.383107900619507,218.0,8.0,-103.86356128800216,0.5346039483227685,1.7809705002518657
./csi-dataset/homeoffice-communication-28G-csi-nlos/t16x16_r2x1_test_small/seed3670-epoch27-34.mat,-95.18539279172104,100.0,38.0,-96.06923571847851,0.2953477780701914,10.880089282989502,110.0,59.0,-106.26430348389809,0.8838429267574668,22.24658065073977
./csi-dataset/homeoffice-communication-28G-csi-nlos/t16x16_r2x1_test_small/seed3670-epoch27-35.mat,-84.50142773174456,97.0,40.0,-84.53767692121653,-0.9765354323914046,15.381659507751465,97.0,40.0,-97.09272817289268,0.036249189471973864,8.537736462515939e-07
./csi-dataset/homeoffice-communication-28G-csi-nlos/t16x16_r2x1_test_small/seed3670-epoch27-36.mat,-105.6134106891079,155.0,56.0,-146.3607249618831,0.08457372569909027,10.19351315498352,3.0,23.0,-119.11338807481414,40.74731427277521,76.77792978905184
./csi-dataset/homeoffice-communication-28G-csi-nlos/t16x16_r2x1_test_small/seed3670-epoch27-37.mat,-87.22436927928672,168.0,17.0,-87.69771059106667,0.12284305044932142,14.864829778671265,173.0,17.0,-103.18550911686904,0.4733413117799472,1.461434322375332
./csi-dataset/homeoffice-communication-28G-csi-nlos/t16x16_r2x1_test_small/seed3670-epoch27-38.mat,-86.21926187619638,20.0,42.0,-117.62913367076413,-0.5557718745527078,12.977524280548096,80.0,62.0,-103.6331432196416,31.40987179456775,49.8876125793126
./csi-dataset/homeoffice-communication-28G-csi-nlos/t16x16_r2x1_test_small/seed3670-epoch27-39.mat,-93.35553933940932,222.0,67.0,-93.43151482334514,0.23042240912164658,14.357290029525757,222.0,68.0,-105.42699159013914,0.07597548393582088,1.0000000000002647
./csi-dataset/homeoffice-communication-28G-csi-nlos/t16x16_r2x1_test_small/seed3670-epoch27-4.mat,-98.24848895272878,201.0,60.0,-98.6035922862856,-0.08509044090981432,13.116607189178467,201.0,58.0,-108.87061705515609,0.35510333355682633,1.999999999999765
./csi-dataset/homeoffice-communication-28G-csi-nlos/t16x16_r2x1_test_small/seed3670-epoch27-40.mat,-95.80790395248876,312.0,42.0,-119.3318755510906,-0.18086125540535436,12.77652907371521,263.0,32.0,-115.57096425220732,23.523971598601847,30.361741359203236
./csi-dataset/homeoffice-communication-28G-csi-nlos/t16x16_r2x1_test_small/seed3670-epoch27-41.mat,-92.5947368521937,355.0,3.0,-116.82787788971852,-0.3208354736515773,11.973811388015747,353.0,19.0,-109.16988659170616,24.233141037524817,16.002157440152285
./csi-dataset/homeoffice-communication-28G-csi-nlos/t16x16_r2x1_test_small/seed3670-epoch27-42.mat,-96.38041305463555,15.0,54.0,-110.66656250255505,0.23770346255018837,9.8188796043396,209.0,48.0,-111.04404459322845,14.286149447919499,100.95587621970314
./csi-dataset/homeoffice-communication-28G-csi-nlos/t16x16_r2x1_test_small/seed3670-epoch27-43.mat,-91.59833684783987,79.0,11.0,-91.64247198281839,0.14233474732778661,13.140010118484497,78.0,11.0,-103.19469957758179,0.044135134978517954,0.19080666173346847
./csi-dataset/homeoffice-communication-28G-csi-nlos/t16x16_r2x1_test_small/seed3670-epoch27-44.mat,-90.88762260787549,81.0,21.0,-124.37983788512555,-0.04787321185372506,14.51736330986023,47.0,45.0,-109.53516663430975,33.49221527725007,29.51545646369007
./csi-dataset/homeoffice-communication-28G-csi-nlos/t16x16_r2x1_test_small/seed3670-epoch27-45.mat,-96.5198783641037,328.0,80.0,-97.14049943218699,0.22168544318852823,11.207814931869507,328.0,77.0,-109.02725938181257,0.6206210680832811,3.0000000000000444
./csi-dataset/homeoffice-communication-28G-csi-nlos/t16x16_r2x1_test_small/seed3670-epoch27-46.mat,-80.54092026609011,331.0,42.0,-107.06747745914768,0.36737541688218,13.897093534469604,164.0,37.0,-97.63472813034872,26.52655719305757,78.39695462509673
./csi-dataset/homeoffice-communication-28G-csi-nlos/t16x16_r2x1_test_small/seed3670-epoch27-47.mat,-93.07725213530932,63.0,16.0,-135.74591726671693,-0.028275889350505068,11.740628957748413,110.0,61.0,-108.15644343851334,42.66866513140761,50.917140007812066
./csi-dataset/homeoffice-communication-28G-csi-nlos/t16x16_r2x1_test_small/seed3670-epoch27-48.mat,-86.64264361568667,303.0,88.0,-113.3034082543982,-0.48149954230930847,15.572067737579346,303.0,42.0,-104.45961158838878,26.66076463871154,45.999999999999986
./csi-dataset/homeoffice-communication-28G-csi-nlos/t16x16_r2x1_test_small/seed3670-epoch27-49.mat,-89.70335907027828,57.0,40.0,-90.1569915069212,-0.994562141023936,14.723858833312988,57.0,39.0,-103.23336143659824,0.45363243664291986,1.0000000000002647
./csi-dataset/homeoffice-communication-28G-csi-nlos/t16x16_r2x1_test_small/seed3670-epoch27-5.mat,-92.2422723633452,187.0,56.0,-92.9172636098341,-0.10105582147415326,14.851077795028687,186.0,55.0,-105.10648281545379,0.6749912464889007,1.2958150987623782
./csi-dataset/homeoffice-communication-28G-csi-nlos/t16x16_r2x1_test_small/seed3670-epoch27-50.mat,-87.3468364118537,155.0,27.0,-87.35821436997631,-0.22570939956121183,15.596556425094604,155.0,27.0,-100.39744479911778,0.011377958122608334,0.0
./csi-dataset/homeoffice-communication-28G-csi-nlos/t16x16_r2x1_test_small/seed3670-epoch27-51.mat,-88.68375275591623,233.0,43.0,-88.77398023690985,0.007331440488528074,12.294932126998901,233.0,43.0,-103.52482738514703,0.09022748099361877,8.537736462515939e-07
./csi-dataset/homeoffice-communication-28G-csi-nlos/t16x16_r2x1_test_small/seed3670-epoch27-52.mat,-93.97255519284516,96.0,31.0,-115.93193455505458,0.1075153044142293,13.720700025558472,184.0,69.0,-109.24213051635249,21.959379362209418,71.09730040820632
./csi-dataset/homeoffice-communication-28G-csi-nlos/t16x16_r2x1_test_small/seed3670-epoch27-53.mat,-91.36534091027592,162.0,68.0,-91.76232007280854,-0.06887285889325434,13.914968729019165,164.0,68.0,-105.44194350352402,0.39697916253261667,1.8543544963373755
./csi-dataset/homeoffice-communication-28G-csi-nlos/t16x16_r2x1_test_small/seed3670-epoch27-55.mat,-90.9451685847184,163.0,34.0,-91.06886503052266,-0.14017637257732818,11.694499969482422,163.0,34.0,-104.67337957327197,0.12369644580425643,0.0
./csi-dataset/homeoffice-communication-28G-csi-nlos/t16x16_r2x1_test_small/seed3670-epoch27-56.mat,-93.34545621699624,165.0,39.0,-93.51991926895235,0.20987310183190122,11.60312533378601,164.0,39.0,-105.18019268214064,0.1744630519561099,0.6293155668564437
./csi-dataset/homeoffice-communication-28G-csi-nlos/t16x16_r2x1_test_small/seed3670-epoch27-58.mat,-90.50367987400476,85.0,68.0,-90.49285792817167,0.025382345490800096,15.757269620895386,85.0,69.0,-104.6538397160831,-0.010821945833086488,0.9999999999999002
./csi-dataset/homeoffice-communication-28G-csi-nlos/t16x16_r2x1_test_small/seed3670-epoch27-59.mat,-87.7696421285558,13.0,65.0,-87.98151952746599,0.16151923244292143,15.4173743724823,13.0,64.0,-100.69703901508223,0.21187739891018964,0.9999999999999002
./csi-dataset/homeoffice-communication-28G-csi-nlos/t16x16_r2x1_test_small/seed3670-epoch27-6.mat,-88.87710300061102,332.0,70.0,-89.17657001145031,0.2582589853595523,14.296757221221924,332.0,69.0,-103.61714734230821,0.29946701083929383,1.0000000000002647
./csi-dataset/homeoffice-communication-28G-csi-nlos/t16x16_r2x1_test_small/seed3670-epoch27-60.mat,-92.65328459711668,173.0,55.0,-92.8999353489961,-0.5544347666398906,14.031472206115723,172.0,55.0,-107.99764903157248,0.24665075187941454,0.8191486237146364
./csi-dataset/homeoffice-communication-28G-csi-nlos/t16x16_r2x1_test_small/seed3670-epoch27-61.mat,-94.62503447487344,164.0,38.0,-94.63032837872917,0.20831699444236373,10.782031774520874,165.0,38.0,-107.77516949450464,0.005293903855729809,0.6156566229575179
./csi-dataset/homeoffice-communication-28G-csi-nlos/t16x16_r2x1_test_small/seed3670-epoch27-62.mat,-89.73265682051051,184.0,55.0,-138.75866401278546,-0.046130433942164206,15.32616138458252,239.0,58.0,-106.72747676066197,49.026007192274946,45.38000660410209
./csi-dataset/homeoffice-communication-28G-csi-nlos/t16x16_r2x1_test_small/seed3670-epoch27-64.mat,-94.82703956355849,191.0,84.0,-137.3026709507467,-0.05905508791383629,13.076424360275269,253.0,28.0,-110.73419286238288,42.4756313871882,71.8509938590406
./csi-dataset/homeoffice-communication-28G-csi-nlos/t16x16_r2x1_test_small/seed3670-epoch27-65.mat,-97.5267210748702,154.0,82.0,-126.64358239270989,0.037771107052642194,14.56403136253357,88.0,20.0,-117.00387204960238,29.116861317839692,74.42269839908904
./csi-dataset/homeoffice-communication-28G-csi-nlos/t16x16_r2x1_test_small/seed3670-epoch27-66.mat,-95.96140660010585,207.0,73.0,-96.10852822447146,0.3311197866365142,11.56051754951477,208.0,75.0,-107.01604481297503,0.14712162436561016,2.2189874476227294
./csi-dataset/homeoffice-communication-28G-csi-nlos/t16x16_r2x1_test_small/seed3670-epoch27-67.mat,-95.71787778370869,14.0,65.0,-96.36324422012646,0.25196542163053615,12.541811227798462,12.0,67.0,-107.80365324639283,0.645366436417774,2.708812387102893
./csi-dataset/homeoffice-communication-28G-csi-nlos/t16x16_r2x1_test_small/seed3670-epoch27-68.mat,-95.25449044117453,246.0,55.0,-144.72688450227676,0.1629908115297517,13.959537029266357,350.0,45.0,-115.21808546159448,49.472394061102236,74.60619586717847
./csi-dataset/homeoffice-communication-28G-csi-nlos/t16x16_r2x1_test_small/seed3670-epoch27-69.mat,-84.82791480142788,62.0,25.0,-84.91892625929744,-0.0944496756750779,14.087562799453735,61.0,25.0,-99.14531459575458,0.09101145786955556,0.4226138557445499
./csi-dataset/homeoffice-communication-28G-csi-nlos/t16x16_r2x1_test_small/seed3670-epoch27-7.mat,-95.07760670929036,155.0,66.0,-97.04929133898673,0.24800766011366537,12.05864405632019,157.0,61.0,-110.47763960836488,1.9716846296963695,5.310368603859391
./csi-dataset/homeoffice-communication-28G-csi-nlos/t16x16_r2x1_test_small/seed3670-epoch27-70.mat,-94.023419890935,190.0,53.0,-95.89409826023017,0.12118781736664264,13.100483894348145,193.0,51.0,-107.73404829665564,1.8706783692951632,3.0962166821053776
./csi-dataset/homeoffice-communication-28G-csi-nlos/t16x16_r2x1_test_small/seed3670-epoch27-72.mat,-88.90504275552328,18.0,60.0,-88.96403392135963,0.13476243998717552,13.435068368911743,18.0,60.0,-101.75686746373242,0.05899116583634623,0.0
./csi-dataset/homeoffice-communication-28G-csi-nlos/t16x16_r2x1_test_small/seed3670-epoch27-73.mat,-89.54889947662558,323.0,64.0,-104.16768956697888,-0.11526628740323575,13.94178056716919,63.0,59.0,-102.86896561458238,14.6187900903533,84.72153411156164
./csi-dataset/homeoffice-communication-28G-csi-nlos/t16x16_r2x1_test_small/seed3670-epoch27-74.mat,-99.78214581999464,170.0,9.0,-99.92029833898984,0.13843749973304142,12.274444580078125,172.0,8.0,-111.24848907330548,0.13815251899519865,1.042632077793056
./csi-dataset/homeoffice-communication-28G-csi-nlos/t16x16_r2x1_test_small/seed3670-epoch27-75.mat,-89.85274719421952,194.0,54.0,-90.07882656870548,-0.07904440256339651,15.206656217575073,195.0,53.0,-103.62540740466784,0.2260793744859626,1.283018589070848
./csi-dataset/homeoffice-communication-28G-csi-nlos/t16x16_r2x1_test_small/seed3670-epoch27-76.mat,-95.93914735521152,224.0,60.0,-96.50142776718272,0.17267973784321844,12.623957872390747,224.0,58.0,-108.87246878278674,0.5622804119712015,1.999999999999765
./csi-dataset/homeoffice-communication-28G-csi-nlos/t16x16_r2x1_test_small/seed3670-epoch27-78.mat,-93.3732792242398,246.0,59.0,-93.96416810539239,-0.2562109464167406,14.31427264213562,245.0,58.0,-108.03411776535415,0.5908888811525941,1.3141350637031401
./csi-dataset/homeoffice-communication-28G-csi-nlos/t16x16_r2x1_test_small/seed3670-epoch27-79.mat,-83.75254394976653,358.0,57.0,-83.86017976302342,-0.5559850477039063,15.088084697723389,358.0,58.0,-95.97962760220716,0.10763581325689131,0.9999999999999002
./csi-dataset/homeoffice-communication-28G-csi-nlos/t16x16_r2x1_test_small/seed3670-epoch27-8.mat,-94.87050083379584,209.0,83.0,-95.51609803731019,0.18811326993572763,12.098613739013672,208.0,83.0,-106.975463211936,0.6455972035143418,0.9925459645317848
./csi-dataset/homeoffice-communication-28G-csi-nlos/t16x16_r2x1_test_small/seed3670-epoch27-80.mat,-97.29662062728995,233.0,67.0,-101.86100817439493,-0.12113898220356556,14.008170366287231,232.0,81.0,-113.15668859827176,4.564387547104971,14.032757410048138
./csi-dataset/homeoffice-communication-28G-csi-nlos/t16x16_r2x1_test_small/seed3670-epoch27-81.mat,-86.83267118600371,359.0,15.0,-87.15311150310534,-0.39536657083056537,15.483113050460815,356.0,14.0,-100.28163110040799,0.3204403171016281,1.25037349465708
./csi-dataset/homeoffice-communication-28G-csi-nlos/t16x16_r2x1_test_small/seed3670-epoch27-82.mat,-87.7493459172309,251.0,38.0,-88.02116838626094,-0.04734914489535336,13.0794198513031,250.0,38.0,-102.8495740594095,0.2718224690300417,0.6156566229575179
./csi-dataset/homeoffice-communication-28G-csi-nlos/t16x16_r2x1_test_small/seed3670-epoch27-83.mat,-92.8519302229786,124.0,50.0,-92.98602306270357,0.03486833606166373,15.072073221206665,125.0,49.0,-104.92980812178665,0.1340928397249712,1.2562500714928588
./csi-dataset/homeoffice-communication-28G-csi-nlos/t16x16_r2x1_test_small/seed3670-epoch27-84.mat,-93.51519739205617,284.0,29.0,-93.576226732461,0.0573255705658009,11.475492477416992,284.0,30.0,-106.97977936104343,0.06102934040482921,0.9999999999999002
./csi-dataset/homeoffice-communication-28G-csi-nlos/t16x16_r2x1_test_small/seed3670-epoch27-85.mat,-91.13088074175822,16.0,69.0,-91.76586621165194,0.29055015463756806,12.694095134735107,16.0,66.0,-105.47023605016139,0.6349854698937207,3.0000000000000444
./csi-dataset/homeoffice-communication-28G-csi-nlos/t16x16_r2x1_test_small/seed3670-epoch27-86.mat,-87.80400466289039,144.0,66.0,-125.15858974460724,-0.3685213526824169,11.913604259490967,291.0,58.0,-109.47291948303673,37.35458508171685,115.73478589953068
./csi-dataset/homeoffice-communication-28G-csi-nlos/t16x16_r2x1_test_small/seed3670-epoch27-87.mat,-91.0443519497949,194.0,67.0,-128.15934431470848,0.11293090533929295,12.142402648925781,70.0,14.0,-108.71552700723568,37.114992364913576,75.25023864171062
./csi-dataset/homeoffice-communication-28G-csi-nlos/t16x16_r2x1_test_small/seed3670-epoch27-88.mat,-98.44538282782636,350.0,17.0,-126.18704927143995,0.19099096053093878,13.972446918487549,91.0,75.0,-112.7164198074191,27.741666443613582,78.83566869296335
./csi-dataset/homeoffice-communication-28G-csi-nlos/t16x16_r2x1_test_small/seed3670-epoch27-9.mat,-88.09164159455902,39.0,15.0,-129.93870987789842,0.23405109011291214,13.761863946914673,98.0,60.0,-107.02842561381983,41.8470682833394,53.24421203283916
./csi-dataset/homeoffice-communication-28G-csi-nlos/t16x16_r2x1_test_small/seed3670-epoch27-90.mat,-94.95792387151012,64.0,64.0,-94.99563584917726,0.06786975128659345,11.06120228767395,65.0,65.0,-108.67975952338476,0.037711977667143515,1.347078901746263
./csi-dataset/homeoffice-communication-28G-csi-nlos/t16x16_r2x1_test_small/seed3670-epoch27-91.mat,-91.24570486548716,166.0,47.0,-91.34559958643692,0.16738687940013064,12.76707124710083,166.0,47.0,-103.43650842380154,0.09989472094976293,0.0
./csi-dataset/homeoffice-communication-28G-csi-nlos/t16x16_r2x1_test_small/seed3670-epoch27-92.mat,-93.214890383195,20.0,82.0,-125.0321542625732,-0.11699698996554075,13.917366743087769,302.0,6.0,-108.68541492908518,31.817263879378203,80.79705741370167
./csi-dataset/homeoffice-communication-28G-csi-nlos/t16x16_r2x1_test_small/seed3670-epoch27-93.mat,-94.32192924593274,266.0,29.0,-94.66225310888913,-0.1944335311412686,14.595617055892944,265.0,29.0,-104.13681082996136,0.34032386295639583,0.48480491312908847
./csi-dataset/homeoffice-communication-28G-csi-nlos/t16x16_r2x1_test_small/seed3670-epoch27-95.mat,-93.38834571463936,58.0,51.0,-94.4955372202108,0.2561320278381807,10.843581676483154,210.0,58.0,-108.26650944204518,1.1071915055714499,104.38426796266054
./csi-dataset/homeoffice-communication-28G-csi-nlos/t16x16_r2x1_test_small/seed3670-epoch27-96.mat,-93.77011781235323,1.0,71.0,-93.91022395898581,0.25677079751183884,12.228923082351685,1.0,74.0,-107.96635326912701,0.1401061466325757,2.9999999999999227
./csi-dataset/homeoffice-communication-28G-csi-nlos/t16x16_r2x1_test_small/seed3670-epoch27-97.mat,-90.09355389469236,330.0,67.0,-90.13994864601202,-0.04643064025614696,15.730924129486084,332.0,68.0,-105.42002192716942,0.04639475131965298,2.1009596625281763
./csi-dataset/homeoffice-communication-28G-csi-nlos/t16x16_r2x1_test_small/seed3670-epoch27-98.mat,-91.5122938043944,319.0,61.0,-91.49748010503848,-0.03475388954550507,14.268874645233154,320.0,62.0,-105.77458314756498,-0.014813699355926246,1.331269360021279
./csi-dataset/homeoffice-communication-28G-csi-nlos/t16x16_r2x1_test_small/seed3670-epoch27-99.mat,-90.3887368401309,189.0,30.0,-90.87352238478134,-0.11894087162584843,14.282729148864746,187.0,29.0,-104.25888753791196,0.48478554465043544,1.4034222026490457
./csi-dataset/homeoffice-communication-28G-csi-nlos/t16x16_r2x1_test_small/seed3772-epoch8-1.mat,-86.98685280509066,305.0,69.0,-87.28237412339182,-0.9553407149785393,14.6736900806427,305.0,70.0,-99.55962462223304,0.29552131830115513,1.0000000000002647
./csi-dataset/homeoffice-communication-28G-csi-nlos/t16x16_r2x1_test_small/seed3772-epoch8-10.mat,-91.81768941258724,356.0,72.0,-94.44855394377156,-0.08338727612064556,11.75363826751709,182.0,55.0,-104.93095062868764,2.630864531184315,126.6944337086675
./csi-dataset/homeoffice-communication-28G-csi-nlos/t16x16_r2x1_test_small/seed3772-epoch8-100.mat,-90.3134325766351,305.0,59.0,-90.45461119184972,-0.0870974501156847,14.49679183959961,305.0,59.0,-105.70036345210812,0.1411786152146277,0.0
./csi-dataset/homeoffice-communication-28G-csi-nlos/t16x16_r2x1_test_small/seed3772-epoch8-11.mat,-96.39488261261326,254.0,27.0,-97.48585637550227,0.1837888352503827,11.307942867279053,256.0,25.0,-106.81986996893241,1.090973762889007,2.183472371282704
./csi-dataset/homeoffice-communication-28G-csi-nlos/t16x16_r2x1_test_small/seed3772-epoch8-12.mat,-89.48642492767776,49.0,26.0,-89.5615272557179,-0.3074705250063463,13.657323122024536,48.0,27.0,-103.27030070305855,0.0751023280401455,1.0949988098853827
./csi-dataset/homeoffice-communication-28G-csi-nlos/t16x16_r2x1_test_small/seed3772-epoch8-13.mat,-89.87582638361403,185.0,8.0,-89.88257308244786,-0.12078379341824563,15.218486547470093,186.0,8.0,-101.97344480972419,0.006746698833836717,0.13917136873684957
./csi-dataset/homeoffice-communication-28G-csi-nlos/t16x16_r2x1_test_small/seed3772-epoch8-14.mat,-87.57866474150858,157.0,56.0,-87.77712611988285,-0.23201300195532037,13.983916521072388,157.0,58.0,-100.5867258637275,0.1984613783742759,1.999999999999765
./csi-dataset/homeoffice-communication-28G-csi-nlos/t16x16_r2x1_test_small/seed3772-epoch8-15.mat,-96.39014789008613,181.0,70.0,-96.73058999703156,-0.22575109924820946,10.309096336364746,180.0,72.0,-106.44215111461781,0.34044210694543153,2.212211540744253
./csi-dataset/homeoffice-communication-28G-csi-nlos/t16x16_r2x1_test_small/seed3772-epoch8-16.mat,-87.14875849292139,312.0,36.0,-87.50503370641768,-0.28481809764998833,12.475850820541382,313.0,35.0,-101.54742320514356,0.3562752134962892,1.156352547621995
./csi-dataset/homeoffice-communication-28G-csi-nlos/t16x16_r2x1_test_small/seed3772-epoch8-17.mat,-96.67614124614282,196.0,71.0,-132.6258972282872,0.06289430249975636,12.852458238601685,93.0,27.0,-115.04131361736984,35.94975598214437,78.84162407401607
./csi-dataset/homeoffice-communication-28G-csi-nlos/t16x16_r2x1_test_small/seed3772-epoch8-18.mat,-92.94956594722466,136.0,50.0,-97.16957624894242,0.18860864027430113,11.03896689414978,131.0,48.0,-105.73579074803506,4.220010301717764,4.269783240726244
./csi-dataset/homeoffice-communication-28G-csi-nlos/t16x16_r2x1_test_small/seed3772-epoch8-19.mat,-87.44762403995242,176.0,74.0,-91.6594712995792,0.1299936402488654,11.311855554580688,28.0,28.0,-102.02671238773674,4.211847259626779,98.00954510355344
./csi-dataset/homeoffice-communication-28G-csi-nlos/t16x16_r2x1_test_small/seed3772-epoch8-2.mat,-94.74073220457365,43.0,20.0,-95.99749414780455,-0.28747050527845164,11.98088002204895,38.0,21.0,-108.22490249147145,1.2567619432308987,2.015608070679691
./csi-dataset/homeoffice-communication-28G-csi-nlos/t16x16_r2x1_test_small/seed3772-epoch8-20.mat,-81.9768510778164,57.0,34.0,-143.70248764600098,-0.7438407130526172,15.088697671890259,315.0,67.0,-101.1103306082909,61.72563656818457,77.47237143182106
./csi-dataset/homeoffice-communication-28G-csi-nlos/t16x16_r2x1_test_small/seed3772-epoch8-21.mat,-90.45091634031115,38.0,37.0,-123.81067132060448,0.1850549967277324,11.773228406906128,326.0,74.0,-109.18606864952781,33.35975498029333,66.4905294746237
./csi-dataset/homeoffice-communication-28G-csi-nlos/t16x16_r2x1_test_small/seed3772-epoch8-22.mat,-94.91966299120249,183.0,89.0,-98.04788352539256,-0.010216351798485013,11.324641704559326,206.0,35.0,-107.77040890199208,3.1282205341900777,57.16676802287982
./csi-dataset/homeoffice-communication-28G-csi-nlos/t16x16_r2x1_test_small/seed3772-epoch8-23.mat,-94.76611747431689,203.0,45.0,-142.63469321193264,-0.01568547580825519,13.795777797698975,60.0,36.0,-111.29357311306443,47.86857573761576,76.10596556566708
./csi-dataset/homeoffice-communication-28G-csi-nlos/t16x16_r2x1_test_small/seed3772-epoch8-24.mat,-85.84516879147772,294.0,64.0,-86.12368653518277,-0.1362119487708282,13.711994647979736,294.0,64.0,-97.95177960339045,0.2785177437050521,0.0
./csi-dataset/homeoffice-communication-28G-csi-nlos/t16x16_r2x1_test_small/seed3772-epoch8-25.mat,-90.1843235558384,83.0,30.0,-90.21120324435446,0.2813876956916037,10.72862458229065,83.0,31.0,-101.65035427119328,0.02687968851606115,0.9999999999999002
./csi-dataset/homeoffice-communication-28G-csi-nlos/t16x16_r2x1_test_small/seed3772-epoch8-26.mat,-85.88454739054227,188.0,49.0,-86.63191622631422,-0.9310733975990895,13.675874948501587,186.0,50.0,-98.73102113972992,0.747368835771951,1.8200501841060899
./csi-dataset/homeoffice-communication-28G-csi-nlos/t16x16_r2x1_test_small/seed3772-epoch8-27.mat,-92.0733760811632,179.0,64.0,-92.02909044562048,0.0025127446592976277,14.967511415481567,180.0,64.0,-104.50069578465676,-0.044285635542721025,0.898791854008643
./csi-dataset/homeoffice-communication-28G-csi-nlos/t16x16_r2x1_test_small/seed3772-epoch8-28.mat,-89.96686620702852,194.0,41.0,-90.61617807464705,0.005545913032182659,14.416266202926636,192.0,41.0,-104.19643089556358,0.6493118676185361,1.312080112930966
./csi-dataset/homeoffice-communication-28G-csi-nlos/t16x16_r2x1_test_small/seed3772-epoch8-29.mat,-79.4280811469457,313.0,53.0,-80.22620557846521,-0.06453694737220506,14.20586609840393,312.0,51.0,-95.02074611704201,0.7981244315195113,2.149599136092064
./csi-dataset/homeoffice-communication-28G-csi-nlos/t16x16_r2x1_test_small/seed3772-epoch8-3.mat,-95.05272733308202,4.0,89.0,-95.11951054228061,0.04086013968261626,9.184258699417114,4.0,83.0,-105.78429433873876,0.06678320919859004,6.000000000000026
./csi-dataset/homeoffice-communication-28G-csi-nlos/t16x16_r2x1_test_small/seed3772-epoch8-30.mat,-89.88859798012578,217.0,21.0,-91.60539955447436,0.194457383413571,12.161870241165161,242.0,14.0,-102.50605752792204,1.7168015743485796,10.126060905671748
./csi-dataset/homeoffice-communication-28G-csi-nlos/t16x16_r2x1_test_small/seed3772-epoch8-31.mat,-98.17950676921784,104.0,20.0,-98.20490468403389,0.16899184975311055,11.389925241470337,105.0,20.0,-109.56513605479086,0.025397914816053913,0.34201631007762345
./csi-dataset/homeoffice-communication-28G-csi-nlos/t16x16_r2x1_test_small/seed3772-epoch8-32.mat,-92.3425684239926,321.0,59.0,-94.42669966422076,0.24466034241636092,10.994369506835938,42.0,49.0,-104.51363093116284,2.08413124022816,63.95386181244779
./csi-dataset/homeoffice-communication-28G-csi-nlos/t16x16_r2x1_test_small/seed3772-epoch8-33.mat,-91.01001933453382,52.0,62.0,-91.03741533524635,-0.3090074238621223,12.754108905792236,52.0,63.0,-106.62215551263172,0.027396000712528235,0.9999999999999002
./csi-dataset/homeoffice-communication-28G-csi-nlos/t16x16_r2x1_test_small/seed3772-epoch8-34.mat,-86.44455616472248,146.0,37.0,-86.8254152768456,-0.27337665434339664,13.204355716705322,147.0,36.0,-100.89102640926987,0.38085911212311885,1.1635076930286217
./csi-dataset/homeoffice-communication-28G-csi-nlos/t16x16_r2x1_test_small/seed3772-epoch8-35.mat,-86.66460191867417,54.0,14.0,-86.90007645519631,0.033478088345275214,15.181158304214478,50.0,14.0,-101.35629027500876,0.23547453652214756,0.9675025727591566
./csi-dataset/homeoffice-communication-28G-csi-nlos/t16x16_r2x1_test_small/seed3772-epoch8-37.mat,-100.52852645458636,239.0,49.0,-101.41808372076486,0.04846622077661966,12.535221815109253,233.0,38.0,-114.24575712846014,0.8895572661784996,11.739772923001846
./csi-dataset/homeoffice-communication-28G-csi-nlos/t16x16_r2x1_test_small/seed3772-epoch8-38.mat,-88.32142996682032,248.0,62.0,-88.79433587804647,-0.12461284468787892,14.394179105758667,250.0,63.0,-104.5494382586345,0.47290591122614956,2.0364036657230553
./csi-dataset/homeoffice-communication-28G-csi-nlos/t16x16_r2x1_test_small/seed3772-epoch8-39.mat,-97.0752397546555,156.0,70.0,-97.13436739146903,-0.26349959039047266,10.99715256690979,156.0,73.0,-111.5214752279812,0.059127636813528284,3.0000000000000444
./csi-dataset/homeoffice-communication-28G-csi-nlos/t16x16_r2x1_test_small/seed3772-epoch8-4.mat,-85.42458861555082,282.0,28.0,-85.47248130507788,0.19449252660363192,14.885653495788574,284.0,28.0,-100.78152607143346,0.047892689527060384,0.9389059618556745
./csi-dataset/homeoffice-communication-28G-csi-nlos/t16x16_r2x1_test_small/seed3772-epoch8-40.mat,-96.63392568854631,314.0,41.0,-136.2348852500865,0.07741807974127723,11.042426347732544,118.0,46.0,-111.68675094072454,39.60095956154019,85.95053339312781
./csi-dataset/homeoffice-communication-28G-csi-nlos/t16x16_r2x1_test_small/seed3772-epoch8-41.mat,-96.7284000848318,60.0,56.0,-98.0789819237492,-0.013972699074569883,13.076442003250122,59.0,61.0,-111.3831414563016,1.3505818389173925,5.072081297696682
./csi-dataset/homeoffice-communication-28G-csi-nlos/t16x16_r2x1_test_small/seed3772-epoch8-42.mat,-87.37532394346088,26.0,54.0,-88.2216356398618,0.22545029639091718,15.17775559425354,27.0,57.0,-103.65271287287868,0.8463116964009174,3.1110775195431724
./csi-dataset/homeoffice-communication-28G-csi-nlos/t16x16_r2x1_test_small/seed3772-epoch8-43.mat,-90.18686649823871,281.0,53.0,-90.20457644195926,-0.10803658873863475,12.995408058166504,282.0,53.0,-101.2612922961072,0.017709943720547017,0.7986318386952783
./csi-dataset/homeoffice-communication-28G-csi-nlos/t16x16_r2x1_test_small/seed3772-epoch8-44.mat,-95.53096730939222,134.0,24.0,-95.5771237014735,0.2981857566907661,10.389916896820068,135.0,25.0,-106.63098182977721,0.0461563920812722,1.0825430461820966
./csi-dataset/homeoffice-communication-28G-csi-nlos/t16x16_r2x1_test_small/seed3772-epoch8-45.mat,-92.0042204082656,149.0,41.0,-92.13909786175765,0.06005006882490371,16.247721672058105,150.0,41.0,-103.90991691654483,0.13487745349205227,0.6560542860149853
./csi-dataset/homeoffice-communication-28G-csi-nlos/t16x16_r2x1_test_small/seed3772-epoch8-46.mat,-101.18013475823052,242.0,83.0,-102.32560699363795,-0.1442026527056275,12.741267681121826,303.0,27.0,-112.46519599887145,1.145472235407425,70.91049787740705
./csi-dataset/homeoffice-communication-28G-csi-nlos/t16x16_r2x1_test_small/seed3772-epoch8-47.mat,-88.2420751163148,90.0,26.0,-128.6228936728653,-0.10266565837171027,13.895552158355713,327.0,40.0,-108.55923758948097,40.38081855655051,57.6528300957258
./csi-dataset/homeoffice-communication-28G-csi-nlos/t16x16_r2x1_test_small/seed3772-epoch8-48.mat,-91.68775591929447,17.0,64.0,-91.80489510932622,0.1289504465363167,14.953703165054321,17.0,66.0,-106.340813512293,0.11713919003175022,1.9999999999999472
./csi-dataset/homeoffice-communication-28G-csi-nlos/t16x16_r2x1_test_small/seed3772-epoch8-49.mat,-92.47295941572033,246.0,47.0,-121.86113446251325,0.23832448171834952,9.889280080795288,299.0,43.0,-106.84751997318989,29.388175046792924,36.96942541909054
./csi-dataset/homeoffice-communication-28G-csi-nlos/t16x16_r2x1_test_small/seed3772-epoch8-5.mat,-93.8174743785253,14.0,72.0,-144.2356575460541,0.16716577444014968,11.197937726974487,185.0,23.0,-108.592548447646,50.41818316752881,94.73691648332425
./csi-dataset/homeoffice-communication-28G-csi-nlos/t16x16_r2x1_test_small/seed3772-epoch8-50.mat,-91.09070893104442,10.0,36.0,-92.17152440076724,-0.12111267101550793,13.639588117599487,7.0,37.0,-104.45856684963202,1.0808154697228218,2.045319905601077
./csi-dataset/homeoffice-communication-28G-csi-nlos/t16x16_r2x1_test_small/seed3772-epoch8-51.mat,-87.23103841811982,264.0,48.0,-87.5651942485483,-0.09729122030682147,14.658978700637817,263.0,48.0,-102.02368039999676,0.33415583042847175,0.7431406022422061
./csi-dataset/homeoffice-communication-28G-csi-nlos/t16x16_r2x1_test_small/seed3772-epoch8-52.mat,-89.34924722836342,108.0,48.0,-121.05665019019779,-0.3081892274361884,14.809099674224854,335.0,62.0,-105.40647471799927,31.70740296183436,97.66384610957849
./csi-dataset/homeoffice-communication-28G-csi-nlos/t16x16_r2x1_test_small/seed3772-epoch8-53.mat,-91.87452312195585,221.0,24.0,-123.42678461117045,-0.04806016696848614,11.034026384353638,136.0,89.0,-108.33572336004627,31.5522614892146,87.05440993378473
./csi-dataset/homeoffice-communication-28G-csi-nlos/t16x16_r2x1_test_small/seed3772-epoch8-54.mat,-95.71715939954848,60.0,51.0,-132.20425598628023,-0.5787201166424849,12.378531694412231,25.0,83.0,-111.04559283378185,36.48709658673175,44.88290273480305
./csi-dataset/homeoffice-communication-28G-csi-nlos/t16x16_r2x1_test_small/seed3772-epoch8-55.mat,-93.10687348021334,105.0,24.0,-94.11673554289419,-0.054179333063298696,9.191699504852295,101.0,24.0,-106.23241223071733,1.0098620626808525,1.6266708257947253
./csi-dataset/homeoffice-communication-28G-csi-nlos/t16x16_r2x1_test_small/seed3772-epoch8-56.mat,-97.97387901227036,307.0,20.0,-98.22811965257497,0.0878412962671753,11.80534052848816,305.0,21.0,-110.49363867708094,0.2542406403046158,1.2207610087642609
./csi-dataset/homeoffice-communication-28G-csi-nlos/t16x16_r2x1_test_small/seed3772-epoch8-57.mat,-85.32213152416789,16.0,25.0,-126.66247932583101,-0.24622921273430665,15.544682025909424,239.0,31.0,-107.88849002241247,41.34034780166313,51.85398568719799
./csi-dataset/homeoffice-communication-28G-csi-nlos/t16x16_r2x1_test_small/seed3772-epoch8-58.mat,-90.74967421609144,37.0,18.0,-137.91312753893413,0.18377715300920405,11.474056720733643,277.0,70.0,-108.58642857307021,47.1634533228427,79.62499841022681
./csi-dataset/homeoffice-communication-28G-csi-nlos/t16x16_r2x1_test_small/seed3772-epoch8-59.mat,-87.54835150660519,27.0,49.0,-129.48970356210805,0.016803040676642178,12.731593370437622,190.0,42.0,-103.77006207809197,41.94135205550286,89.73565579896533
./csi-dataset/homeoffice-communication-28G-csi-nlos/t16x16_r2x1_test_small/seed3772-epoch8-6.mat,-94.57930479765942,178.0,73.0,-138.28680658172476,-0.033039604232008246,10.968887567520142,319.0,46.0,-110.56279480059912,43.70750178406534,109.36024114924754
./csi-dataset/homeoffice-communication-28G-csi-nlos/t16x16_r2x1_test_small/seed3772-epoch8-60.mat,-87.71397703514242,332.0,89.0,-87.78701653118434,0.03227730338719548,16.40970540046692,332.0,89.0,-100.07274757579148,0.07303949604191473,8.537736462515939e-07
./csi-dataset/homeoffice-communication-28G-csi-nlos/t16x16_r2x1_test_small/seed3772-epoch8-61.mat,-84.7929049481367,342.0,74.0,-84.78287641219032,-0.38675922030754784,14.614059686660767,343.0,74.0,-99.24348987560052,-0.010028535946375428,0.9612607689517507
./csi-dataset/homeoffice-communication-28G-csi-nlos/t16x16_r2x1_test_small/seed3772-epoch8-62.mat,-89.50145683770168,71.0,72.0,-89.8049496947655,-0.019729821388634772,14.673721313476562,70.0,71.0,-103.17893952540531,0.3034928570638158,1.3781454783870641
./csi-dataset/homeoffice-communication-28G-csi-nlos/t16x16_r2x1_test_small/seed3772-epoch8-63.mat,-88.22291549529753,190.0,37.0,-88.25892288596057,-0.11736332188453158,13.167546510696411,191.0,38.0,-102.09778869402236,0.0360073906630447,1.1706951848734204
./csi-dataset/homeoffice-communication-28G-csi-nlos/t16x16_r2x1_test_small/seed3772-epoch8-64.mat,-93.37896262604168,284.0,67.0,-93.69430089008773,0.009666327080904091,12.40309190750122,285.0,70.0,-108.1100845346571,0.3153382640460478,3.1409208885579427
./csi-dataset/homeoffice-communication-28G-csi-nlos/t16x16_r2x1_test_small/seed3772-epoch8-65.mat,-92.67426220672574,25.0,77.0,-92.74213365571514,0.13133709997789267,13.433756589889526,24.0,79.0,-104.4568815885978,0.06787144898939346,2.2263560715369515
./csi-dataset/homeoffice-communication-28G-csi-nlos/t16x16_r2x1_test_small/seed3772-epoch8-66.mat,-96.86155569151911,56.0,73.0,-133.77590622309117,0.025778223899533548,14.856651067733765,92.0,43.0,-116.08748209239556,36.914350531572055,42.143500868282565
./csi-dataset/homeoffice-communication-28G-csi-nlos/t16x16_r2x1_test_small/seed3772-epoch8-67.mat,-89.42396061285018,274.0,27.0,-89.50222429710367,0.0771910399394301,13.313316106796265,274.0,27.0,-103.56371771306749,0.07826368425348562,0.0
./csi-dataset/homeoffice-communication-28G-csi-nlos/t16x16_r2x1_test_small/seed3772-epoch8-68.mat,-92.20211673705168,322.0,43.0,-92.71965877209338,0.1182864662844424,11.506052017211914,321.0,44.0,-104.99025214814715,0.5175420350416999,1.2139907717968488
./csi-dataset/homeoffice-communication-28G-csi-nlos/t16x16_r2x1_test_small/seed3772-epoch8-69.mat,-90.1726980470448,213.0,18.0,-129.22280479697326,-0.0010817099815303433,12.905542373657227,184.0,63.0,-104.30306234905845,39.05010674992846,47.733104672268716
./csi-dataset/homeoffice-communication-28G-csi-nlos/t16x16_r2x1_test_small/seed3772-epoch8-7.mat,-94.154031148889,358.0,86.0,-94.36924443834278,0.09142966885583537,10.896586418151855,180.0,89.0,-106.79052376236059,0.2152132894537715,174.61532577988248
./csi-dataset/homeoffice-communication-28G-csi-nlos/t16x16_r2x1_test_small/seed3772-epoch8-70.mat,-91.69989279403508,24.0,51.0,-91.78640051579944,0.005525806029721969,11.776603698730469,23.0,52.0,-105.76218147670073,0.08650772176436305,1.2698127585966896
./csi-dataset/homeoffice-communication-28G-csi-nlos/t16x16_r2x1_test_small/seed3772-epoch8-71.mat,-89.77299418525791,17.0,26.0,-138.6966275195922,-0.046715905240085176,12.296258926391602,290.0,33.0,-108.42099730271525,48.92363333433428,39.97832684996706
./csi-dataset/homeoffice-communication-28G-csi-nlos/t16x16_r2x1_test_small/seed3772-epoch8-72.mat,-97.34495202947176,339.0,72.0,-98.21894066948451,-0.37190224131244864,13.926129341125488,338.0,71.0,-112.60048315552083,0.8739886400127546,1.3781454783870641
./csi-dataset/homeoffice-communication-28G-csi-nlos/t16x16_r2x1_test_small/seed3772-epoch8-73.mat,-90.1022413379653,35.0,56.0,-90.26888262478111,0.018281958921591346,13.6240975856781,34.0,55.0,-101.51842721949649,0.16664128681581758,1.2958150987626595
./csi-dataset/homeoffice-communication-28G-csi-nlos/t16x16_r2x1_test_small/seed3772-epoch8-74.mat,-90.25471636151656,112.0,49.0,-90.6861291794878,-0.43555623716410685,13.67762804031372,111.0,50.0,-102.37227164752159,0.43141281797124975,1.2562500714928588
./csi-dataset/homeoffice-communication-28G-csi-nlos/t16x16_r2x1_test_small/seed3772-epoch8-75.mat,-87.83555031567012,15.0,57.0,-88.11604064231902,-0.31616490449153867,14.492058515548706,15.0,60.0,-103.78270395806376,0.28049032664890206,2.9999999999999227
./csi-dataset/homeoffice-communication-28G-csi-nlos/t16x16_r2x1_test_small/seed3772-epoch8-76.mat,-84.08396562600318,92.0,61.0,-112.81415173915507,-0.10138723702011743,15.254496097564697,109.0,46.0,-99.03330690808721,28.730186113151888,20.2096227011875
./csi-dataset/homeoffice-communication-28G-csi-nlos/t16x16_r2x1_test_small/seed3772-epoch8-77.mat,-84.41917739848584,211.0,70.0,-113.52353737113995,0.0834943636252794,13.665596723556519,304.0,38.0,-101.14586623596108,29.10435997265411,76.15845880513153
./csi-dataset/homeoffice-communication-28G-csi-nlos/t16x16_r2x1_test_small/seed3772-epoch8-78.mat,-93.3342123844543,330.0,58.0,-93.57537897144832,-0.16078333085849184,12.948118209838867,330.0,60.0,-105.66049711109842,0.24116658699401228,2.0000000000001297
./csi-dataset/homeoffice-communication-28G-csi-nlos/t16x16_r2x1_test_small/seed3772-epoch8-79.mat,-87.94789346924833,123.0,69.0,-87.97018944576179,-0.39978398992581976,14.4004385471344,123.0,70.0,-101.50656425349692,0.022295976513461824,1.0000000000006293
./csi-dataset/homeoffice-communication-28G-csi-nlos/t16x16_r2x1_test_small/seed3772-epoch8-8.mat,-89.48186020490436,41.0,43.0,-91.02903225152673,-0.24423167889649,12.918291330337524,39.0,42.0,-104.49790635802478,1.5471720466223644,1.6808854257346106
./csi-dataset/homeoffice-communication-28G-csi-nlos/t16x16_r2x1_test_small/seed3772-epoch8-80.mat,-89.55609015391394,352.0,79.0,-90.18246531916066,-0.003989404332916502,12.778286933898926,352.0,75.0,-103.99957328180778,0.6263751652467136,3.9999999999997677
./csi-dataset/homeoffice-communication-28G-csi-nlos/t16x16_r2x1_test_small/seed3772-epoch8-81.mat,-96.80660128088668,29.0,35.0,-97.54837705815225,-0.04906808566877929,13.368213415145874,32.0,35.0,-109.52684194707868,0.7417757772655733,1.720597405413411
./csi-dataset/homeoffice-communication-28G-csi-nlos/t16x16_r2x1_test_small/seed3772-epoch8-82.mat,-100.2069221731931,82.0,62.0,-132.86983213265725,-0.613992493751679,12.662027359008789,301.0,81.0,-114.1866753978202,32.662909959464145,127.17774071645198
./csi-dataset/homeoffice-communication-28G-csi-nlos/t16x16_r2x1_test_small/seed3772-epoch8-83.mat,-91.52160495913996,166.0,61.0,-91.77039975684835,-0.7349255588858572,12.810184478759766,166.0,60.0,-102.76946386095533,0.24879479770838486,0.9999999999999002
./csi-dataset/homeoffice-communication-28G-csi-nlos/t16x16_r2x1_test_small/seed3772-epoch8-84.mat,-83.58190936443201,275.0,69.0,-84.4050186909985,-0.19832059274684277,16.62631344795227,274.0,68.0,-98.52936180203416,0.8231093265664953,1.36588494906591
./csi-dataset/homeoffice-communication-28G-csi-nlos/t16x16_r2x1_test_small/seed3772-epoch8-85.mat,-87.94633413365183,203.0,24.0,-131.02142043215704,-0.0009300289956248875,13.073076009750366,126.0,17.0,-106.15394189531644,43.07508629850521,25.792114914936814
./csi-dataset/homeoffice-communication-28G-csi-nlos/t16x16_r2x1_test_small/seed3772-epoch8-86.mat,-87.38717179706617,322.0,25.0,-87.34530170514937,0.2005760901640019,14.525829076766968,323.0,25.0,-102.14816108055396,-0.04187009191680602,0.4226138557445499
./csi-dataset/homeoffice-communication-28G-csi-nlos/t16x16_r2x1_test_small/seed3772-epoch8-87.mat,-97.99275398254544,7.0,52.0,-98.04571509300835,-0.27864286889490786,12.038283824920654,7.0,52.0,-111.78911029193839,0.05296111046291685,0.0
./csi-dataset/homeoffice-communication-28G-csi-nlos/t16x16_r2x1_test_small/seed3772-epoch8-88.mat,-88.4426019923583,207.0,28.0,-110.73235730861134,-0.21418887316056656,14.119597673416138,243.0,62.0,-106.8242026127507,22.289755316253036,41.42074944921264
./csi-dataset/homeoffice-communication-28G-csi-nlos/t16x16_r2x1_test_small/seed3772-epoch8-89.mat,-101.96943417179774,187.0,41.0,-102.28531444703891,-0.011987872569909408,10.77479338645935,186.0,41.0,-113.40538631749192,0.31588027524117024,0.6560542860149853
./csi-dataset/homeoffice-communication-28G-csi-nlos/t16x16_r2x1_test_small/seed3772-epoch8-9.mat,-87.998396821192,187.0,40.0,-124.14864482779674,0.1612640781771083,15.099747896194458,20.0,9.0,-103.88743336468917,36.15024800660474,48.804053686854935
./csi-dataset/homeoffice-communication-28G-csi-nlos/t16x16_r2x1_test_small/seed3772-epoch8-90.mat,-89.81418079728485,25.0,42.0,-111.4186546173037,0.08882808890287108,14.778990983963013,83.0,16.0,-109.0685285926532,21.604473820018853,35.69901273155173
./csi-dataset/homeoffice-communication-28G-csi-nlos/t16x16_r2x1_test_small/seed3772-epoch8-91.mat,-93.7228030441279,333.0,6.0,-93.77032147215428,0.21770360911156683,13.239593267440796,335.0,7.0,-106.61315813480734,0.047518428026378956,1.0251598605636527
./csi-dataset/homeoffice-communication-28G-csi-nlos/t16x16_r2x1_test_small/seed3772-epoch8-92.mat,-91.25543939594642,132.0,28.0,-91.41263916125703,-0.4812335712119735,13.204837799072266,131.0,28.0,-102.19686566889932,0.15719976531060809,0.46946691737256885
./csi-dataset/homeoffice-communication-28G-csi-nlos/t16x16_r2x1_test_small/seed3772-epoch8-93.mat,-89.71426250773503,353.0,45.0,-90.09491779037658,0.1881993767701925,13.335275650024414,353.0,44.0,-103.60166077114995,0.38065528264155546,0.9999999999999002
./csi-dataset/homeoffice-communication-28G-csi-nlos/t16x16_r2x1_test_small/seed3772-epoch8-94.mat,-96.285185394658,298.0,85.0,-96.48437211783482,0.20075633115356484,9.884862184524536,298.0,89.0,-106.78733924756168,0.1991867231768225,4.000000000000042
./csi-dataset/homeoffice-communication-28G-csi-nlos/t16x16_r2x1_test_small/seed3772-epoch8-95.mat,-86.9551124691126,189.0,61.0,-87.38902430703067,0.23866531292288418,12.07830262184143,190.0,59.0,-102.39665953311484,0.43391183791806043,2.1794134351913717
./csi-dataset/homeoffice-communication-28G-csi-nlos/t16x16_r2x1_test_small/seed3772-epoch8-96.mat,-97.85902267564572,4.0,54.0,-104.51529822554191,0.15617402772387845,11.58031678199768,279.0,66.0,-116.53802553332324,6.656275549896193,72.33275890259401
./csi-dataset/homeoffice-communication-28G-csi-nlos/t16x16_r2x1_test_small/seed3772-epoch8-97.mat,-98.03046638823744,302.0,52.0,-102.6027311621445,0.17109605742606782,10.800206184387207,284.0,49.0,-111.13050913685642,4.572264773907051,14.18210887105953
./csi-dataset/homeoffice-communication-28G-csi-nlos/t16x16_r2x1_test_small/seed3772-epoch8-98.mat,-95.98946809822812,354.0,76.0,-145.3420074318522,-0.08757171580565193,13.222322940826416,73.0,20.0,-111.82476755537193,49.352539333624094,73.10287250496529
./csi-dataset/homeoffice-communication-28G-csi-nlos/t16x16_r2x1_test_small/seed3772-epoch8-99.mat,-92.5524522172187,189.0,57.0,-92.87729129556442,-0.0006664915062934984,11.70002293586731,191.0,56.0,-104.84986490534256,0.32483907834571824,1.9445340842193057
./csi-dataset/homeoffice-communication-28G-csi-nlos/t16x16_r2x1_test_small/seed3903-epoch30-1.mat,-94.65733742127736,194.0,32.0,-94.66180410911517,0.18905064486537893,14.730252027511597,194.0,32.0,-107.21570743577985,0.004466687837805239,0.0
./csi-dataset/homeoffice-communication-28G-csi-nlos/t16x16_r2x1_test_small/seed3903-epoch30-10.mat,-89.87404678765103,355.0,73.0,-91.75311538188025,-0.021291758416786433,14.39411735534668,354.0,70.0,-105.10550118107469,1.8790685942292242,3.1462741396938836
./csi-dataset/homeoffice-communication-28G-csi-nlos/t16x16_r2x1_test_small/seed3903-epoch30-100.mat,-91.3975570267118,355.0,62.0,-91.49683529880795,-0.19446784119697424,13.46916651725769,355.0,62.0,-105.55978800884631,0.09927827209615714,0.0
./csi-dataset/homeoffice-communication-28G-csi-nlos/t16x16_r2x1_test_small/seed3903-epoch30-11.mat,-91.5502001118974,6.0,64.0,-106.25227076774011,-0.006294664688744511,14.800874710083008,356.0,86.0,-110.41678753987432,14.702070655842718,23.997611072603338
./csi-dataset/homeoffice-communication-28G-csi-nlos/t16x16_r2x1_test_small/seed3903-epoch30-12.mat,-88.57932275494562,325.0,65.0,-88.68146596126009,-0.4901229583716009,15.197082042694092,325.0,67.0,-101.06447700045348,0.10214320631446583,1.999999999999765
./csi-dataset/homeoffice-communication-28G-csi-nlos/t16x16_r2x1_test_small/seed3903-epoch30-13.mat,-86.84786448957828,177.0,39.0,-86.9606222311302,-0.356887290585991,13.31994080543518,177.0,39.0,-101.44286133619774,0.11275774155191698,8.537736462515939e-07
./csi-dataset/homeoffice-communication-28G-csi-nlos/t16x16_r2x1_test_small/seed3903-epoch30-14.mat,-88.28876689172326,109.0,37.0,-88.3812592283513,0.30494196765533454,14.715889692306519,109.0,37.0,-101.88944375962208,0.09249233662804102,8.537736462515939e-07
./csi-dataset/homeoffice-communication-28G-csi-nlos/t16x16_r2x1_test_small/seed3903-epoch30-15.mat,-91.3102532723629,42.0,23.0,-124.87365981322243,-0.07471390511389009,15.004565000534058,266.0,40.0,-110.37891789772343,33.56340654085953,58.36673547158921
./csi-dataset/homeoffice-communication-28G-csi-nlos/t16x16_r2x1_test_small/seed3903-epoch30-16.mat,-92.79461688116491,194.0,62.0,-141.5857892425077,0.08523201764444499,13.76621150970459,79.0,48.0,-108.56283470438997,48.79117236134279,87.88912038371632
./csi-dataset/homeoffice-communication-28G-csi-nlos/t16x16_r2x1_test_small/seed3903-epoch30-17.mat,-95.7858687430413,207.0,59.0,-125.67329617097158,0.1790840728876838,11.729844331741333,232.0,38.0,-110.23144898767448,29.887427427930277,27.85452843372812
./csi-dataset/homeoffice-communication-28G-csi-nlos/t16x16_r2x1_test_small/seed3903-epoch30-18.mat,-90.24192749539506,171.0,55.0,-134.54410516023023,-0.4503963211081239,15.049535274505615,331.0,51.0,-110.64484934629937,44.30217766483517,103.72403237931725
./csi-dataset/homeoffice-communication-28G-csi-nlos/t16x16_r2x1_test_small/seed3903-epoch30-19.mat,-87.90033231713991,279.0,52.0,-88.10799519622712,-0.6272677212990243,15.979685544967651,279.0,53.0,-100.52001534129921,0.20766287908720926,0.9999999999999002
./csi-dataset/homeoffice-communication-28G-csi-nlos/t16x16_r2x1_test_small/seed3903-epoch30-2.mat,-106.8725812822752,188.0,81.0,-106.87295519006614,0.19819954765807546,12.909536361694336,188.0,82.0,-118.0040628526537,0.00037390779093016135,1.0000000000002647
./csi-dataset/homeoffice-communication-28G-csi-nlos/t16x16_r2x1_test_small/seed3903-epoch30-20.mat,-100.06970258571596,119.0,54.0,-100.76972738687289,0.11278596141125452,12.030189514160156,119.0,52.0,-110.87290619266561,0.7000248011569283,1.9999999999999472
./csi-dataset/homeoffice-communication-28G-csi-nlos/t16x16_r2x1_test_small/seed3903-epoch30-21.mat,-87.67918596344046,210.0,82.0,-88.01674152919524,0.19050815314740754,12.237754106521606,209.0,85.0,-100.9195945203942,0.3375555657547835,3.1602136603558844
./csi-dataset/homeoffice-communication-28G-csi-nlos/t16x16_r2x1_test_small/seed3903-epoch30-22.mat,-95.13480153017848,15.0,57.0,-96.36399048060669,-0.008298971466621508,10.44653844833374,346.0,59.0,-106.42579286407894,1.2291889504282096,24.59708064570404
./csi-dataset/homeoffice-communication-28G-csi-nlos/t16x16_r2x1_test_small/seed3903-epoch30-24.mat,-85.24554356341892,170.0,76.0,-112.41425589193148,-0.18526006514892623,14.155899286270142,196.0,55.0,-100.90421425275565,27.168712328512555,31.44515333492278
./csi-dataset/homeoffice-communication-28G-csi-nlos/t16x16_r2x1_test_small/seed3903-epoch30-25.mat,-94.50120898295492,193.0,77.0,-94.57501443025323,-0.05541621337242142,14.53747272491455,194.0,76.0,-109.47622756412227,0.07380544729831229,1.3948024240356542
./csi-dataset/homeoffice-communication-28G-csi-nlos/t16x16_r2x1_test_small/seed3903-epoch30-26.mat,-89.96838382049324,83.0,52.0,-133.39377620585486,0.2569735762085096,12.825877904891968,316.0,37.0,-107.03594492860299,43.42539238536162,78.09518947472517
./csi-dataset/homeoffice-communication-28G-csi-nlos/t16x16_r2x1_test_small/seed3903-epoch30-27.mat,-96.88778547227204,29.0,61.0,-97.2195639530279,0.2274043165018491,12.967703342437744,28.0,63.0,-110.66542309924408,0.33177848075585814,2.186194360599835
./csi-dataset/homeoffice-communication-28G-csi-nlos/t16x16_r2x1_test_small/seed3903-epoch30-28.mat,-88.12032954429775,274.0,39.0,-88.34823017085066,-0.13466181110804643,14.348769187927246,274.0,38.0,-99.59969927129619,0.2279006265529091,0.9999999999999002
./csi-dataset/homeoffice-communication-28G-csi-nlos/t16x16_r2x1_test_small/seed3903-epoch30-29.mat,-90.74555687576422,248.0,7.0,-123.7015583962779,0.020300521794345272,13.844100952148438,268.0,59.0,-108.27471764659165,32.95600152051368,52.45664170782995
./csi-dataset/homeoffice-communication-28G-csi-nlos/t16x16_r2x1_test_small/seed3903-epoch30-3.mat,-87.0250485777391,345.0,72.0,-144.33584539689983,-0.1939628086661016,15.487384796142578,290.0,56.0,-102.53790165544451,57.31079681916073,51.31464928667729
./csi-dataset/homeoffice-communication-28G-csi-nlos/t16x16_r2x1_test_small/seed3903-epoch30-30.mat,-90.11615596303363,177.0,67.0,-90.21096373579246,0.1490003092176846,13.115214586257935,177.0,69.0,-102.93192710997198,0.09480777275882701,1.9999999999999472
./csi-dataset/homeoffice-communication-28G-csi-nlos/t16x16_r2x1_test_small/seed3903-epoch30-31.mat,-102.9952313734532,212.0,64.0,-143.53058093290082,0.07486490256741052,10.470462560653687,8.0,42.0,-121.47515114918926,40.535349559447624,102.92307553491632
./csi-dataset/homeoffice-communication-28G-csi-nlos/t16x16_r2x1_test_small/seed3903-epoch30-32.mat,-87.3604926924211,323.0,25.0,-87.75680540839538,-0.3536942492720714,14.50144362449646,322.0,24.0,-98.10109647261825,0.3963127159742754,1.0825430461820966
./csi-dataset/homeoffice-communication-28G-csi-nlos/t16x16_r2x1_test_small/seed3903-epoch30-33.mat,-92.77003197587882,167.0,57.0,-93.26029924961108,-0.35294423473029224,12.761963605880737,164.0,58.0,-103.75256371782142,0.49026727373225754,2.7204778041397284
./csi-dataset/homeoffice-communication-28G-csi-nlos/t16x16_r2x1_test_small/seed3903-epoch30-35.mat,-87.81227130325982,350.0,75.0,-88.02595381462574,-0.5803843022108355,13.30609917640686,350.0,73.0,-99.70987591832619,0.2136825113659171,2.0000000000003118
./csi-dataset/homeoffice-communication-28G-csi-nlos/t16x16_r2x1_test_small/seed3903-epoch30-36.mat,-95.80044940985395,139.0,26.0,-98.85378644338823,-0.43135144459392394,13.374445676803589,196.0,6.0,-117.50287931242735,3.0533370335342767,23.244811756517947
./csi-dataset/homeoffice-communication-28G-csi-nlos/t16x16_r2x1_test_small/seed3903-epoch30-37.mat,-88.33209089429054,26.0,56.0,-88.50629332567316,-0.03190737388546139,14.70548152923584,26.0,55.0,-100.69897615722574,0.1742024313826107,0.9999999999999002
./csi-dataset/homeoffice-communication-28G-csi-nlos/t16x16_r2x1_test_small/seed3903-epoch30-38.mat,-85.45967824609059,187.0,56.0,-112.61747876942226,-0.09609635128293448,16.03758716583252,207.0,51.0,-104.72477577496555,27.157800523331673,16.79600132488456
./csi-dataset/homeoffice-communication-28G-csi-nlos/t16x16_r2x1_test_small/seed3903-epoch30-39.mat,-95.01295936494228,353.0,79.0,-119.58029234612141,0.2196762396843377,14.888885498046875,313.0,14.0,-111.60100377219818,24.567332981179135,68.46563724132847
./csi-dataset/homeoffice-communication-28G-csi-nlos/t16x16_r2x1_test_small/seed3903-epoch30-4.mat,-88.35624913931164,114.0,45.0,-133.5390595782455,-0.3023648624113062,15.894973754882812,300.0,89.0,-105.41357010852934,45.18281043893387,133.6923087533994
./csi-dataset/homeoffice-communication-28G-csi-nlos/t16x16_r2x1_test_small/seed3903-epoch30-40.mat,-94.09061507321826,250.0,63.0,-94.16032253126994,0.07154673805227629,15.449878931045532,250.0,64.0,-105.40230244628438,0.06970745805168121,1.0000000000002647
./csi-dataset/homeoffice-communication-28G-csi-nlos/t16x16_r2x1_test_small/seed3903-epoch30-41.mat,-88.6674138285892,354.0,65.0,-90.1407294839419,0.15644547651029628,14.326603174209595,353.0,62.0,-101.83882078438154,1.4733156553526925,3.1305884412822347
./csi-dataset/homeoffice-communication-28G-csi-nlos/t16x16_r2x1_test_small/seed3903-epoch30-42.mat,-93.04179730929098,92.0,61.0,-133.979037451859,-0.16077905443503937,13.177345037460327,49.0,64.0,-110.40836054333987,40.937240142568015,38.052538673613455
./csi-dataset/homeoffice-communication-28G-csi-nlos/t16x16_r2x1_test_small/seed3903-epoch30-44.mat,-90.47783619532348,5.0,54.0,-91.06381751115747,0.08752432691576684,13.224061012268066,3.0,55.0,-104.62117382356095,0.5859813158339904,1.9107264327926685
./csi-dataset/homeoffice-communication-28G-csi-nlos/t16x16_r2x1_test_small/seed3903-epoch30-45.mat,-83.53622502736778,256.0,68.0,-83.5044053347003,-0.16477813794669527,15.861518144607544,257.0,69.0,-96.96950357206683,-0.03181969266748297,1.3658849490661769
./csi-dataset/homeoffice-communication-28G-csi-nlos/t16x16_r2x1_test_small/seed3903-epoch30-46.mat,-90.28371698017422,155.0,32.0,-133.53048301318725,0.020044410830876602,11.61962628364563,134.0,29.0,-107.36523428075913,43.24676603301303,11.018451368722523
./csi-dataset/homeoffice-communication-28G-csi-nlos/t16x16_r2x1_test_small/seed3903-epoch30-47.mat,-88.89010354564365,185.0,64.0,-99.4131393680779,0.1074917144145966,13.603536367416382,145.0,51.0,-105.33488099895864,10.523035822434252,35.810806738690964
./csi-dataset/homeoffice-communication-28G-csi-nlos/t16x16_r2x1_test_small/seed3903-epoch30-48.mat,-91.944889938527,240.0,58.0,-131.1247473875999,-0.7990149969594675,13.554242372512817,325.0,48.0,-106.97334630022462,39.17985744907291,65.82577210231247
./csi-dataset/homeoffice-communication-28G-csi-nlos/t16x16_r2x1_test_small/seed3903-epoch30-49.mat,-94.36657228532856,206.0,42.0,-94.58909102150693,0.27339130013937873,10.112765312194824,205.0,43.0,-107.29844874845698,0.22251873617837248,1.2067985945048632
./csi-dataset/homeoffice-communication-28G-csi-nlos/t16x16_r2x1_test_small/seed3903-epoch30-5.mat,-99.43979309885076,353.0,62.0,-99.55469024461571,0.040613290417698344,14.052146196365356,353.0,63.0,-111.17423334608114,0.11489714576495658,0.9999999999999002
./csi-dataset/homeoffice-communication-28G-csi-nlos/t16x16_r2x1_test_small/seed3903-epoch30-50.mat,-94.08857660674263,146.0,36.0,-94.50784119302382,0.308554593120404,10.496566534042358,144.0,36.0,-104.1910229347168,0.41926458628118723,1.1755314401623178
./csi-dataset/homeoffice-communication-28G-csi-nlos/t16x16_r2x1_test_small/seed3903-epoch30-51.mat,-93.9319634602832,245.0,20.0,-126.86173911661666,-0.2407143814843038,12.029338359832764,304.0,32.0,-111.6421202856466,32.92977565633346,27.09511810654457
./csi-dataset/homeoffice-communication-28G-csi-nlos/t16x16_r2x1_test_small/seed3903-epoch30-52.mat,-96.58015314355488,214.0,29.0,-128.61747513884643,0.19650615806568716,14.222477912902832,259.0,63.0,-116.82552304674343,32.03732199529155,45.37071288744697
./csi-dataset/homeoffice-communication-28G-csi-nlos/t16x16_r2x1_test_small/seed3903-epoch30-53.mat,-87.13302726445704,211.0,69.0,-87.76244815721462,0.09239923720694565,13.777286767959595,210.0,67.0,-99.41091772850852,0.6294208927575795,2.204435708664474
./csi-dataset/homeoffice-communication-28G-csi-nlos/t16x16_r2x1_test_small/seed3903-epoch30-54.mat,-88.72654409299231,343.0,41.0,-88.8047663542121,0.24295515857545014,15.24024248123169,343.0,41.0,-98.68779167729753,0.0782222612197927,0.0
./csi-dataset/homeoffice-communication-28G-csi-nlos/t16x16_r2x1_test_small/seed3903-epoch30-55.mat,-99.2176574333834,148.0,41.0,-100.88829411112896,0.11398092942016158,11.828223466873169,150.0,39.0,-110.7476114285454,1.6706366777455628,2.3773351190834577
./csi-dataset/homeoffice-communication-28G-csi-nlos/t16x16_r2x1_test_small/seed3903-epoch30-56.mat,-88.41723950237593,287.0,37.0,-90.2874231330346,-0.0659731362179119,14.752771139144897,325.0,60.0,-110.32857808938192,1.8701836306586586,35.90223239378346
./csi-dataset/homeoffice-communication-28G-csi-nlos/t16x16_r2x1_test_small/seed3903-epoch30-57.mat,-91.94134318874453,176.0,35.0,-131.2341198176828,0.12468140687074625,11.080889701843262,90.0,47.0,-109.00013351273493,39.29277662893827,53.99029332696358
./csi-dataset/homeoffice-communication-28G-csi-nlos/t16x16_r2x1_test_small/seed3903-epoch30-59.mat,-94.38980595012715,338.0,65.0,-95.71753396166602,-0.26764955341968943,12.999887704849243,339.0,61.0,-107.91313581976391,1.3277280115388663,4.097964709526998
./csi-dataset/homeoffice-communication-28G-csi-nlos/t16x16_r2x1_test_small/seed3903-epoch30-60.mat,-90.62175631600056,96.0,60.0,-90.61999112218078,-0.2312805768865942,15.221582651138306,96.0,60.0,-103.90330849440585,-0.0017651938197786876,0.0
./csi-dataset/homeoffice-communication-28G-csi-nlos/t16x16_r2x1_test_small/seed3903-epoch30-61.mat,-88.2270338247905,179.0,73.0,-135.5684495077563,0.02474854597888354,13.292969226837158,70.0,65.0,-104.73305988179848,47.3414156829658,99.1262478872207
./csi-dataset/homeoffice-communication-28G-csi-nlos/t16x16_r2x1_test_small/seed3903-epoch30-63.mat,-92.81482702677742,356.0,43.0,-93.27110866688885,-0.06572433034163438,14.856809139251709,357.0,42.0,-106.02481618703173,0.4562816401114276,1.2067985945048632
./csi-dataset/homeoffice-communication-28G-csi-nlos/t16x16_r2x1_test_small/seed3903-epoch30-64.mat,-86.72603383096975,245.0,33.0,-86.79983276712854,-0.3931575652505137,14.263041973114014,245.0,34.0,-100.99218482603419,0.07379893615878075,1.0000000000002647
./csi-dataset/homeoffice-communication-28G-csi-nlos/t16x16_r2x1_test_small/seed3903-epoch30-65.mat,-98.36396262204316,190.0,88.0,-128.4315913814653,0.04163908916079562,13.518476486206055,208.0,52.0,-114.95784545611997,30.067628759422135,39.6036623089655
./csi-dataset/homeoffice-communication-28G-csi-nlos/t16x16_r2x1_test_small/seed3903-epoch30-66.mat,-95.45935824528516,190.0,70.0,-96.69889190489599,-0.015189540630898835,12.540573120117188,190.0,65.0,-110.40948581562992,1.239533659610828,5.000000000000064
./csi-dataset/homeoffice-communication-28G-csi-nlos/t16x16_r2x1_test_small/seed3903-epoch30-67.mat,-89.41976404416431,225.0,54.0,-89.47684716328052,-0.14972264847089667,14.346526861190796,225.0,54.0,-102.29196937837816,0.05708311911621422,0.0
./csi-dataset/homeoffice-communication-28G-csi-nlos/t16x16_r2x1_test_small/seed3903-epoch30-68.mat,-89.07258056841728,216.0,56.0,-90.75913722860227,-0.016190801769354612,15.021556615829468,214.0,55.0,-104.79250009742977,1.6865566601849906,1.9278176000878031
./csi-dataset/homeoffice-communication-28G-csi-nlos/t16x16_r2x1_test_small/seed3903-epoch30-69.mat,-100.99692088867012,342.0,67.0,-101.20704421421472,-0.09615567070958853,10.035326957702637,344.0,69.0,-116.21233997418378,0.21012332554460045,2.727289939020243
./csi-dataset/homeoffice-communication-28G-csi-nlos/t16x16_r2x1_test_small/seed3903-epoch30-7.mat,-92.82004116141157,18.0,59.0,-92.86289619284304,0.20532005121565922,15.494118928909302,18.0,59.0,-103.86209287684481,0.04285503143147196,0.0
./csi-dataset/homeoffice-communication-28G-csi-nlos/t16x16_r2x1_test_small/seed3903-epoch30-70.mat,-92.37187437520689,340.0,55.0,-123.1015765937035,0.023729848161025635,12.685279607772827,39.0,73.0,-112.39162954888286,30.729702218496612,55.16903761983144
./csi-dataset/homeoffice-communication-28G-csi-nlos/t16x16_r2x1_test_small/seed3903-epoch30-71.mat,-93.15287347232068,326.0,10.0,-149.952588389882,0.04032373029231928,15.2904691696167,35.0,67.0,-110.17297057342026,56.79971491756133,63.76345845082511
./csi-dataset/homeoffice-communication-28G-csi-nlos/t16x16_r2x1_test_small/seed3903-epoch30-72.mat,-89.57848558067994,334.0,32.0,-89.628503180613,-0.06001152666422582,15.27986478805542,334.0,33.0,-100.75652219207163,0.050017599933056545,0.9999999999999002
./csi-dataset/homeoffice-communication-28G-csi-nlos/t16x16_r2x1_test_small/seed3903-epoch30-73.mat,-88.12742406742872,165.0,58.0,-135.7104240740492,-0.9371519784013174,15.981938123703003,318.0,19.0,-103.09400126861107,47.58300000662048,75.22381500676074
./csi-dataset/homeoffice-communication-28G-csi-nlos/t16x16_r2x1_test_small/seed3903-epoch30-75.mat,-93.64202902045182,13.0,59.0,-94.63963040154152,0.100937351339079,11.640286445617676,12.0,57.0,-107.4080451841872,0.9976013810897086,2.1723309760084506
./csi-dataset/homeoffice-communication-28G-csi-nlos/t16x16_r2x1_test_small/seed3903-epoch30-76.mat,-88.46264028145177,251.0,22.0,-124.28363580617005,0.05211130509985218,13.596416234970093,98.0,59.0,-101.0679582083177,35.820995524718285,78.96361502326316
./csi-dataset/homeoffice-communication-28G-csi-nlos/t16x16_r2x1_test_small/seed3903-epoch30-78.mat,-86.70249508886876,247.0,68.0,-87.30729054313022,0.16065374150632372,16.781410694122314,246.0,68.0,-99.57675530925607,0.6047954542614633,0.9271822030944684
./csi-dataset/homeoffice-communication-28G-csi-nlos/t16x16_r2x1_test_small/seed3903-epoch30-79.mat,-87.51395302588094,341.0,32.0,-90.04342842866932,-0.1769654051847256,15.343254566192627,338.0,30.0,-104.17549054344902,2.5294754027883783,2.5268004536000728
./csi-dataset/homeoffice-communication-28G-csi-nlos/t16x16_r2x1_test_small/seed3903-epoch30-8.mat,-91.04143584741712,103.0,9.0,-140.26036817957927,-0.029729988475574398,14.554887056350708,239.0,50.0,-107.36010791083541,49.218932332162154,56.724100502725506
./csi-dataset/homeoffice-communication-28G-csi-nlos/t16x16_r2x1_test_small/seed3903-epoch30-80.mat,-87.5358169053173,186.0,69.0,-144.53573113774186,-0.04240647766069161,14.478892087936401,40.0,47.0,-103.66245419112727,56.99991423242456,108.76224598016613
./csi-dataset/homeoffice-communication-28G-csi-nlos/t16x16_r2x1_test_small/seed3903-epoch30-82.mat,-87.72050685996626,252.0,34.0,-87.94668794040436,0.09111840739385968,13.879305362701416,254.0,34.0,-100.81777241573883,0.2261810804380957,1.1183467808049647
./csi-dataset/homeoffice-communication-28G-csi-nlos/t16x16_r2x1_test_small/seed3903-epoch30-84.mat,-88.44825555433314,244.0,49.0,-89.58908636866624,-0.39890435576646976,15.164265871047974,242.0,48.0,-103.44804704279707,1.1408308143330999,1.8009575074026887
./csi-dataset/homeoffice-communication-28G-csi-nlos/t16x16_r2x1_test_small/seed3903-epoch30-85.mat,-91.8832232474086,122.0,25.0,-122.91067676642201,0.1907928444331669,13.549230575561523,7.0,20.0,-107.34455314427089,31.02745351901342,37.76176709946444
./csi-dataset/homeoffice-communication-28G-csi-nlos/t16x16_r2x1_test_small/seed3903-epoch30-86.mat,-97.88759265762803,192.0,34.0,-136.50968290547604,-0.0339651632307536,13.322209596633911,55.0,44.0,-116.03564599566057,38.62209024784801,71.80410739740218
./csi-dataset/homeoffice-communication-28G-csi-nlos/t16x16_r2x1_test_small/seed3903-epoch30-87.mat,-97.00921832810477,270.0,25.0,-131.2589133429567,0.12358028158853651,11.535801649093628,72.0,71.0,-115.58463420229182,34.24969501485194,94.87435549818875
./csi-dataset/homeoffice-communication-28G-csi-nlos/t16x16_r2x1_test_small/seed3903-epoch30-88.mat,-95.36765651274284,236.0,48.0,-120.27308587347764,0.11077120329125367,13.253337144851685,138.0,73.0,-110.63956168439269,24.9054293607348,84.44919767691678
./csi-dataset/homeoffice-communication-28G-csi-nlos/t16x16_r2x1_test_small/seed3903-epoch30-89.mat,-87.98646655179964,200.0,64.0,-127.10796354306328,-0.6178396323280222,14.302362442016602,324.0,69.0,-104.46379858699504,39.12149699126364,108.18695698301124
./csi-dataset/homeoffice-communication-28G-csi-nlos/t16x16_r2x1_test_small/seed3903-epoch30-9.mat,-91.989372440692,180.0,15.0,-93.8763094522151,0.05924367495644822,14.685098886489868,179.0,18.0,-105.04865334497923,1.8869370115231021,3.013306186100788
./csi-dataset/homeoffice-communication-28G-csi-nlos/t16x16_r2x1_test_small/seed3903-epoch30-90.mat,-96.15348575203912,322.0,45.0,-120.5901775297618,0.2323265952922824,14.687016010284424,59.0,46.0,-111.75165331715596,24.436691777722686,64.58264113323908
./csi-dataset/homeoffice-communication-28G-csi-nlos/t16x16_r2x1_test_small/seed3903-epoch30-91.mat,-86.37302399026703,173.0,42.0,-86.45717026655076,0.15245151861081574,16.554216384887695,174.0,42.0,-101.51721449913902,0.08414627628373239,0.6691259159967914
./csi-dataset/homeoffice-communication-28G-csi-nlos/t16x16_r2x1_test_small/seed3903-epoch30-94.mat,-95.20585759686551,138.0,78.0,-120.22552406630565,-0.3019403731118393,13.952291011810303,309.0,30.0,-110.46851480259735,25.01966646944014,107.63762003621807
./csi-dataset/homeoffice-communication-28G-csi-nlos/t16x16_r2x1_test_small/seed3903-epoch30-95.mat,-91.95412321018208,109.0,18.0,-92.54160276051897,-0.15432616215732597,13.656793117523193,109.0,20.0,-106.02047083912494,0.5874795503368944,2.0000000000001297
./csi-dataset/homeoffice-communication-28G-csi-nlos/t16x16_r2x1_test_small/seed3903-epoch30-96.mat,-87.90565813039021,98.0,62.0,-89.18514949778407,0.02364009969234726,15.461316347122192,124.0,67.0,-101.43327138436321,1.2794913673938595,23.94453132959579
./csi-dataset/homeoffice-communication-28G-csi-nlos/t16x16_r2x1_test_small/seed3903-epoch30-97.mat,-89.14409812169465,313.0,70.0,-89.30001857677709,-0.7321119688512614,13.73611330986023,313.0,70.0,-100.98973650158396,0.15592045508243757,1.2074182697257333e-06
./csi-dataset/homeoffice-communication-28G-csi-nlos/t16x16_r2x1_test_small/seed3903-epoch30-98.mat,-91.9234459461186,176.0,60.0,-92.02998398981123,0.1791223330279158,12.081883430480957,176.0,61.0,-104.0018349130233,0.10653804369262332,1.0000000000002647
./csi-dataset/homeoffice-communication-28G-csi-nlos/t16x16_r2x1_test_small/seed3903-epoch30-99.mat,-98.27028582641148,203.0,47.0,-98.94367906073151,-0.14643093200714685,12.243536710739136,205.0,45.0,-111.20020699149461,0.6733932343200308,2.4635136243001474
./csi-dataset/homeoffice-communication-28G-csi-nlos/t16x16_r2x1_test_small/seed4274-epoch5-1.mat,-97.1317414030814,301.0,64.0,-97.81998236215861,0.08210712550355437,15.406198501586914,301.0,61.0,-112.5028625104239,0.6882409590772056,2.9999999999999227
./csi-dataset/homeoffice-communication-28G-csi-nlos/t16x16_r2x1_test_small/seed4274-epoch5-10.mat,-88.88335026878485,298.0,58.0,-128.43175218281797,0.2430479457319239,12.84853219985962,231.0,23.0,-105.04252751327832,39.54840191403312,51.88328313342245
./csi-dataset/homeoffice-communication-28G-csi-nlos/t16x16_r2x1_test_small/seed4274-epoch5-11.mat,-98.93022694624916,127.0,68.0,-103.0130274466101,-0.10431929174017562,15.196431875228882,177.0,76.0,-110.89252359292723,4.082800500360932,48.017421755471865
./csi-dataset/homeoffice-communication-28G-csi-nlos/t16x16_r2x1_test_small/seed4274-epoch5-12.mat,-88.57234932172702,300.0,26.0,-89.27153892691634,-0.31491377626990347,15.67149829864502,300.0,28.0,-101.7103712070045,0.6991896051893178,1.999999999999765
./csi-dataset/homeoffice-communication-28G-csi-nlos/t16x16_r2x1_test_small/seed4274-epoch5-13.mat,-90.0419332739657,167.0,52.0,-90.06831535107807,0.14731792860783288,11.950589418411255,168.0,53.0,-102.25873771474747,0.02638207711237328,1.2764636308920168
./csi-dataset/homeoffice-communication-28G-csi-nlos/t16x16_r2x1_test_small/seed4274-epoch5-14.mat,-83.88104897310922,2.0,65.0,-84.4731991908609,-0.5709423178087039,16.482943058013916,1.0,64.0,-97.46521577886016,0.59215021775168,1.347078901746263
./csi-dataset/homeoffice-communication-28G-csi-nlos/t16x16_r2x1_test_small/seed4274-epoch5-15.mat,-91.82279672806766,165.0,53.0,-91.81154208680522,-0.18859260974337033,15.044540166854858,166.0,54.0,-107.28439865700537,-0.01125464126243969,1.283018589070848
./csi-dataset/homeoffice-communication-28G-csi-nlos/t16x16_r2x1_test_small/seed4274-epoch5-16.mat,-86.62699780617665,102.0,60.0,-134.6792321705393,-0.5429922715274833,15.190011739730835,181.0,24.0,-103.73507716645024,48.05223436436266,58.40012126854274
./csi-dataset/homeoffice-communication-28G-csi-nlos/t16x16_r2x1_test_small/seed4274-epoch5-17.mat,-89.88987370841343,198.0,56.0,-92.9217158036247,0.24107567918289308,13.138314247131348,279.0,89.0,-104.82821116483464,3.0318420952112746,81.98516138557247
./csi-dataset/homeoffice-communication-28G-csi-nlos/t16x16_r2x1_test_small/seed4274-epoch5-18.mat,-99.87119472736242,246.0,67.0,-106.04390132816165,0.1590170045705276,11.79125714302063,105.0,75.0,-114.73857547121234,6.172706600799231,126.14724748901155
./csi-dataset/homeoffice-communication-28G-csi-nlos/t16x16_r2x1_test_small/seed4274-epoch5-19.mat,-86.11826842426916,320.0,39.0,-86.12747817606086,0.0661911455772578,14.907443284988403,321.0,40.0,-101.55195218884381,0.009209751791701137,1.1851302768327094
./csi-dataset/homeoffice-communication-28G-csi-nlos/t16x16_r2x1_test_small/seed4274-epoch5-2.mat,-90.0590169464655,45.0,59.0,-129.63030060008714,-0.864905831126928,15.601097583770752,178.0,58.0,-106.16968777753104,39.571283653621634,102.87525035631427
./csi-dataset/homeoffice-communication-28G-csi-nlos/t16x16_r2x1_test_small/seed4274-epoch5-20.mat,-94.9909418353992,41.0,70.0,-95.07504108242642,0.1492363324183671,13.229437351226807,41.0,69.0,-104.86449300248425,0.08409924702722549,0.9999999999999002
./csi-dataset/homeoffice-communication-28G-csi-nlos/t16x16_r2x1_test_small/seed4274-epoch5-21.mat,-97.79970408903912,93.0,23.0,-97.94463459812147,0.22423660470094386,11.369375467300415,92.0,23.0,-107.79498954029305,0.14493050908234295,0.3907269263119075
./csi-dataset/homeoffice-communication-28G-csi-nlos/t16x16_r2x1_test_small/seed4274-epoch5-22.mat,-86.01736295679088,186.0,58.0,-88.03235990183896,0.12199009790424531,13.025701761245728,183.0,58.0,-101.4651397976614,2.0149969450480825,2.544062662451277
./csi-dataset/homeoffice-communication-28G-csi-nlos/t16x16_r2x1_test_small/seed4274-epoch5-23.mat,-96.14350675171625,180.0,52.0,-142.29572958494487,-0.32195041154365067,12.45121431350708,315.0,76.0,-114.42255407707538,46.15222283322862,113.06121059059767
./csi-dataset/homeoffice-communication-28G-csi-nlos/t16x16_r2x1_test_small/seed4274-epoch5-24.mat,-83.97793161628051,2.0,72.0,-84.51887153736655,-0.1483658862308117,14.962508201599121,4.0,72.0,-99.17820149341665,0.5409399210860357,1.9021038100243637
./csi-dataset/homeoffice-communication-28G-csi-nlos/t16x16_r2x1_test_small/seed4274-epoch5-25.mat,-87.2697592456031,302.0,53.0,-127.23124383463579,-0.1079672035449184,14.861371755599976,77.0,66.0,-107.4566446594147,39.96148458903269,105.73078750405524
./csi-dataset/homeoffice-communication-28G-csi-nlos/t16x16_r2x1_test_small/seed4274-epoch5-26.mat,-90.18586506137665,130.0,61.0,-90.74259741731309,0.055153945466141496,13.938433170318604,130.0,65.0,-106.29944502740793,0.5567323559364468,4.000000000000042
./csi-dataset/homeoffice-communication-28G-csi-nlos/t16x16_r2x1_test_small/seed4274-epoch5-27.mat,-85.66694572564577,325.0,53.0,-123.68301297323258,-0.3312766004553531,14.756447792053223,334.0,27.0,-102.83808105303648,38.016067247586804,26.57747831277184
./csi-dataset/homeoffice-communication-28G-csi-nlos/t16x16_r2x1_test_small/seed4274-epoch5-28.mat,-82.93934372250213,97.0,67.0,-83.78582878806807,-0.15708823028604524,15.122164249420166,98.0,63.0,-96.21178368769358,0.8464850655659433,4.101321582243321
./csi-dataset/homeoffice-communication-28G-csi-nlos/t16x16_r2x1_test_small/seed4274-epoch5-29.mat,-87.96727176793509,57.0,73.0,-88.67597871773286,0.25893378669995004,14.360510110855103,56.0,69.0,-99.79518635010899,0.7087069497977723,4.110171605744278
./csi-dataset/homeoffice-communication-28G-csi-nlos/t16x16_r2x1_test_small/seed4274-epoch5-3.mat,-101.55604185922655,15.0,84.0,-101.73031813036268,0.47400049218144635,11.131311416625977,16.0,89.0,-112.03381503211924,0.17427627113612232,5.09859132932762
./csi-dataset/homeoffice-communication-28G-csi-nlos/t16x16_r2x1_test_small/seed4274-epoch5-30.mat,-88.46491185532574,356.0,58.0,-90.01373246581254,0.15814156677565072,10.92931342124939,354.0,60.0,-102.07704699431207,1.5488206104867999,2.6340543416787434
./csi-dataset/homeoffice-communication-28G-csi-nlos/t16x16_r2x1_test_small/seed4274-epoch5-31.mat,-101.73066782291312,236.0,59.0,-125.78001088154096,-0.2215086449591015,12.306511163711548,200.0,53.0,-118.5508697143736,24.04934305862784,30.256112228508933
./csi-dataset/homeoffice-communication-28G-csi-nlos/t16x16_r2x1_test_small/seed4274-epoch5-32.mat,-80.98735354783882,74.0,57.0,-81.0365973966256,-0.25886360427458643,14.103254079818726,74.0,57.0,-95.87613918268205,0.049243848786773015,0.0
./csi-dataset/homeoffice-communication-28G-csi-nlos/t16x16_r2x1_test_small/seed4274-epoch5-33.mat,-97.38704191761236,13.0,72.0,-97.38870978151498,0.36162077163282014,13.077760219573975,13.0,73.0,-109.1489701595313,0.0016678639026110886,0.9999999999999002
./csi-dataset/homeoffice-communication-28G-csi-nlos/t16x16_r2x1_test_small/seed4274-epoch5-34.mat,-84.6748666018781,306.0,20.0,-125.05328709735393,-0.01744979892465559,14.96287488937378,64.0,10.0,-101.87892737335672,40.37842049547584,26.164193351437557
./csi-dataset/homeoffice-communication-28G-csi-nlos/t16x16_r2x1_test_small/seed4274-epoch5-35.mat,-91.16288944758551,212.0,41.0,-92.3873372909051,0.026255785460635117,14.626871347427368,212.0,39.0,-106.8926082536583,1.224447843319581,1.9999999999999472
./csi-dataset/homeoffice-communication-28G-csi-nlos/t16x16_r2x1_test_small/seed4274-epoch5-36.mat,-88.10447841217233,283.0,70.0,-88.33701652217691,0.22721824251012723,14.656839847564697,285.0,69.0,-104.17734074354351,0.23253811000458313,2.123499235158797
./csi-dataset/homeoffice-communication-28G-csi-nlos/t16x16_r2x1_test_small/seed4274-epoch5-37.mat,-94.7784584344092,177.0,74.0,-94.87052723821338,-0.3961019992570849,11.796077013015747,178.0,73.0,-107.19757362493071,0.0920688038041817,1.3853894473665045
./csi-dataset/homeoffice-communication-28G-csi-nlos/t16x16_r2x1_test_small/seed4274-epoch5-38.mat,-89.90094492444325,160.0,30.0,-90.1088401189993,0.11022154828055208,11.721424102783203,160.0,29.0,-104.04632620716875,0.20789519455604477,0.9999999999999002
./csi-dataset/homeoffice-communication-28G-csi-nlos/t16x16_r2x1_test_small/seed4274-epoch5-39.mat,-87.30247396276889,178.0,66.0,-136.49354470510605,0.14871731899084306,12.074326515197754,98.0,43.0,-105.1669300505145,49.19107074233716,66.06766377444954
./csi-dataset/homeoffice-communication-28G-csi-nlos/t16x16_r2x1_test_small/seed4274-epoch5-4.mat,-85.988243589626,28.0,16.0,-88.31475519713476,-0.040857530354560856,14.858680009841919,36.0,15.0,-101.14686613852155,2.3265116075087633,2.3577783663438137
./csi-dataset/homeoffice-communication-28G-csi-nlos/t16x16_r2x1_test_small/seed4274-epoch5-40.mat,-81.97536254046372,28.0,67.0,-82.35906668284022,0.015275357748578022,16.63237977027893,27.0,67.0,-97.28563623094978,0.3837041423765015,0.9205030696913519
./csi-dataset/homeoffice-communication-28G-csi-nlos/t16x16_r2x1_test_small/seed4274-epoch5-41.mat,-94.10350440615105,69.0,51.0,-94.23358799663133,-0.3881579692379853,14.025499820709229,69.0,50.0,-106.50071892206519,0.1300835904802824,0.9999999999999002
./csi-dataset/homeoffice-communication-28G-csi-nlos/t16x16_r2x1_test_small/seed4274-epoch5-42.mat,-90.47765219626284,249.0,46.0,-118.19476501756078,0.03399368585874296,10.000246524810791,185.0,35.0,-104.29955841986296,27.717112821297945,41.41818291542014
./csi-dataset/homeoffice-communication-28G-csi-nlos/t16x16_r2x1_test_small/seed4274-epoch5-43.mat,-96.4435886566132,158.0,60.0,-96.64570228033577,0.08448780145021517,12.95117735862732,158.0,59.0,-107.74240223497145,0.20211362372256758,0.9999999999999002
./csi-dataset/homeoffice-communication-28G-csi-nlos/t16x16_r2x1_test_small/seed4274-epoch5-44.mat,-92.03100110454616,356.0,60.0,-129.24230788402403,0.2132557073392266,14.513553142547607,327.0,89.0,-104.32286949078127,37.211306779477866,39.999172547369305
./csi-dataset/homeoffice-communication-28G-csi-nlos/t16x16_r2x1_test_small/seed4274-epoch5-45.mat,-89.53434722626639,215.0,73.0,-89.63487940590305,-0.833042869494399,12.958229064941406,216.0,73.0,-102.82267640950407,0.10053217963665873,0.9563037183807047
./csi-dataset/homeoffice-communication-28G-csi-nlos/t16x16_r2x1_test_small/seed4274-epoch5-46.mat,-93.5173816359456,151.0,79.0,-93.80511021335798,0.20650100264733517,14.56517219543457,151.0,76.0,-105.31142808905716,0.28772857741238056,2.9999999999999227
./csi-dataset/homeoffice-communication-28G-csi-nlos/t16x16_r2x1_test_small/seed4274-epoch5-47.mat,-106.24780325797812,266.0,54.0,-131.30206081082508,0.041585845655279674,12.047064065933228,202.0,32.0,-123.65356014193694,25.054257552846963,46.653728103836734
./csi-dataset/homeoffice-communication-28G-csi-nlos/t16x16_r2x1_test_small/seed4274-epoch5-48.mat,-90.98017152716535,70.0,65.0,-91.51386085944155,0.06402587395198744,13.059757471084595,71.0,63.0,-106.4784627092391,0.5336893322761966,2.192643660932905
./csi-dataset/homeoffice-communication-28G-csi-nlos/t16x16_r2x1_test_small/seed4274-epoch5-49.mat,-85.75198582748784,2.0,57.0,-85.82783964042379,0.08537892163046557,14.205819129943848,3.0,58.0,-97.78496778283971,0.07585381293594651,1.3081528487651375
./csi-dataset/homeoffice-communication-28G-csi-nlos/t16x16_r2x1_test_small/seed4274-epoch5-5.mat,-82.61765420980083,303.0,52.0,-128.7999866242602,0.1532722443159389,14.202824354171753,325.0,89.0,-103.63382832332985,46.18233241445938,42.160770095455824
./csi-dataset/homeoffice-communication-28G-csi-nlos/t16x16_r2x1_test_small/seed4274-epoch5-50.mat,-100.52581733478848,181.0,89.0,-114.60345742939884,-0.1288959259882836,10.934088230133057,357.0,56.0,-112.94614799828416,14.07764009461036,144.7988032424918
./csi-dataset/homeoffice-communication-28G-csi-nlos/t16x16_r2x1_test_small/seed4274-epoch5-51.mat,-84.4947428611207,174.0,70.0,-87.42643155415706,0.2472914356825502,14.433083534240723,171.0,68.0,-98.98233756571304,2.9316886930363637,3.441332998620976
./csi-dataset/homeoffice-communication-28G-csi-nlos/t16x16_r2x1_test_small/seed4274-epoch5-52.mat,-86.57596341064206,193.0,58.0,-86.86842110487194,-0.2682544616185567,14.177922248840332,193.0,57.0,-100.99824683757018,0.2924576942298813,1.0000000000002647
./csi-dataset/homeoffice-communication-28G-csi-nlos/t16x16_r2x1_test_small/seed4274-epoch5-53.mat,-90.34821425200448,203.0,68.0,-121.57054705718355,-0.8352774192345622,14.278980731964111,332.0,38.0,-111.29602819003395,31.222332805179065,93.67183787414544
./csi-dataset/homeoffice-communication-28G-csi-nlos/t16x16_r2x1_test_small/seed4274-epoch5-54.mat,-88.65183783402087,169.0,77.0,-89.02126904762514,-0.12013298922905968,14.960010051727295,169.0,84.0,-104.22120856967629,0.36943121360427256,7.000000000000024
./csi-dataset/homeoffice-communication-28G-csi-nlos/t16x16_r2x1_test_small/seed4274-epoch5-55.mat,-93.84442390931298,50.0,52.0,-94.44260569692986,-0.07948847285702332,12.320712566375732,359.0,41.0,-103.63821467700973,0.5981817876168805,37.81517468707643
./csi-dataset/homeoffice-communication-28G-csi-nlos/t16x16_r2x1_test_small/seed4274-epoch5-56.mat,-91.05628732887205,66.0,55.0,-130.14953586891198,0.05488852485139861,12.576741218566895,78.0,66.0,-115.42058747798728,39.09324854003994,15.143555449880584
./csi-dataset/homeoffice-communication-28G-csi-nlos/t16x16_r2x1_test_small/seed4274-epoch5-57.mat,-84.21200100861599,244.0,46.0,-84.40802877739603,0.08019515518371789,15.635757684707642,244.0,46.0,-97.75635194067269,0.19602776878004136,1.2074182697257333e-06
./csi-dataset/homeoffice-communication-28G-csi-nlos/t16x16_r2x1_test_small/seed4274-epoch5-58.mat,-98.58660635475997,192.0,61.0,-130.96213715077022,-0.03951546604062317,9.362315893173218,194.0,31.0,-116.18498731828657,32.37553079601025,30.03143008878063
./csi-dataset/homeoffice-communication-28G-csi-nlos/t16x16_r2x1_test_small/seed4274-epoch5-59.mat,-89.31156099549034,184.0,73.0,-89.43864516721426,-0.31211721496590394,14.105284929275513,185.0,72.0,-101.92311707913564,0.12708417172392217,1.38186249612415
./csi-dataset/homeoffice-communication-28G-csi-nlos/t16x16_r2x1_test_small/seed4274-epoch5-6.mat,-81.96325688650616,100.0,33.0,-113.13258846248077,-0.3280561647924374,12.74449610710144,308.0,68.0,-104.17286982716755,31.16933157597461,97.56782888562459
./csi-dataset/homeoffice-communication-28G-csi-nlos/t16x16_r2x1_test_small/seed4274-epoch5-60.mat,-93.44371317235012,114.0,64.0,-131.14819385038825,-0.0706722692771482,14.450645208358765,178.0,36.0,-107.5817458465967,37.70448067803814,54.109343084483605
./csi-dataset/homeoffice-communication-28G-csi-nlos/t16x16_r2x1_test_small/seed4274-epoch5-61.mat,-97.2056036104174,3.0,80.0,-144.5174325770252,0.25028828335216546,11.821130514144897,68.0,47.0,-115.6418140189781,47.311828966607806,64.98752824182347
./csi-dataset/homeoffice-communication-28G-csi-nlos/t16x16_r2x1_test_small/seed4274-epoch5-62.mat,-80.41828934365506,342.0,30.0,-99.74010429682994,0.05595157580294807,15.357894659042358,343.0,41.0,-97.89233899882106,19.32181495317488,11.014991953309352
./csi-dataset/homeoffice-communication-28G-csi-nlos/t16x16_r2x1_test_small/seed4274-epoch5-63.mat,-91.2717196597875,66.0,34.0,-91.320696180982,0.28716106349201,9.186932802200317,66.0,35.0,-101.5714042631,0.04897652119450413,1.0000000000006293
./csi-dataset/homeoffice-communication-28G-csi-nlos/t16x16_r2x1_test_small/seed4274-epoch5-64.mat,-93.08457518012412,24.0,28.0,-93.62769706691664,0.2170116006584153,9.64493179321289,22.0,27.0,-103.34548896413716,0.5431218867925196,1.361072255460298
./csi-dataset/homeoffice-communication-28G-csi-nlos/t16x16_r2x1_test_small/seed4274-epoch5-65.mat,-89.62671308945292,212.0,29.0,-128.8609846194569,-0.03988883656090958,14.253459930419922,315.0,51.0,-105.02416422927692,39.23427153000398,62.246945868861616
./csi-dataset/homeoffice-communication-28G-csi-nlos/t16x16_r2x1_test_small/seed4274-epoch5-66.mat,-90.87562461538006,17.0,40.0,-90.84601804468483,0.18965873192744354,11.189607620239258,17.0,41.0,-103.004235512512,-0.0296065706952362,1.0000000000006293
./csi-dataset/homeoffice-communication-28G-csi-nlos/t16x16_r2x1_test_small/seed4274-epoch5-67.mat,-93.18354305051542,338.0,64.0,-93.53484406789967,-0.07182430133999262,10.461863040924072,338.0,64.0,-105.56228078303762,0.3513010173842446,0.0
./csi-dataset/homeoffice-communication-28G-csi-nlos/t16x16_r2x1_test_small/seed4274-epoch5-68.mat,-93.62083700474614,50.0,27.0,-104.37607108645241,0.28054152234559593,10.286948204040527,38.0,29.0,-112.60010900494395,10.755234081706277,5.967439725887702
./csi-dataset/homeoffice-communication-28G-csi-nlos/t16x16_r2x1_test_small/seed4274-epoch5-69.mat,-99.32560852969672,42.0,69.0,-99.31033934180229,0.21912387352958285,11.517342567443848,42.0,70.0,-110.54879454006908,-0.015269187894432434,0.9999999999995357
./csi-dataset/homeoffice-communication-28G-csi-nlos/t16x16_r2x1_test_small/seed4274-epoch5-7.mat,-100.38386989806811,246.0,60.0,-100.45901546801831,0.08188087045063419,9.870545387268066,247.0,62.0,-112.37944249706527,0.07514556995019461,2.1828435096326433
./csi-dataset/homeoffice-communication-28G-csi-nlos/t16x16_r2x1_test_small/seed4274-epoch5-70.mat,-91.9680559695857,59.0,57.0,-92.00588307302695,0.13025289916303073,12.711206912994385,59.0,57.0,-104.12699585303442,0.03782710344124496,0.0
./csi-dataset/homeoffice-communication-28G-csi-nlos/t16x16_r2x1_test_small/seed4274-epoch5-71.mat,-88.6523063746469,180.0,89.0,-119.89550589523255,0.156138107251241,14.12473201751709,219.0,19.0,-105.13544235131009,31.243199520585648,74.36685138659644
./csi-dataset/homeoffice-communication-28G-csi-nlos/t16x16_r2x1_test_small/seed4274-epoch5-72.mat,-89.99738293916212,64.0,59.0,-90.0086958004998,-0.05539377860626149,12.327095985412598,64.0,60.0,-105.6975910871374,0.01131286133767162,0.9999999999999002
./csi-dataset/homeoffice-communication-28G-csi-nlos/t16x16_r2x1_test_small/seed4274-epoch5-73.mat,-102.770139708059,316.0,47.0,-149.5152351422464,0.39796760155237754,11.659104108810425,99.0,53.0,-117.31136464869707,46.745095434187405,93.21220518269956
./csi-dataset/homeoffice-communication-28G-csi-nlos/t16x16_r2x1_test_small/seed4274-epoch5-74.mat,-91.9557984356936,232.0,50.0,-91.93439035107738,0.22779576473559604,14.825010061264038,232.0,51.0,-106.7767818873699,-0.02140808461621191,0.9999999999999002
./csi-dataset/homeoffice-communication-28G-csi-nlos/t16x16_r2x1_test_small/seed4274-epoch5-75.mat,-85.41785137218514,199.0,47.0,-85.51354748866595,-0.37275458088782587,15.479637145996094,199.0,47.0,-100.01489661340179,0.09569611648080922,8.537736462515939e-07
./csi-dataset/homeoffice-communication-28G-csi-nlos/t16x16_r2x1_test_small/seed4274-epoch5-76.mat,-86.27456165836458,159.0,72.0,-86.27944468421751,0.0197113778707404,13.451829195022583,159.0,71.0,-102.71297722702582,0.004883025852933542,1.0000000000006293
./csi-dataset/homeoffice-communication-28G-csi-nlos/t16x16_r2x1_test_small/seed4274-epoch5-77.mat,-91.38273862466866,278.0,37.0,-91.4690572908543,0.1727648101593201,11.635384321212769,278.0,38.0,-105.66377847588709,0.08631866618563322,0.9999999999999002
./csi-dataset/homeoffice-communication-28G-csi-nlos/t16x16_r2x1_test_small/seed4274-epoch5-78.mat,-90.9109843918135,202.0,34.0,-128.4127995299092,0.07994224046048926,12.26481294631958,258.0,89.0,-106.54624503207819,37.501815138095694,70.9060705525884
./csi-dataset/homeoffice-communication-28G-csi-nlos/t16x16_r2x1_test_small/seed4274-epoch5-79.mat,-85.45839521028452,131.0,51.0,-85.54176814609717,-0.004466289141801694,14.242516040802002,132.0,52.0,-100.1563747164574,0.0833729358126476,1.2698127585966896
./csi-dataset/homeoffice-communication-28G-csi-nlos/t16x16_r2x1_test_small/seed4274-epoch5-8.mat,-98.24752670995586,12.0,57.0,-98.97805703758642,0.14967253371104694,12.823466062545776,14.0,56.0,-111.93159755272251,0.7305303276305608,1.9445340842193057
./csi-dataset/homeoffice-communication-28G-csi-nlos/t16x16_r2x1_test_small/seed4274-epoch5-9.mat,-83.28711764319132,159.0,50.0,-127.25046173535125,-0.2694454726733877,15.112096786499023,8.0,39.0,-101.15305899830672,43.96334409215993,85.53232387182062
./csi-dataset/homeoffice-communication-28G-csi-nlos/t16x16_r2x1_test_small/seed4274-epoch5-94.mat,-90.09570153980084,169.0,36.0,-131.5030440102237,0.35397045670682337,15.214502096176147,337.0,47.0,-116.44454325868472,41.40734247042286,82.45740440986008
