csi_path,max_rss,gt_phi,gt_theta,rss,2ace_quality,2ace_running_time,2ace_phi,2ace_theta,rss_at_gt,loss,angle_error
./csi-dataset/uva-communication-28G-csi/t16x16_r2x1_test_small/10200-run00098-2.mat,-143.1554731083513,190.0,56.0,-143.32495680673787,0.10781977544464183,12.75039267539978,191.0,55.0,-154.34695866744815,0.1694836983865855,1.2958150987623782
./csi-dataset/uva-communication-28G-csi/t16x16_r2x1_test_small/10200-run00098-73.mat,-97.30878049480752,283.0,37.0,-122.03922439363953,-0.0017677641274700395,14.596216917037964,68.0,15.0,-121.41302961562141,24.730443898832007,49.921947996209916
./csi-dataset/uva-communication-28G-csi/t16x16_r2x1_test_small/10200-run00144-19.mat,-105.18088546454086,348.0,61.0,-105.53808693046328,-1.1703043955628676,14.123240947723389,348.0,62.0,-118.35495887230378,0.3572014659224152,1.0000000000002647
./csi-dataset/uva-communication-28G-csi/t16x16_r2x1_test_small/10200-run00146-47.mat,-117.21288945899252,188.0,75.0,-117.53709757383848,0.3709276718196811,9.131612062454224,189.0,73.0,-129.42328142354395,0.324208114845959,2.2189874476227294
./csi-dataset/uva-communication-28G-csi/t16x16_r2x1_test_small/10200-run00199-41.mat,-99.08159226006931,265.0,45.0,-101.2524210617195,-0.3484908550040098,14.256031513214111,261.0,33.0,-113.38217153775528,2.170828801650188,12.255840527104455
./csi-dataset/uva-communication-28G-csi/t16x16_r2x1_test_small/10200-run00265-52.mat,-103.83391515449374,151.0,62.0,-103.9476305393045,0.18605244044000524,11.584282636642456,151.0,64.0,-117.64960437331284,0.11371538481076016,1.9999999999999472
./csi-dataset/uva-communication-28G-csi/t16x16_r2x1_test_small/10200-run00324-52.mat,-101.0324362494987,204.0,28.0,-124.46202361114543,-0.2252948959448895,12.87219762802124,190.0,65.0,-122.46702002607432,23.429587361646725,38.1870389239902
./csi-dataset/uva-communication-28G-csi/t16x16_r2x1_test_small/10200-run00324-90.mat,-96.22497641815649,264.0,30.0,-120.04267786156178,0.03598546304309869,14.243617534637451,85.0,10.0,-114.38552316819688,23.817701443405298,39.9988212698044
./csi-dataset/uva-communication-28G-csi/t16x16_r2x1_test_small/10200-run00325-19.mat,-106.30953407968356,165.0,57.0,-155.1320113217334,0.15206070916382186,13.835888624191284,215.0,22.0,-125.94679637306447,48.82247724204983,45.01463982149834
./csi-dataset/uva-communication-28G-csi/t16x16_r2x1_test_small/10200-run00370-6.mat,-125.53619237658778,322.0,58.0,-139.42927906103105,0.20714356409574752,8.071771144866943,90.0,29.0,-141.2269746196463,13.893086684443276,77.85692403364499
./csi-dataset/uva-communication-28G-csi/t16x16_r2x1_test_small/10200-run00427-16.mat,-145.9695802413397,197.0,20.0,-146.42288666604358,-0.005617095037515618,9.682911396026611,195.0,19.0,-157.14985929007685,0.45330642470386806,1.202242026558765
./csi-dataset/uva-communication-28G-csi/t16x16_r2x1_test_small/10200-run00427-25.mat,-147.5074389327713,94.0,23.0,-159.99645249210636,-0.05684462313752192,8.525304555892944,284.0,14.0,-158.13081088384803,12.489013559335064,36.86306184024201
./csi-dataset/uva-communication-28G-csi/t16x16_r2x1_test_small/10200-run00479-68.mat,-108.2579441812736,359.0,39.0,-108.25753377890543,0.11008119699795249,12.105545043945312,0.0,40.0,-123.14620934993212,-0.00041040236817480036,1.1851302768327094
./csi-dataset/uva-communication-28G-csi/t16x16_r2x1_test_small/10200-run00480-76.mat,-120.73994006607444,321.0,40.0,-122.3013400594236,0.2792029216584062,14.618155241012573,319.0,43.0,-137.48953138736798,1.5613999933491556,3.279363028481817
./csi-dataset/uva-communication-28G-csi/t16x16_r2x1_test_small/10200-run00480-85.mat,-102.28251867032048,202.0,55.0,-102.39348845815113,-0.03285722164942184,13.500717878341675,202.0,55.0,-115.3797437426337,0.1109697878306406,0.0
./csi-dataset/uva-communication-28G-csi/t16x16_r2x1_test_small/10200-run00523-16.mat,-143.16793308061253,154.0,33.0,-143.32796929308483,0.4151941239193694,7.764708995819092,154.0,34.0,-154.86377804887604,0.16003621247230626,1.0000000000002647
./csi-dataset/uva-communication-28G-csi/t16x16_r2x1_test_small/10200-run00524-22.mat,-125.36955842726074,32.0,62.0,-126.47574843760852,0.06549426159801719,13.156078577041626,31.0,60.0,-140.90375877174512,1.106190010347774,2.1828435096324763
./csi-dataset/uva-communication-28G-csi/t16x16_r2x1_test_small/10200-run00524-29.mat,-107.2572556590106,254.0,32.0,-107.47990609473392,0.11377554148205182,9.710119485855103,253.0,32.0,-121.34571911944674,0.22265043572332388,0.5299144270040117
./csi-dataset/uva-communication-28G-csi/t16x16_r2x1_test_small/10200-run00583-51.mat,-106.20952912301031,355.0,63.0,-154.46682810506044,0.015042767152369185,11.374103546142578,288.0,52.0,-123.1339996067417,48.25729898205013,56.3687562196507
./csi-dataset/uva-communication-28G-csi/t16x16_r2x1_test_small/10200-run00587-7.mat,-126.9407966100222,37.0,34.0,-127.09830376568814,0.06100958218885644,10.030027389526367,38.0,34.0,-140.76613425819968,0.15750715566593954,0.5591880253050119
./csi-dataset/uva-communication-28G-csi/t16x16_r2x1_test_small/10200-run00628-52.mat,-106.76439143195284,154.0,24.0,-113.56859243289719,0.031086495398257252,13.524160385131836,165.0,25.0,-123.70803514165131,6.804201000944346,4.663409095948339
./csi-dataset/uva-communication-28G-csi/t16x16_r2x1_test_small/10200-run00628-82.mat,-104.19708565595585,29.0,31.0,-104.298547038207,-0.4733836161070182,14.2097647190094,29.0,30.0,-116.30282212622845,0.1014613822511592,0.9999999999999002
./csi-dataset/uva-communication-28G-csi/t16x16_r2x1_test_small/10200-run00628-94.mat,-105.69940046857212,19.0,41.0,-106.5757988304718,0.09622147788328217,13.659592866897583,16.0,41.0,-122.28525698199931,0.8763983618996747,1.9680490154205386
./csi-dataset/uva-communication-28G-csi/t16x16_r2x1_test_small/10200-run00628-98.mat,-104.41494512066288,346.0,63.0,-158.5716720527394,0.025617198634386495,14.0753812789917,48.0,49.0,-123.35689622626846,54.15672693207651,52.1539978099255
./csi-dataset/uva-communication-28G-csi/t16x16_r2x1_test_small/10200-run00629-12.mat,-108.90964977599148,210.0,60.0,-108.99120674434711,0.05307368393339973,14.891815900802612,211.0,60.0,-121.38521676967801,0.08155696835562765,0.866022655740813
./csi-dataset/uva-communication-28G-csi/t16x16_r2x1_test_small/10200-run00671-69.mat,-111.18428636498638,137.0,23.0,-111.38275349867587,-0.21786333798679158,13.654633045196533,136.0,23.0,-124.29800943555796,0.19846713368949054,0.3907269263119075
./csi-dataset/uva-communication-28G-csi/t16x16_r2x1_test_small/10200-run00671-70.mat,-97.77083404789428,357.0,56.0,-98.2820420334993,0.1497837102748939,12.114451169967651,357.0,55.0,-111.21187510446163,0.5112079856050116,0.9999999999995357
./csi-dataset/uva-communication-28G-csi/t16x16_r2x1_test_small/10200-run00671-78.mat,-104.07689022565776,133.0,48.0,-105.1419441477806,0.16297030601597606,13.606800556182861,131.0,47.0,-118.20174649432144,1.0650539221228428,1.7815769647145805
./csi-dataset/uva-communication-28G-csi/t16x16_r2x1_test_small/10200-run00725-25.mat,-134.5223993572081,47.0,16.0,-134.60430296040937,-0.2486834410510148,9.069518089294434,49.0,16.0,-148.24692098307918,0.0819036032012832,0.551248850192051
./csi-dataset/uva-communication-28G-csi/t16x16_r2x1_test_small/10200-run00767-48.mat,-101.79901523264292,29.0,37.0,-106.51757215530579,-1.1664175180129712,13.88939619064331,9.0,68.0,-117.52049475903621,4.71855692266287,34.56165669509021
./csi-dataset/uva-communication-28G-csi/t16x16_r2x1_test_small/10200-run00769-18.mat,-121.64477193544332,102.0,9.0,-121.75703734076876,0.3219289035930567,13.188673257827759,106.0,9.0,-137.85167412727577,0.11226540532544504,0.6256139019981165
./csi-dataset/uva-communication-28G-csi/t16x16_r2x1_test_small/10200-run00823-8.mat,-129.23362006595983,23.0,29.0,-129.44907665554075,0.03699582493814868,13.814179420471191,23.0,28.0,-140.74105792055488,0.21545658958092417,0.9999999999999002
./csi-dataset/uva-communication-28G-csi/t16x16_r2x1_test_small/10200-run00824-67.mat,-102.232667418843,198.0,71.0,-102.41644915646629,0.3005714614511614,14.655758142471313,198.0,70.0,-115.68237834371646,0.18378173762329197,0.9999999999999002
./csi-dataset/uva-communication-28G-csi/t16x16_r2x1_test_small/10200-run00824-88.mat,-107.08999305440686,67.0,40.0,-107.51311585223029,-0.6715433250751339,14.17750096321106,66.0,42.0,-122.88695739466833,0.42312279782342443,2.1048016531362292
./csi-dataset/uva-communication-28G-csi/t16x16_r2x1_test_small/10200-run00865-39.mat,-105.22734088845375,350.0,32.0,-155.7584034289322,-0.09459662770945121,14.483841180801392,80.0,44.0,-122.49391554389393,50.53106254047846,52.4079844741201
./csi-dataset/uva-communication-28G-csi/t16x16_r2x1_test_small/10200-run00865-81.mat,-108.34903767555666,328.0,61.0,-108.68885182574496,-0.2916518161133608,14.155264616012573,328.0,62.0,-122.07579281327571,0.3398141501883032,0.9999999999999002
./csi-dataset/uva-communication-28G-csi/t16x16_r2x1_test_small/10200-run00865-95.mat,-106.4397051627804,214.0,30.0,-106.42309592444434,0.236773202636805,14.79541802406311,214.0,30.0,-118.61152850075689,-0.016609238336059207,0.0
./csi-dataset/uva-communication-28G-csi/t16x16_r2x1_test_small/10200-run00927-64.mat,-120.1397792539612,249.0,46.0,-120.26969618920488,-0.07010991824063728,14.153915882110596,249.0,46.0,-134.13640692514238,0.12991693524368486,0.0
./csi-dataset/uva-communication-28G-csi/t16x16_r2x1_test_small/10200-run00968-93.mat,-106.19001631584626,268.0,58.0,-152.17533937622613,0.12371567769560043,14.784333229064941,163.0,4.0,-123.83397878164217,45.98532306037987,59.11494018894107
./csi-dataset/uva-communication-28G-csi/t16x16_r2x1_test_small/10200-run00971-47.mat,-120.32657386736388,193.0,55.0,-159.4356228167935,-0.2617211224634952,12.85826063156128,301.0,32.0,-138.58474724355645,39.109048949429635,69.37310920193559
./csi-dataset/uva-communication-28G-csi/t16x16_r2x1_test_small/10200-run00971-54.mat,-103.60451712296806,45.0,43.0,-132.65169999528493,0.20674049162286212,13.658397912979126,73.0,26.0,-120.48980672989897,29.047182872316867,22.881679106790376
./csi-dataset/uva-communication-28G-csi/t16x16_r2x1_test_small/10666-run00042-59.mat,-107.55564819979196,342.0,47.0,-156.82573690981977,-0.0349556197053873,13.54219913482666,113.0,5.0,-126.97188647666911,49.27008871002781,50.38803739036817
./csi-dataset/uva-communication-28G-csi/t16x16_r2x1_test_small/10666-run00042-83.mat,-104.00289224837236,43.0,27.0,-104.2008149077727,0.0015033698845756671,13.485890865325928,42.0,26.0,-117.5277111378671,0.1979226594003336,1.0949988098853827
./csi-dataset/uva-communication-28G-csi/t16x16_r2x1_test_small/10666-run00109-59.mat,-116.44097234658872,347.0,68.0,-116.55348920397097,0.12748896805350252,13.51466178894043,348.0,67.0,-131.1267276948942,0.11251685738224637,1.36143945770422
./csi-dataset/uva-communication-28G-csi/t16x16_r2x1_test_small/10666-run00109-67.mat,-105.5650859471328,269.0,31.0,-151.175623469211,-0.5223825492121748,14.600581169128418,206.0,62.0,-122.88136747406396,45.61053752207819,52.49226036523009
./csi-dataset/uva-communication-28G-csi/t16x16_r2x1_test_small/10666-run00111-39.mat,-97.34294068493864,249.0,47.0,-116.25134153029356,-0.6965814946239888,13.792601823806763,236.0,59.0,-118.01643192265092,18.90840084535492,15.828930626861066
./csi-dataset/uva-communication-28G-csi/t16x16_r2x1_test_small/10666-run00111-50.mat,-122.57477879218877,264.0,50.0,-122.67387067592168,-0.3930742582225166,14.681855916976929,264.0,50.0,-136.50482134395432,0.09909188373291045,0.0
./csi-dataset/uva-communication-28G-csi/t16x16_r2x1_test_small/10666-run00111-72.mat,-129.60013332181308,36.0,68.0,-129.90172874378484,-0.09952140462030856,12.900511980056763,35.0,68.0,-142.51715352582102,0.3015954219717685,0.9271822030948613
./csi-dataset/uva-communication-28G-csi/t16x16_r2x1_test_small/10666-run00111-93.mat,-150.14138231266736,248.0,27.0,-152.56417643730606,0.009781255160819957,10.555004835128784,165.0,57.0,-158.81512443732788,2.422794124638699,57.88106541491904
./csi-dataset/uva-communication-28G-csi/t16x16_r2x1_test_small/10666-run00171-95.mat,-113.284731125987,236.0,66.0,-115.96209853434709,0.2806002432642126,12.17440128326416,236.0,60.0,-130.20861726923104,2.677367408360098,6.000000000000026
./csi-dataset/uva-communication-28G-csi/t16x16_r2x1_test_small/10666-run00234-62.mat,-100.68479376061202,30.0,38.0,-100.94656690123475,-0.3218825367650002,13.726628303527832,32.0,38.0,-116.28760701933757,0.26177314062272217,1.2312841306365645
./csi-dataset/uva-communication-28G-csi/t16x16_r2x1_test_small/10666-run00235-20.mat,-114.99168389248617,164.0,49.0,-117.38405262873977,-0.08387590846400883,13.764040231704712,161.0,48.0,-132.20792947843373,2.3923687362536015,2.459161745374263
./csi-dataset/uva-communication-28G-csi/t16x16_r2x1_test_small/10666-run00235-54.mat,-119.17575574236346,195.0,16.0,-119.60178786019358,0.23779621995037803,12.114700317382812,194.0,15.0,-134.44606998653856,0.4260321178301183,1.0350565865888441
./csi-dataset/uva-communication-28G-csi/t16x16_r2x1_test_small/10666-run00297-63.mat,-106.76231829394072,112.0,52.0,-157.8001869691754,-0.28970595756324546,13.764108657836914,227.0,39.0,-124.55613467858475,51.03786867523468,74.40250652339641
./csi-dataset/uva-communication-28G-csi/t16x16_r2x1_test_small/10666-run00348-24.mat,-107.58860806852724,317.0,38.0,-107.8686606698672,-0.14667144789300468,11.707919359207153,316.0,38.0,-120.04802625735479,0.28005260133996046,0.6156566229581099
./csi-dataset/uva-communication-28G-csi/t16x16_r2x1_test_small/10666-run00348-78.mat,-103.60353189017074,342.0,73.0,-103.60633103540775,-0.2806825377643827,13.898163080215454,342.0,74.0,-119.35820136842887,0.0027991452370059733,0.9999999999995357
./csi-dataset/uva-communication-28G-csi/t16x16_r2x1_test_small/10666-run00349-2.mat,-102.48749634944272,152.0,56.0,-102.45792850617971,-0.08529567828585471,13.424528121948242,152.0,57.0,-115.74322223829213,-0.029567843263009763,0.9999999999999002
./csi-dataset/uva-communication-28G-csi/t16x16_r2x1_test_small/10666-run00349-53.mat,-105.85011402303785,262.0,64.0,-106.01181921926654,-0.16200686732641456,14.63265085220337,262.0,65.0,-119.72307631223799,0.16170519622869506,0.9999999999999002
./csi-dataset/uva-communication-28G-csi/t16x16_r2x1_test_small/10666-run00400-60.mat,-98.50240662766694,141.0,46.0,-98.96304609327962,-0.233723612128921,13.505155801773071,140.0,46.0,-111.67471464117395,0.46063946561267244,0.7193353945245025
./csi-dataset/uva-communication-28G-csi/t16x16_r2x1_test_small/10666-run00452-100.mat,-104.560388476355,290.0,42.0,-105.07786139256963,-0.409949232600183,14.362878561019897,289.0,43.0,-119.47245287326994,0.5174729162146292,1.2067985945048632
./csi-dataset/uva-communication-28G-csi/t16x16_r2x1_test_small/10666-run00452-35.mat,-103.2851009832944,285.0,49.0,-103.46557153444117,-0.2751999237436116,14.367780447006226,285.0,49.0,-118.2673068297207,0.1804705511467688,0.0
./csi-dataset/uva-communication-28G-csi/t16x16_r2x1_test_small/10666-run00452-61.mat,-124.17933066079794,338.0,33.0,-159.59051838736988,-0.03601342350044345,12.33215594291687,73.0,43.0,-144.19543116318982,35.41118772657194,54.47969450318987
./csi-dataset/uva-communication-28G-csi/t16x16_r2x1_test_small/10666-run00452-96.mat,-104.9225229174664,328.0,55.0,-104.95902848842059,-0.17135108362848306,14.230705499649048,328.0,55.0,-121.46838474366461,0.0365055709541906,0.0
./csi-dataset/uva-communication-28G-csi/t16x16_r2x1_test_small/10666-run00455-33.mat,-138.6968845409045,357.0,40.0,-138.68924999361897,-0.16831113729811786,13.021470069885254,358.0,41.0,-150.35730695158975,-0.007634547285533699,1.1923597758459477
./csi-dataset/uva-communication-28G-csi/t16x16_r2x1_test_small/10666-run00455-60.mat,-110.30296747302336,57.0,6.0,-110.33646590084638,0.1114376704510388,14.276834487915039,56.0,7.0,-125.94582445176856,0.03349842782301948,1.0063494138159914
./csi-dataset/uva-communication-28G-csi/t16x16_r2x1_test_small/10666-run00455-84.mat,-102.36739241642162,339.0,31.0,-102.65490176521678,-0.08567454307595446,13.695122718811035,339.0,30.0,-117.67945832155227,0.28750934879515455,0.9999999999999002
./csi-dataset/uva-communication-28G-csi/t16x16_r2x1_test_small/10666-run00491-85.mat,-99.888452672586,210.0,52.0,-100.27546195233585,0.13808503748985212,15.709655523300171,209.0,51.0,-115.41229797826149,0.3870092797498472,1.2698127585966896
./csi-dataset/uva-communication-28G-csi/t16x16_r2x1_test_small/10666-run00494-11.mat,-114.65663287890722,345.0,63.0,-115.23823991769902,-0.4212831405162094,13.647249698638916,344.0,63.0,-128.97718952310152,0.5816070387918018,0.8910041932652336
./csi-dataset/uva-communication-28G-csi/t16x16_r2x1_test_small/10666-run00494-35.mat,-101.29770622244234,73.0,21.0,-143.01273290084123,0.15061019170003798,9.766860723495483,320.0,16.0,-117.42743014962521,41.715026678398885,30.815779920691995
./csi-dataset/uva-communication-28G-csi/t16x16_r2x1_test_small/10666-run00494-38.mat,-130.4348921676171,98.0,28.0,-130.48300935038642,-0.0652359050560245,13.93831181526184,98.0,28.0,-143.78104731031812,0.048117182769317424,0.0
./csi-dataset/uva-communication-28G-csi/t16x16_r2x1_test_small/10666-run00494-96.mat,-158.7723485538471,323.0,18.0,-159.63259766856993,0.3035564933376611,0.36814332008361816,260.0,9.0,-159.99167099123707,0.8602491147228193,15.993336624987895
./csi-dataset/uva-communication-28G-csi/t16x16_r2x1_test_small/10666-run00674-42.mat,-100.70549776511814,270.0,54.0,-100.88288701599645,-0.1487056504555364,13.7429838180542,270.0,55.0,-114.33061851345215,0.17738925087830637,0.9999999999999002
./csi-dataset/uva-communication-28G-csi/t16x16_r2x1_test_small/10666-run00674-67.mat,-105.63096736863122,203.0,69.0,-127.4541775742909,-0.11285212239784226,12.535226821899414,329.0,72.0,-126.08706044975446,21.823210205659677,114.27681600391092
./csi-dataset/uva-communication-28G-csi/t16x16_r2x1_test_small/10666-run00674-97.mat,-123.3186653870944,1.0,38.0,-123.3270852351542,0.20067859140850108,10.184837341308594,2.0,39.0,-138.1995223567276,0.008419848059801893,1.1779057547174527
./csi-dataset/uva-communication-28G-csi/t16x16_r2x1_test_small/10666-run00782-55.mat,-141.14407828461108,0.0,40.0,-141.59395225096458,0.23591261061018776,10.235228061676025,358.0,41.0,-151.61840804165865,0.4498739663534934,1.6391501000865543
./csi-dataset/uva-communication-28G-csi/t16x16_r2x1_test_small/10666-run00847-45.mat,-100.43391236028344,357.0,65.0,-101.04176266702117,0.03723112186770283,14.518471479415894,356.0,64.0,-114.34681596987915,0.6078503067377312,1.3470789017465334
./csi-dataset/uva-communication-28G-csi/t16x16_r2x1_test_small/10666-run00847-61.mat,-105.38149437233932,164.0,64.0,-105.46071334131588,0.14052189388612013,13.210218667984009,164.0,65.0,-119.39019730774498,0.07921896897656211,0.9999999999999002
./csi-dataset/uva-communication-28G-csi/t16x16_r2x1_test_small/10666-run00851-76.mat,-101.90831338707616,242.0,67.0,-159.87364314614422,-0.26150846106324965,13.992161512374878,6.0,56.0,-119.43457306051855,57.965329759068055,102.01949789834758
./csi-dataset/uva-communication-28G-csi/t16x16_r2x1_test_small/10666-run00851-98.mat,-105.00741489818182,341.0,51.0,-105.36629276305828,0.11631384250282095,14.25352954864502,341.0,50.0,-119.47346714883614,0.35887786487646167,0.9999999999999002
./csi-dataset/uva-communication-28G-csi/t16x16_r2x1_test_small/10666-run00954-21.mat,-106.3018441926762,348.0,60.0,-107.64428522859768,0.030956315097004805,15.037277221679688,337.0,63.0,-119.12184194059498,1.3424410359214818,10.116564444693212
./csi-dataset/uva-communication-28G-csi/t16x16_r2x1_test_small/10666-run00954-35.mat,-104.1488928082421,188.0,32.0,-104.12303998769234,0.13998197175941918,14.545474529266357,188.0,32.0,-117.91474407950233,-0.02585282054975835,0.0
./csi-dataset/uva-communication-28G-csi/t16x16_r2x1_test_small/10666-run00954-78.mat,-105.89921451821394,300.0,41.0,-106.3187727427437,0.011415053076432535,13.733437299728394,299.0,41.0,-120.0300784997958,0.41955822452976577,0.6560542860149853
./csi-dataset/uva-communication-28G-csi/t16x16_r2x1_test_small/10666-run00960-10.mat,-94.18153743070503,322.0,35.0,-94.26950392526301,-0.07570129853279361,14.194839715957642,323.0,35.0,-107.69734977972786,0.08796649455797478,0.5735715513236346
./csi-dataset/uva-communication-28G-csi/t16x16_r2x1_test_small/1087-run00021-95.mat,-99.56213565019124,329.0,49.0,-104.31358956698199,-0.03466688407878271,14.88138461112976,334.0,54.0,-117.68768970245804,4.7514539167907515,6.346648341759674
./csi-dataset/uva-communication-28G-csi/t16x16_r2x1_test_small/1087-run00025-50.mat,-112.78459017188848,352.0,54.0,-113.14237217416591,-0.0031451851645889484,13.209448099136353,352.0,53.0,-126.4827265007911,0.35778200227743184,0.9999999999999002
./csi-dataset/uva-communication-28G-csi/t16x16_r2x1_test_small/1087-run00025-69.mat,-106.25059102590188,99.0,12.0,-106.24999854510081,-0.058622218972489426,14.528089046478271,100.0,12.0,-120.51295054039302,-0.0005924808010746574,0.20790916599747344
./csi-dataset/uva-communication-28G-csi/t16x16_r2x1_test_small/1087-run00093-15.mat,-104.56950646187998,12.0,35.0,-107.18428540908207,-0.2874156036360507,14.047178745269775,11.0,32.0,-121.23018062049924,2.6147789472020833,3.050259457558692
./csi-dataset/uva-communication-28G-csi/t16x16_r2x1_test_small/1087-run00093-74.mat,-100.65214770194788,345.0,68.0,-102.03995094489116,-0.5240764677525751,13.542059659957886,345.0,75.0,-117.6129458235883,1.3878032429432778,7.000000000000024
./csi-dataset/uva-communication-28G-csi/t16x16_r2x1_test_small/1087-run00097-36.mat,-104.865924429826,119.0,43.0,-146.69059472327675,0.16686429733769692,13.895454406738281,54.0,31.0,-123.55731947598409,41.82467029345075,39.164194499776215
./csi-dataset/uva-communication-28G-csi/t16x16_r2x1_test_small/1087-run00097-39.mat,-113.52805165969568,6.0,64.0,-113.57042720006459,-0.21056371895557913,14.96866774559021,6.0,64.0,-128.3926593973052,0.04237554036890856,0.0
./csi-dataset/uva-communication-28G-csi/t16x16_r2x1_test_small/1087-run00156-47.mat,-114.58340188149924,18.0,58.0,-114.91705819966461,-0.2425147137471546,14.831029415130615,19.0,58.0,-129.12709560129963,0.33365631816536734,0.8480450734750878
./csi-dataset/uva-communication-28G-csi/t16x16_r2x1_test_small/1087-run00159-62.mat,-104.29423914930396,219.0,52.0,-104.63255066026156,-1.031344563769637,14.044424772262573,220.0,54.0,-119.2474495075192,0.3383115109575954,2.153517520377579
./csi-dataset/uva-communication-28G-csi/t16x16_r2x1_test_small/1087-run00212-78.mat,-110.98070704972152,213.0,71.0,-111.13948453305392,-0.7399047990170438,13.009021759033203,213.0,71.0,-124.07217012427212,0.1587774833324005,0.0
./csi-dataset/uva-communication-28G-csi/t16x16_r2x1_test_small/1087-run00213-23.mat,-97.5019794169202,49.0,28.0,-97.90367982815575,-0.1937524818561034,14.413322448730469,50.0,27.0,-113.1489863938153,0.4017004112355522,1.101427343591066
./csi-dataset/uva-communication-28G-csi/t16x16_r2x1_test_small/1087-run00213-96.mat,-119.81484811472876,289.0,62.0,-119.92760435203728,-0.2485126600901657,14.743099689483643,289.0,61.0,-134.13257232320672,0.11275623730851692,1.0000000000002647
./csi-dataset/uva-communication-28G-csi/t16x16_r2x1_test_small/1087-run00252-69.mat,-105.62157988851672,333.0,43.0,-105.5807560769344,0.2283838430348336,10.421186923980713,334.0,44.0,-120.13284880047641,-0.04082381158231385,1.2139907717968488
./csi-dataset/uva-communication-28G-csi/t16x16_r2x1_test_small/1087-run00260-17.mat,-126.22281817090472,214.0,65.0,-126.44333470018233,-0.5058411278296768,13.056754112243652,214.0,65.0,-140.5519629372716,0.22051652927761722,0.0
./csi-dataset/uva-communication-28G-csi/t16x16_r2x1_test_small/1087-run00260-86.mat,-137.02506292952748,222.0,60.0,-137.0347590387531,0.18319229143657034,8.95994782447815,222.0,60.0,-148.23629207429704,0.009696109225615146,8.537736462515939e-07
./csi-dataset/uva-communication-28G-csi/t16x16_r2x1_test_small/1087-run00260-94.mat,-106.31689763194392,195.0,66.0,-106.37563181019685,-0.08259378941781059,14.155524730682373,195.0,65.0,-118.65234717814074,0.05873417825293359,0.9999999999999002
./csi-dataset/uva-communication-28G-csi/t16x16_r2x1_test_small/1087-run00298-26.mat,-104.81283335447806,37.0,46.0,-104.84121787645586,-0.221662616203399,13.498021364212036,37.0,46.0,-118.20732417563904,0.028384521977798727,1.2074182697257333e-06
./csi-dataset/uva-communication-28G-csi/t16x16_r2x1_test_small/1087-run00360-82.mat,-146.87947416299625,159.0,71.0,-146.90476533681098,0.15197418671364216,13.063614845275879,159.0,71.0,-157.41010983038728,0.025291173814736112,1.2074182697257333e-06
./csi-dataset/uva-communication-28G-csi/t16x16_r2x1_test_small/1087-run00406-86.mat,-152.8277951345987,152.0,58.0,-153.02290801910425,0.1485142177234654,0.2962362766265869,152.0,57.0,-159.4542621974526,0.19511288450556208,0.9999999999999002
./csi-dataset/uva-communication-28G-csi/t16x16_r2x1_test_small/1087-run00408-70.mat,-113.1138818272686,120.0,70.0,-113.17840726480162,-0.1454809161042827,14.362665176391602,120.0,71.0,-126.0456750226578,0.06452543753302109,1.0000000000006293
./csi-dataset/uva-communication-28G-csi/t16x16_r2x1_test_small/1087-run00463-32.mat,-143.88141273183842,39.0,46.0,-159.74436117904935,0.27152841201957434,11.130371332168579,58.0,61.0,-156.66760488089122,15.862948447210925,21.30667450266304
./csi-dataset/uva-communication-28G-csi/t16x16_r2x1_test_small/1087-run00463-86.mat,-100.112975003017,125.0,11.0,-127.07034374163231,-0.0286592561881025,13.124078035354614,98.0,50.0,-126.00114531201552,26.957368738615315,40.42860971477361
./csi-dataset/uva-communication-28G-csi/t16x16_r2x1_test_small/1087-run00463-95.mat,-98.74585046532466,331.0,22.0,-99.57806500090558,-0.7510052338932194,13.756727933883667,328.0,23.0,-115.11415474964957,0.832214535580917,1.5222168325608583
./csi-dataset/uva-communication-28G-csi/t16x16_r2x1_test_small/1087-run00464-80.mat,-99.68843320609308,32.0,35.0,-100.65164266612156,-0.016790740118596714,13.335213422775269,34.0,34.0,-116.40675887509998,0.9632094600284802,1.510938826912968
./csi-dataset/uva-communication-28G-csi/t16x16_r2x1_test_small/1087-run00505-27.mat,-137.7803464015572,87.0,57.0,-147.82863648123427,-0.11543978364485152,14.528971672058105,92.0,66.0,-154.2355853247815,10.04829007967706,10.011507679386794
./csi-dataset/uva-communication-28G-csi/t16x16_r2x1_test_small/1087-run00505-62.mat,-109.47008256808012,20.0,45.0,-109.79975724552362,-0.1724402673038845,13.638184309005737,22.0,45.0,-122.83481100743543,0.3296746774435064,1.414177660951948
./csi-dataset/uva-communication-28G-csi/t16x16_r2x1_test_small/1087-run00509-33.mat,-103.44738817676188,331.0,37.0,-103.50800786763456,-0.4217819488902712,13.826730012893677,331.0,37.0,-117.60975903365755,0.06061969087268437,8.537736462515939e-07
./csi-dataset/uva-communication-28G-csi/t16x16_r2x1_test_small/1087-run00509-81.mat,-113.08677979479327,339.0,54.0,-113.13096496999934,0.18635524035775552,14.16574478149414,340.0,55.0,-126.85880724714283,0.04418517520606713,1.2894711697613097
./csi-dataset/uva-communication-28G-csi/t16x16_r2x1_test_small/1087-run00554-23.mat,-105.46629612113838,344.0,66.0,-157.95581558351026,0.1741645266571702,13.861578464508057,347.0,31.0,-125.46499830098496,52.489519462371874,35.06436069558756
./csi-dataset/uva-communication-28G-csi/t16x16_r2x1_test_small/1087-run00599-30.mat,-132.2500274727543,171.0,68.0,-159.8109497117125,0.21964073725432975,11.532316207885742,81.0,28.0,-149.5109677042553,27.5609222389582,70.68521115800276
./csi-dataset/uva-communication-28G-csi/t16x16_r2x1_test_small/1087-run00599-35.mat,-109.01711776963786,179.0,70.0,-109.09244474777168,0.06861976373381673,13.762728452682495,180.0,73.0,-125.15196639777592,0.07532697813381617,3.146274139693768
./csi-dataset/uva-communication-28G-csi/t16x16_r2x1_test_small/1087-run00599-69.mat,-100.56510989513812,337.0,49.0,-100.6714875942771,0.003954149604044277,14.55106234550476,338.0,49.0,-115.03769834809088,0.10637769913897444,0.7547054571971609
./csi-dataset/uva-communication-28G-csi/t16x16_r2x1_test_small/1087-run00599-77.mat,-103.22692401485612,278.0,56.0,-103.42102383869198,-0.21172923204899052,14.703443765640259,278.0,56.0,-117.55073543187893,0.194099823835856,0.0
./csi-dataset/uva-communication-28G-csi/t16x16_r2x1_test_small/1087-run00601-73.mat,-155.81850186455978,46.0,61.0,-156.1996143459707,0.24207271552756637,0.44525647163391113,47.0,59.0,-159.8962614089203,0.38111248141092346,2.179413435191706
./csi-dataset/uva-communication-28G-csi/t16x16_r2x1_test_small/1087-run00601-98.mat,-93.97721856144342,349.0,42.0,-94.27426330486338,0.21793371412911167,14.787930727005005,349.0,42.0,-106.2921487094988,0.2970447434199599,0.0
./csi-dataset/uva-communication-28G-csi/t16x16_r2x1_test_small/1087-run00644-96.mat,-107.61671675660293,229.0,22.0,-107.64182815882978,-0.09527053032592736,13.850810289382935,230.0,22.0,-120.34636552347149,0.02511140222685526,0.3746025059784123
./csi-dataset/uva-communication-28G-csi/t16x16_r2x1_test_small/1087-run00645-8.mat,-103.69115010361574,264.0,46.0,-105.8530229391971,0.12891681682952572,12.227994680404663,263.0,43.0,-120.53018566530845,2.161872835581363,3.0807152506542135
./csi-dataset/uva-communication-28G-csi/t16x16_r2x1_test_small/1087-run00645-92.mat,-106.24882848649372,245.0,10.0,-106.68961221392075,-0.7907148961763746,14.406067371368408,250.0,11.0,-123.79896494213028,0.4407837274270321,1.3519891781984654
./csi-dataset/uva-communication-28G-csi/t16x16_r2x1_test_small/11089-run00045-53.mat,-107.24565369386356,62.0,26.0,-107.61449268472022,-0.12787340887744048,14.205860376358032,60.0,27.0,-122.2654140049178,0.36883899085665917,1.3401645476539878
./csi-dataset/uva-communication-28G-csi/t16x16_r2x1_test_small/11089-run00108-57.mat,-102.3363979874236,196.0,67.0,-102.42101371125763,-0.3596385979960137,13.739301681518555,196.0,67.0,-115.80010142148076,0.08461572383403393,0.0
./csi-dataset/uva-communication-28G-csi/t16x16_r2x1_test_small/11089-run00108-58.mat,-96.96136285326868,356.0,50.0,-96.9821655193625,-0.31847452516370445,14.84927487373352,357.0,51.0,-109.69459081070977,0.020802666093814537,1.2630726248457664
./csi-dataset/uva-communication-28G-csi/t16x16_r2x1_test_small/11089-run00108-7.mat,-111.11543446431423,39.0,64.0,-111.22914387489593,-0.04956153091549287,13.879019498825073,39.0,66.0,-126.06644583958534,0.11370941058169137,1.9999999999999472
./csi-dataset/uva-communication-28G-csi/t16x16_r2x1_test_small/11089-run00109-18.mat,-141.89390034280808,161.0,42.0,-159.9974038724277,0.31028313889162007,7.911221742630005,83.0,47.0,-157.08354222293988,18.103503529619616,52.51385727820581
./csi-dataset/uva-communication-28G-csi/t16x16_r2x1_test_small/11089-run00109-4.mat,-100.34553133334556,225.0,47.0,-100.33776543159331,-0.440513630714648,14.001043796539307,226.0,47.0,-113.57972653677491,-0.00776590175225067,0.7313493840043914
./csi-dataset/uva-communication-28G-csi/t16x16_r2x1_test_small/11089-run00166-33.mat,-106.01740612955312,220.0,66.0,-107.1641501549128,0.002427951194296951,13.673072576522827,218.0,68.0,-121.10889101289408,1.1467440253596806,2.7182225776714297
./csi-dataset/uva-communication-28G-csi/t16x16_r2x1_test_small/11089-run00166-99.mat,-153.72325155108163,224.0,32.0,-159.97272039448174,0.272381980488245,0.2851226329803467,178.0,46.0,-159.8334466976857,6.249468843400109,31.361363868612877
./csi-dataset/uva-communication-28G-csi/t16x16_r2x1_test_small/11089-run00238-100.mat,-97.12681280763574,300.0,59.0,-97.61353187069078,-0.6744802906662037,13.244945764541626,299.0,60.0,-110.51661237563107,0.486719063055034,1.3199854135094096
./csi-dataset/uva-communication-28G-csi/t16x16_r2x1_test_small/11089-run00238-16.mat,-110.11339179219956,186.0,48.0,-110.1507511812902,0.27275306556067924,13.61528992652893,186.0,49.0,-121.29788878815872,0.03735938909063918,0.9999999999999002
./csi-dataset/uva-communication-28G-csi/t16x16_r2x1_test_small/11089-run00240-84.mat,-86.48204345152018,331.0,59.0,-87.4247116653673,-0.3529303623669626,12.841018199920654,330.0,60.0,-102.8496585750082,0.9426682138471136,1.3199854135094096
./csi-dataset/uva-communication-28G-csi/t16x16_r2x1_test_small/11089-run00291-31.mat,-134.70846126417055,188.0,61.0,-159.99171472252544,-0.020902696813628996,12.504481792449951,69.0,30.0,-154.1503546234449,25.283253458354892,78.0038816571154
./csi-dataset/uva-communication-28G-csi/t16x16_r2x1_test_small/11089-run00331-43.mat,-138.78401128707793,15.0,73.0,-139.22688474842977,-0.01650948217779291,11.783782243728638,16.0,72.0,-152.81985647694412,0.44287346135183725,1.3818624961236226
./csi-dataset/uva-communication-28G-csi/t16x16_r2x1_test_small/11089-run00331-97.mat,-153.51446237032147,19.0,65.0,-159.99381719239977,0.354299916487542,0.3501920700073242,172.0,46.0,-159.87637212177677,6.479354822078307,106.69700115677522
./csi-dataset/uva-communication-28G-csi/t16x16_r2x1_test_small/11089-run00333-97.mat,-107.42862098676896,180.0,46.0,-108.26520459775237,-0.18502520954952906,12.233908891677856,179.0,45.0,-120.00048013892338,0.8365836109834106,1.2282790934639731
./csi-dataset/uva-communication-28G-csi/t16x16_r2x1_test_small/11089-run00397-35.mat,-141.33369784489034,275.0,46.0,-159.9137294588075,0.17874780353916409,13.029513835906982,322.0,45.0,-158.46942216570432,18.580031613917157,33.06038006937535
./csi-dataset/uva-communication-28G-csi/t16x16_r2x1_test_small/11089-run00442-32.mat,-108.6765235123312,320.0,70.0,-108.98740897962496,-0.7372570207792326,15.966482162475586,320.0,71.0,-120.96526939611647,0.3108854672937582,0.9999999999999002
./csi-dataset/uva-communication-28G-csi/t16x16_r2x1_test_small/11089-run00452-55.mat,-102.8568849090656,207.0,73.0,-124.18997219013033,0.15082495889996628,12.17390489578247,230.0,37.0,-119.96271485030152,21.333087281064735,40.24702113330544
./csi-dataset/uva-communication-28G-csi/t16x16_r2x1_test_small/11089-run00509-31.mat,-106.70300163393355,325.0,62.0,-106.83149138455028,0.12201618404689785,12.303837299346924,325.0,63.0,-120.34660846807051,0.12848975061672263,0.9999999999995357
./csi-dataset/uva-communication-28G-csi/t16x16_r2x1_test_small/11089-run00509-50.mat,-136.8298991543142,28.0,41.0,-136.80413655557635,0.0511491335446671,10.503011226654053,29.0,41.0,-150.02052303992264,-0.025762598737856024,0.6560542860149853
./csi-dataset/uva-communication-28G-csi/t16x16_r2x1_test_small/11089-run00509-7.mat,-105.36349216856637,348.0,47.0,-105.93500561516058,0.12116758823486296,11.0506911277771,347.0,47.0,-120.45218974658889,0.57151344659421,0.7313493840043914
./csi-dataset/uva-communication-28G-csi/t16x16_r2x1_test_small/11089-run00511-89.mat,-106.54107960136317,170.0,51.0,-113.4392187740415,0.18980401184465034,12.236665487289429,166.0,57.0,-125.5142227192706,6.898139172678341,6.815124684623609
./csi-dataset/uva-communication-28G-csi/t16x16_r2x1_test_small/11089-run00568-64.mat,-117.06235029625248,117.0,19.0,-117.66494014989925,-0.18198874661337294,13.882798194885254,113.0,19.0,-131.89759858671727,0.6025898536467764,1.3020361868971548
./csi-dataset/uva-communication-28G-csi/t16x16_r2x1_test_small/11089-run00568-77.mat,-102.01889212548124,46.0,42.0,-102.61104131377296,-0.2901896317836141,13.275837182998657,48.0,41.0,-116.05271549679333,0.5921491882917138,1.6601041611768295
./csi-dataset/uva-communication-28G-csi/t16x16_r2x1_test_small/11089-run00570-41.mat,-129.63741343097993,249.0,55.0,-129.8390502089873,0.05126252788161223,13.148497104644775,249.0,54.0,-144.13829299713052,0.20163677800735513,0.9999999999999002
./csi-dataset/uva-communication-28G-csi/t16x16_r2x1_test_small/11089-run00570-66.mat,-105.39105757002464,303.0,57.0,-107.11146692834367,-0.3676074941616483,11.76461911201477,301.0,57.0,-121.7568743677,1.7204093583190314,1.6773158733126972
./csi-dataset/uva-communication-28G-csi/t16x16_r2x1_test_small/11089-run00570-79.mat,-111.2390906887249,193.0,72.0,-111.32050038273735,-0.43385740999310496,14.376867294311523,193.0,71.0,-124.16069878640675,0.08140969401245002,0.9999999999999002
./csi-dataset/uva-communication-28G-csi/t16x16_r2x1_test_small/11089-run00635-57.mat,-103.93105418537112,136.0,38.0,-104.26773476961554,0.24191590515836814,14.268741846084595,136.0,40.0,-118.02556525605513,0.3366805842444194,2.0000000000001297
./csi-dataset/uva-communication-28G-csi/t16x16_r2x1_test_small/11089-run00636-18.mat,-110.39484330369334,188.0,68.0,-159.5749232031526,0.0774767173641514,14.209946632385254,313.0,32.0,-127.8880390549446,49.18007989945926,87.94449617200166
./csi-dataset/uva-communication-28G-csi/t16x16_r2x1_test_small/11089-run00750-73.mat,-98.22001584852484,200.0,57.0,-98.26890150690909,-0.11485623183677629,15.157421588897705,200.0,57.0,-111.28378073704022,0.04888565838425052,0.0
./csi-dataset/uva-communication-28G-csi/t16x16_r2x1_test_small/11089-run00758-58.mat,-128.5691614530997,161.0,68.0,-128.68281944485528,-0.17639757528135958,12.826516151428223,161.0,67.0,-141.92027326820036,0.11365799175558777,0.9999999999999002
./csi-dataset/uva-communication-28G-csi/t16x16_r2x1_test_small/11089-run00790-41.mat,-104.62667503326053,3.0,25.0,-104.68119215596406,0.31912144888224503,14.101660013198853,4.0,25.0,-117.15735122060653,0.05451712270352971,0.4226138557445499
./csi-dataset/uva-communication-28G-csi/t16x16_r2x1_test_small/11089-run00790-81.mat,-103.06646128244998,356.0,60.0,-103.34506495423759,-0.3195391521749129,14.03469729423523,356.0,62.0,-117.36536674524626,0.27860367178760725,2.0000000000001297
./csi-dataset/uva-communication-28G-csi/t16x16_r2x1_test_small/11089-run00829-29.mat,-145.24585036714572,317.0,68.0,-159.9242478746521,-0.046839350283135905,12.660608530044556,345.0,18.0,-158.713639955494,14.67839750750639,52.464687473640176
./csi-dataset/uva-communication-28G-csi/t16x16_r2x1_test_small/11089-run00831-45.mat,-109.3192248519861,79.0,67.0,-109.57311113287585,-0.2574012164643604,14.53061032295227,79.0,66.0,-123.20790269008154,0.25388628088974485,0.9999999999999002
./csi-dataset/uva-communication-28G-csi/t16x16_r2x1_test_small/11089-run00914-56.mat,-107.32866938921477,347.0,64.0,-108.51975535176086,0.15546933228062332,13.758951902389526,346.0,64.0,-120.91227094750408,1.1910859625460972,0.898791854008643
./csi-dataset/uva-communication-28G-csi/t16x16_r2x1_test_small/11452-run00004-69.mat,-118.74994046473378,76.0,21.0,-119.04723719009954,-0.46143203362995444,14.442529678344727,74.0,20.0,-131.54239356937705,0.29729672536575436,1.2207610087642609
./csi-dataset/uva-communication-28G-csi/t16x16_r2x1_test_small/11452-run00004-75.mat,-104.26111877816084,293.0,46.0,-104.48672473659383,0.12568130238200714,10.740715265274048,293.0,46.0,-116.33056176450296,0.22560595843299325,0.0
./csi-dataset/uva-communication-28G-csi/t16x16_r2x1_test_small/11452-run00004-86.mat,-110.56154317355576,198.0,65.0,-112.74749206263738,-0.501263918618368,13.08665919303894,201.0,62.0,-128.45023264942668,2.185948889081615,4.025539002408364
./csi-dataset/uva-communication-28G-csi/t16x16_r2x1_test_small/11452-run00004-92.mat,-107.97490002797842,46.0,45.0,-108.16396983028072,0.09342121913757351,14.872154235839844,45.0,45.0,-121.53440247093738,0.1890698023022992,0.7071022936882725
./csi-dataset/uva-communication-28G-csi/t16x16_r2x1_test_small/11452-run00061-13.mat,-107.11477770440212,303.0,51.0,-107.08552824499996,0.23427674336149673,14.727598190307617,304.0,51.0,-119.22517576508338,-0.029249459402151956,0.7771420548739126
./csi-dataset/uva-communication-28G-csi/t16x16_r2x1_test_small/11452-run00061-36.mat,-99.08766043932536,215.0,74.0,-99.06382149855766,0.12290696073992313,14.027510643005371,215.0,75.0,-113.65591738488209,-0.02383894076770332,0.9999999999999002
./csi-dataset/uva-communication-28G-csi/t16x16_r2x1_test_small/11452-run00061-4.mat,-103.62044773879744,261.0,72.0,-149.3478782010683,-0.1664316844882765,13.921358108520508,312.0,19.0,-124.2612893545282,45.727430462270874,60.853777875613225
./csi-dataset/uva-communication-28G-csi/t16x16_r2x1_test_small/11452-run00107-73.mat,-111.78183330656915,343.0,40.0,-158.55195018516986,-0.31901330981371623,14.345668077468872,271.0,75.0,-131.35705615881312,46.7701168786007,67.03735194514547
./csi-dataset/uva-communication-28G-csi/t16x16_r2x1_test_small/11452-run00107-76.mat,-106.3882499975978,272.0,55.0,-150.0734844765438,-0.27107675477956317,11.965463638305664,313.0,48.0,-129.63291672669794,43.685234478946,32.517643503689314
./csi-dataset/uva-communication-28G-csi/t16x16_r2x1_test_small/11452-run00110-31.mat,-138.36065326028637,181.0,67.0,-138.71299139198504,0.026291240738797406,12.774212837219238,180.0,66.0,-151.12372796687015,0.3523381316986729,1.356820668949606
./csi-dataset/uva-communication-28G-csi/t16x16_r2x1_test_small/11452-run00110-67.mat,-106.36022717132754,172.0,68.0,-155.54836032576037,-1.5996111052386737,13.101485013961792,180.0,32.0,-124.78694766218501,49.18813315443283,36.46352381670623
./csi-dataset/uva-communication-28G-csi/t16x16_r2x1_test_small/11452-run00156-16.mat,-106.19145805912412,320.0,33.0,-107.6469110905819,0.13265535427226982,15.13352370262146,317.0,32.0,-122.06058042139239,1.455453031457779,1.896639699785556
./csi-dataset/uva-communication-28G-csi/t16x16_r2x1_test_small/11452-run00156-76.mat,-117.66014550698137,97.0,10.0,-117.67916680145852,0.22305072049173524,14.511730432510376,99.0,10.0,-130.47062282782892,0.019021294477155948,0.347279255109878
./csi-dataset/uva-communication-28G-csi/t16x16_r2x1_test_small/11452-run00158-43.mat,-100.37199756928496,323.0,68.0,-100.54192686314576,-0.14055727566182075,14.073508262634277,323.0,68.0,-115.42205052850292,0.1699292938608039,8.537736462515939e-07
./csi-dataset/uva-communication-28G-csi/t16x16_r2x1_test_small/11452-run00158-80.mat,-106.02439599919126,226.0,28.0,-106.05257111816587,-0.175309989174099,14.73723840713501,225.0,28.0,-118.80541323403375,0.028175118974615998,0.46946691737256885
./csi-dataset/uva-communication-28G-csi/t16x16_r2x1_test_small/11452-run00265-94.mat,-98.82495687615358,357.0,34.0,-145.0886120652475,-0.1968726012072961,13.945163011550903,75.0,65.0,-117.49113890097847,46.263655189093924,62.887684378652814
./csi-dataset/uva-communication-28G-csi/t16x16_r2x1_test_small/11452-run00306-63.mat,-101.20300640938706,185.0,19.0,-101.21469228476742,-0.2263483312832446,13.992922306060791,184.0,19.0,-114.82144728490107,0.011685875380365474,0.32556446021366875
./csi-dataset/uva-communication-28G-csi/t16x16_r2x1_test_small/11452-run00404-38.mat,-108.00033006704184,171.0,29.0,-108.07575440860516,-0.13007550626231468,14.03331708908081,171.0,29.0,-121.39375831341096,0.07542434156331979,8.537736462515939e-07
./csi-dataset/uva-communication-28G-csi/t16x16_r2x1_test_small/11452-run00465-1.mat,-109.92107023051078,161.0,66.0,-156.88356724118688,-0.3018168553012537,11.387007713317871,206.0,31.0,-131.7135392357767,46.9624970106761,47.05134803917698
./csi-dataset/uva-communication-28G-csi/t16x16_r2x1_test_small/11452-run00472-16.mat,-145.71359359942073,185.0,68.0,-146.32938184421604,-0.15809632810289842,11.13086986541748,184.0,67.0,-156.57941250323321,0.6157882447953114,1.3614394577044877
./csi-dataset/uva-communication-28G-csi/t16x16_r2x1_test_small/11452-run00526-26.mat,-107.28293768812284,193.0,58.0,-107.29927826381427,0.08956527072898679,10.809114933013916,193.0,58.0,-120.7142610852699,0.016340575691430104,0.0
./csi-dataset/uva-communication-28G-csi/t16x16_r2x1_test_small/11452-run00526-87.mat,-135.86713077165328,325.0,52.0,-137.07122012805308,0.39032061927464057,8.432504415512085,324.0,50.0,-148.89017790007577,1.2040893563998054,2.1456392503500994
./csi-dataset/uva-communication-28G-csi/t16x16_r2x1_test_small/11452-run00526-91.mat,-100.88609357582828,352.0,51.0,-101.73609471654466,0.019682156493139535,13.723021507263184,351.0,52.0,-114.47489553738662,0.8500011407163726,1.2698127585966896
./csi-dataset/uva-communication-28G-csi/t16x16_r2x1_test_small/11452-run00528-39.mat,-111.89854677209298,158.0,72.0,-147.2098573944067,0.23166558411883464,11.987968921661377,65.0,11.0,-129.75626671415125,35.31131062231371,72.91188427376558
./csi-dataset/uva-communication-28G-csi/t16x16_r2x1_test_small/11452-run00528-5.mat,-105.93216049873882,126.0,22.0,-106.4609134247196,-0.45423086449866346,11.85584044456482,126.0,21.0,-118.23349098387209,0.5287529259807826,0.9999999999999002
./csi-dataset/uva-communication-28G-csi/t16x16_r2x1_test_small/11452-run00578-12.mat,-109.65343908717756,152.0,36.0,-110.11168100276501,0.10108318698251595,13.825592994689941,151.0,35.0,-123.10040748389684,0.4582419155874504,1.156352547621995
./csi-dataset/uva-communication-28G-csi/t16x16_r2x1_test_small/11452-run00578-70.mat,-102.32279237353131,302.0,55.0,-156.31787676120544,-0.19335184719004972,12.358386754989624,84.0,44.0,-120.89658091161455,53.995084387674126,92.05197413649549
./csi-dataset/uva-communication-28G-csi/t16x16_r2x1_test_small/11452-run00637-26.mat,-105.3193619768858,295.0,70.0,-105.6685905889883,-0.8747736466003664,13.69106411933899,295.0,71.0,-119.46027550004013,0.34922861210249323,0.9999999999999002
./csi-dataset/uva-communication-28G-csi/t16x16_r2x1_test_small/11452-run00637-40.mat,-106.84107278522114,149.0,48.0,-107.1527510837535,-0.12349181800560549,13.228863716125488,148.0,48.0,-120.69053845383186,0.31167829853235673,0.7431406022412252
./csi-dataset/uva-communication-28G-csi/t16x16_r2x1_test_small/11452-run00694-56.mat,-105.41888387292155,263.0,35.0,-105.39894319609476,-0.14210683140326408,13.573062181472778,263.0,35.0,-119.13824191524725,-0.019940676826792014,0.0
./csi-dataset/uva-communication-28G-csi/t16x16_r2x1_test_small/11452-run00705-38.mat,-98.3896218368232,341.0,39.0,-98.4703903487865,-0.7762024961922209,12.23518180847168,341.0,39.0,-110.55690398993798,0.08076851196329926,0.0
./csi-dataset/uva-communication-28G-csi/t16x16_r2x1_test_small/11452-run00705-86.mat,-97.92661069090852,214.0,34.0,-100.9723141522667,-0.2486340020106721,13.957456111907959,209.0,36.0,-116.41996787923824,3.045703461358187,3.495039522017665
./csi-dataset/uva-communication-28G-csi/t16x16_r2x1_test_small/11452-run00743-67.mat,-99.33443169415816,232.0,44.0,-99.4340983042912,-0.024279521025072137,14.207257747650146,232.0,44.0,-113.43055059010067,0.0996666101330419,0.0
./csi-dataset/uva-communication-28G-csi/t16x16_r2x1_test_small/11452-run00794-75.mat,-135.45693199853554,172.0,52.0,-135.63747714943423,-0.16932917408218673,13.361083269119263,171.0,53.0,-148.4324776892179,0.18054515089869483,1.2764636308920168
./csi-dataset/uva-communication-28G-csi/t16x16_r2x1_test_small/11452-run00795-10.mat,-113.69989656448692,111.0,41.0,-113.7145889395987,0.2941360471671465,10.935419797897339,111.0,42.0,-126.87974841972468,0.014692375111778233,0.9999999999999002
./csi-dataset/uva-communication-28G-csi/t16x16_r2x1_test_small/11452-run00795-23.mat,-98.756107494778,235.0,10.0,-98.79393531119241,-0.18086670488848866,13.747671365737915,233.0,10.0,-111.53615091151742,0.03782781641440636,0.34727925511092744
./csi-dataset/uva-communication-28G-csi/t16x16_r2x1_test_small/11452-run00795-90.mat,-117.29747189037016,188.0,52.0,-159.49434857620926,-0.03832283242909362,13.689366817474365,74.0,47.0,-139.31530838940998,42.1968766858391,79.31135600133167
./csi-dataset/uva-communication-28G-csi/t16x16_r2x1_test_small/11452-run00795-91.mat,-105.09279740941604,194.0,20.0,-105.32512691134221,0.030082209546210548,13.283933639526367,197.0,20.0,-121.85702036504588,0.23232950192617352,1.025956932119438
./csi-dataset/uva-communication-28G-csi/t16x16_r2x1_test_small/11452-run00834-8.mat,-120.59661565468168,208.0,48.0,-120.86915056750041,0.04304289409665407,10.361399173736572,208.0,47.0,-134.83347457974457,0.27253491281872755,0.9999999999999002
./csi-dataset/uva-communication-28G-csi/t16x16_r2x1_test_small/11452-run00834-90.mat,-103.97487608844747,24.0,34.0,-104.13074043780219,-0.22003554554618288,13.521093606948853,25.0,34.0,-117.20760289276258,0.15586434935471516,0.5591880253050119
./csi-dataset/uva-communication-28G-csi/t16x16_r2x1_test_small/11452-run00836-92.mat,-105.2553597978596,205.0,63.0,-105.3263231639439,0.23218666815982236,14.88362455368042,205.0,62.0,-119.37550717455922,0.07096336608429965,1.0000000000002647
./csi-dataset/uva-communication-28G-csi/t16x16_r2x1_test_small/11452-run00887-54.mat,-107.7697082393808,165.0,51.0,-108.26809031054444,0.0852344998745469,12.533879280090332,166.0,50.0,-122.3006183905263,0.49838207116363265,1.2630726248463435
./csi-dataset/uva-communication-28G-csi/t16x16_r2x1_test_small/11452-run00887-69.mat,-113.9907210690719,124.0,20.0,-149.49314860495187,-0.20144206533362508,12.58767294883728,184.0,29.0,-135.53005524617728,35.502427535879974,25.206194715609413
./csi-dataset/uva-communication-28G-csi/t16x16_r2x1_test_small/11452-run00888-41.mat,-103.52181663714784,26.0,68.0,-103.7096837217406,-0.3062717862392559,13.118039846420288,26.0,67.0,-117.03856348181567,0.18786708459276724,0.9999999999999002
./csi-dataset/uva-communication-28G-csi/t16x16_r2x1_test_small/11452-run00939-80.mat,-107.85233541916992,291.0,45.0,-107.90067368406076,0.13137532934941754,12.656364679336548,292.0,45.0,-121.36523105781727,0.048338264890844584,0.707102293687757
./csi-dataset/uva-communication-28G-csi/t16x16_r2x1_test_small/11452-run00941-29.mat,-104.67740751097573,40.0,47.0,-104.70244192970918,0.374357259686418,13.812108278274536,40.0,47.0,-116.37219225418407,0.0250344187334548,8.537736462515939e-07
./csi-dataset/uva-communication-28G-csi/t16x16_r2x1_test_small/11452-run00941-48.mat,-142.64871165287528,4.0,46.0,-159.984174530252,-0.3484736375924198,13.479459285736084,60.0,36.0,-157.58889114589897,17.335462877376727,37.01985851062112
./csi-dataset/uva-communication-28G-csi/t16x16_r2x1_test_small/11812-run00033-73.mat,-110.97174998503851,219.0,74.0,-111.31357524503187,-0.30118354745998843,14.948007106781006,219.0,79.0,-125.46619734068352,0.34182525999335667,4.999999999999919
./csi-dataset/uva-communication-28G-csi/t16x16_r2x1_test_small/11812-run00086-21.mat,-94.69577701606752,340.0,41.0,-129.73090298206557,0.18664971966383692,13.629714488983154,218.0,27.0,-112.97884927369412,35.03512596599805,59.02810264845624
./csi-dataset/uva-communication-28G-csi/t16x16_r2x1_test_small/11812-run00088-74.mat,-102.1089030767848,84.0,36.0,-103.97691186541864,-0.1603704054582109,13.29084849357605,54.0,44.0,-115.82798095997589,1.8680087886338441,20.680397682146506
./csi-dataset/uva-communication-28G-csi/t16x16_r2x1_test_small/11812-run00088-97.mat,-93.4890450324118,177.0,24.0,-93.51204366893552,-0.2892927271495418,13.630698204040527,178.0,24.0,-108.53129298435206,0.022998636523723803,0.4067323346576899
./csi-dataset/uva-communication-28G-csi/t16x16_r2x1_test_small/11812-run00135-35.mat,-112.74228075347771,181.0,70.0,-113.23137139437783,0.020429263404126652,13.964752435684204,181.0,76.0,-127.53777804758434,0.4890906409001161,5.9999999999999645
./csi-dataset/uva-communication-28G-csi/t16x16_r2x1_test_small/11812-run00135-82.mat,-103.6215379572907,23.0,23.0,-103.59456921687598,0.07253185367035786,14.082921266555786,23.0,23.0,-117.06856451812936,-0.026968740414716308,0.0
./csi-dataset/uva-communication-28G-csi/t16x16_r2x1_test_small/11812-run00136-95.mat,-110.71798791410995,224.0,67.0,-112.31836999980642,0.09219314492708097,14.422555923461914,223.0,64.0,-126.54283712079533,1.6003820856964666,3.134919268707944
./csi-dataset/uva-communication-28G-csi/t16x16_r2x1_test_small/11812-run00181-17.mat,-112.93013646945944,318.0,41.0,-113.10022883009105,-0.23832790239394508,12.931217432022095,318.0,42.0,-127.08676547529436,0.17009236063161381,0.9999999999999002
./csi-dataset/uva-communication-28G-csi/t16x16_r2x1_test_small/11812-run00181-96.mat,-108.5224991722919,40.0,39.0,-109.76690990128617,-0.3050572794424078,11.637069463729858,40.0,37.0,-124.5556836363734,1.2444107289942679,2.0000000000001297
./csi-dataset/uva-communication-28G-csi/t16x16_r2x1_test_small/11812-run00185-93.mat,-101.85160476113968,194.0,33.0,-102.02995729337205,0.13086483286210004,13.662684202194214,194.0,34.0,-116.61615558970708,0.1783525322323669,0.9999999999999002
./csi-dataset/uva-communication-28G-csi/t16x16_r2x1_test_small/11812-run00249-9.mat,-107.75035359565264,163.0,59.0,-107.71912283473398,0.18397424947189867,9.996681690216064,163.0,59.0,-120.1895062953504,-0.031230760918660394,0.0
./csi-dataset/uva-communication-28G-csi/t16x16_r2x1_test_small/11812-run00253-30.mat,-100.29071543688352,3.0,51.0,-100.32819766958687,-0.16397148867448674,13.203951120376587,3.0,51.0,-112.59779360641488,0.03748223270335416,0.0
./csi-dataset/uva-communication-28G-csi/t16x16_r2x1_test_small/11812-run00253-73.mat,-108.60721486884414,343.0,67.0,-109.15383131152554,0.29566412593324154,10.40110731124878,343.0,65.0,-123.05840338226668,0.5466164426813975,2.0000000000003118
./csi-dataset/uva-communication-28G-csi/t16x16_r2x1_test_small/11812-run00311-55.mat,-139.6283437332425,180.0,46.0,-139.744314619042,0.33077203969301194,9.396539449691772,180.0,47.0,-151.73208306013746,0.11597088579949855,1.0000000000002647
./csi-dataset/uva-communication-28G-csi/t16x16_r2x1_test_small/11812-run00311-83.mat,-102.462670658033,163.0,60.0,-102.67146841674334,0.23216485419905364,13.342812538146973,163.0,59.0,-118.06407632364792,0.20879775871033246,0.9999999999999002
./csi-dataset/uva-communication-28G-csi/t16x16_r2x1_test_small/11812-run00314-14.mat,-102.97170150960152,198.0,41.0,-103.1440834609276,0.007429753716349241,11.098628759384155,200.0,41.0,-117.78146898562923,0.1723819513260878,1.312080112930966
./csi-dataset/uva-communication-28G-csi/t16x16_r2x1_test_small/11812-run00378-34.mat,-130.78731199640603,177.0,54.0,-130.79482560496413,0.22504571085572467,8.770680904388428,177.0,54.0,-142.80886729737958,0.0075136085580993495,0.0
./csi-dataset/uva-communication-28G-csi/t16x16_r2x1_test_small/11812-run00378-7.mat,-107.42760506318336,8.0,33.0,-144.4257732069814,-0.3761559740437057,11.636220216751099,18.0,69.0,-125.24481155921987,36.99816814379804,36.74631634190215
./csi-dataset/uva-communication-28G-csi/t16x16_r2x1_test_small/11812-run00378-77.mat,-107.55890520783228,210.0,61.0,-108.02641195526418,0.10303813989167199,14.45003342628479,209.0,61.0,-121.0761536096106,0.4675067474318979,0.8746170978937965
./csi-dataset/uva-communication-28G-csi/t16x16_r2x1_test_small/11812-run00378-98.mat,-130.08917801618114,186.0,73.0,-132.9942265648304,0.09042588710032229,10.209920406341553,284.0,33.0,-151.5387481169793,2.905048548649262,80.05420014411128
./csi-dataset/uva-communication-28G-csi/t16x16_r2x1_test_small/11812-run00450-91.mat,-98.83758523838,282.0,67.0,-98.81934124257178,-0.7169112072019022,11.574785232543945,283.0,68.0,-110.51981518277071,-0.018243995808219893,1.3614394577044877
./csi-dataset/uva-communication-28G-csi/t16x16_r2x1_test_small/11812-run00506-55.mat,-105.48473667034588,183.0,51.0,-105.77850451207178,-0.6129459477215455,14.002202987670898,183.0,53.0,-121.99291580263454,0.2937678417258951,2.0000000000001297
./csi-dataset/uva-communication-28G-csi/t16x16_r2x1_test_small/11812-run00509-45.mat,-99.64942038169696,77.0,19.0,-147.0220650890891,-0.7283750256996109,13.747081279754639,48.0,64.0,-117.70914198310643,47.37264470739214,47.90065316224256
./csi-dataset/uva-communication-28G-csi/t16x16_r2x1_test_small/11812-run00547-56.mat,-120.67836922189348,263.0,21.0,-120.88584996647242,0.08771360034814513,12.821344375610352,263.0,20.0,-134.5607045860856,0.2074807445789446,0.9999999999995357
./csi-dataset/uva-communication-28G-csi/t16x16_r2x1_test_small/11812-run00547-83.mat,-107.21079514528908,338.0,39.0,-107.21147395508687,-0.06873440459039903,13.194296836853027,339.0,39.0,-119.37663191150428,0.0006788097977903362,0.629315566857023
./csi-dataset/uva-communication-28G-csi/t16x16_r2x1_test_small/11812-run00550-84.mat,-117.48380135162024,27.0,44.0,-117.57404614456843,0.13161634837745284,14.158838748931885,26.0,44.0,-130.31602457837442,0.09024479294818377,0.6946538081101133
./csi-dataset/uva-communication-28G-csi/t16x16_r2x1_test_small/11812-run00550-96.mat,-111.6318671636592,15.0,33.0,-111.82362796102137,0.09255924524803427,10.987268209457397,17.0,33.0,-125.7150843426582,0.19176079736217844,1.0892391712397262
./csi-dataset/uva-communication-28G-csi/t16x16_r2x1_test_small/11812-run00638-82.mat,-109.20469695725328,302.0,66.0,-109.58647724403855,-0.16243507627835574,12.75561785697937,302.0,65.0,-121.02797693645782,0.381780286785272,0.9999999999999002
./csi-dataset/uva-communication-28G-csi/t16x16_r2x1_test_small/11812-run00682-60.mat,-105.0287215205718,357.0,51.0,-105.21886204279939,-0.10468256744281779,14.79872465133667,358.0,50.0,-117.80355542488225,0.19014052222757982,1.2630726248457664
./csi-dataset/uva-communication-28G-csi/t16x16_r2x1_test_small/11812-run00682-68.mat,-106.9243597073471,218.0,48.0,-149.1307007787396,-0.06365734474854645,13.634986162185669,218.0,23.0,-124.7463220273457,42.2063410713925,24.99999999999999
./csi-dataset/uva-communication-28G-csi/t16x16_r2x1_test_small/11812-run00684-39.mat,-114.75930622720855,327.0,67.0,-116.1436123830918,0.1935718530893935,11.217643976211548,326.0,63.0,-129.3813481870202,1.3843061558832517,4.1013215822434095
./csi-dataset/uva-communication-28G-csi/t16x16_r2x1_test_small/11812-run00684-7.mat,-130.1179853765647,206.0,69.0,-132.13895639897777,0.33200444632238524,8.646757125854492,207.0,63.0,-144.7575852995335,2.020971022413079,6.069048114673876
./csi-dataset/uva-communication-28G-csi/t16x16_r2x1_test_small/11812-run00684-77.mat,-100.3979050112804,223.0,70.0,-150.35864374676495,-0.3884064554348283,12.979912519454956,94.0,26.0,-118.20937043425737,49.960738735484554,87.23915907371759
./csi-dataset/uva-communication-28G-csi/t16x16_r2x1_test_small/11873-run00028-27.mat,-106.93832230392108,264.0,56.0,-159.22238795859658,-0.6507840860487901,14.87038540840149,202.0,65.0,-132.5993264431671,52.2840656546755,53.90904531609896
./csi-dataset/uva-communication-28G-csi/t16x16_r2x1_test_small/11873-run00028-81.mat,-97.64019748370544,56.0,16.0,-97.72586132416903,0.07730325606002286,13.317134618759155,54.0,16.0,-112.33937599541598,0.08566384046359588,0.551248850192051
./csi-dataset/uva-communication-28G-csi/t16x16_r2x1_test_small/11873-run00034-41.mat,-104.10882761358936,220.0,49.0,-104.70107486832327,0.32192183145881315,8.8467857837677,220.0,48.0,-117.75656486777203,0.5922472547339197,1.0000000000006293
./csi-dataset/uva-communication-28G-csi/t16x16_r2x1_test_small/11873-run00080-41.mat,-131.9134443971688,330.0,32.0,-152.12575070637746,0.30354638807147993,8.180941104888916,188.0,38.0,-147.1633519733928,20.212306309208657,65.72090342666331
./csi-dataset/uva-communication-28G-csi/t16x16_r2x1_test_small/11873-run00080-92.mat,-120.24363775965278,215.0,73.0,-120.26962742835833,-0.05711291122820006,11.912543773651123,216.0,72.0,-134.00202090732583,0.025989668705548752,1.3818624961233588
./csi-dataset/uva-communication-28G-csi/t16x16_r2x1_test_small/11873-run00081-92.mat,-99.66363905970476,187.0,67.0,-99.66043032883796,-0.08411801243883188,13.028883934020996,187.0,68.0,-114.89299130602444,-0.0032087308668025116,0.9999999999999002
./csi-dataset/uva-communication-28G-csi/t16x16_r2x1_test_small/11873-run00081-94.mat,-108.758617806632,154.0,37.0,-108.79779812887875,-0.3663043828658401,12.160619735717773,154.0,37.0,-122.26897253304104,0.039180322246750166,8.537736462515939e-07
./csi-dataset/uva-communication-28G-csi/t16x16_r2x1_test_small/11873-run00135-53.mat,-110.60928784659124,173.0,30.0,-113.5964937126174,-0.1369501187379334,9.890217781066895,1.0,53.0,-133.83512222813923,2.9872058660261587,82.77561433118775
./csi-dataset/uva-communication-28G-csi/t16x16_r2x1_test_small/11873-run00242-16.mat,-107.96183629231996,52.0,70.0,-129.86861898521727,0.07399958929988926,12.90060567855835,68.0,54.0,-128.23380360540068,21.90678269289731,21.280977169443773
./csi-dataset/uva-communication-28G-csi/t16x16_r2x1_test_small/11873-run00242-35.mat,-109.77740507467963,155.0,65.0,-110.00818750405179,-0.4162171072720535,15.052388668060303,154.0,65.0,-123.27331987380701,0.2307824293721552,0.9063057324413023
./csi-dataset/uva-communication-28G-csi/t16x16_r2x1_test_small/11873-run00287-12.mat,-104.508256741624,163.0,41.0,-104.54893988313815,-0.39014744458971706,13.429071426391602,164.0,41.0,-118.18452029380758,0.04068314151415109,0.6560542860149853
./csi-dataset/uva-communication-28G-csi/t16x16_r2x1_test_small/11873-run00287-15.mat,-102.65312458366309,59.0,50.0,-102.65355497631049,-0.07442899417894666,13.497887134552002,59.0,50.0,-115.29941385832429,0.0004303926474023001,0.0
./csi-dataset/uva-communication-28G-csi/t16x16_r2x1_test_small/11873-run00287-66.mat,-97.82927937261636,197.0,62.0,-98.10271650790742,0.09358372519225522,13.374438762664795,197.0,65.0,-112.49524014634444,0.2734371352910614,3.000000000000166
./csi-dataset/uva-communication-28G-csi/t16x16_r2x1_test_small/11873-run00288-56.mat,-101.36555601372532,349.0,16.0,-101.64104755254088,0.18271959536352056,13.931311845779419,352.0,17.0,-116.82501117362078,0.2754915388155581,1.3134616666083785
./csi-dataset/uva-communication-28G-csi/t16x16_r2x1_test_small/11873-run00288-61.mat,-154.02103592256336,146.0,32.0,-154.054441472932,0.3055698529941998,0.32115745544433594,147.0,32.0,-159.76626236723993,0.03340555036865567,0.5299144270040117
./csi-dataset/uva-communication-28G-csi/t16x16_r2x1_test_small/11873-run00288-97.mat,-112.82886828648545,206.0,42.0,-139.41206278426338,-0.5905038311498012,13.552137851715088,340.0,52.0,-136.6957409764192,26.58319449777794,84.764781848929
./csi-dataset/uva-communication-28G-csi/t16x16_r2x1_test_small/11873-run00405-94.mat,-106.60748846465482,83.0,57.0,-158.03869711145242,-0.31939241541564733,11.56285810470581,321.0,39.0,-124.30934063649845,51.4312086467976,81.74513699030207
./csi-dataset/uva-communication-28G-csi/t16x16_r2x1_test_small/11873-run00451-12.mat,-106.8899011466884,50.0,46.0,-107.12595264335121,0.18737215087739556,10.986900329589844,50.0,45.0,-121.25166243061541,0.23605149666281022,1.0000000000006293
./csi-dataset/uva-communication-28G-csi/t16x16_r2x1_test_small/11873-run00451-53.mat,-103.84848923423756,341.0,34.0,-103.96578233209816,0.05210116485859051,11.604126214981079,343.0,34.0,-118.64320955662295,0.11729309786059616,1.1183467808052905
./csi-dataset/uva-communication-28G-csi/t16x16_r2x1_test_small/11873-run00452-10.mat,-105.77092736567286,193.0,72.0,-106.15988419726934,-0.06323443305722365,12.016364097595215,193.0,70.0,-120.13294669672706,0.38895683159647376,1.9999999999999472
./csi-dataset/uva-communication-28G-csi/t16x16_r2x1_test_small/11873-run00572-77.mat,-110.57221101017076,163.0,61.0,-110.90073312927697,-0.5912053482712092,13.366366624832153,164.0,64.0,-127.14095832933728,0.32852211910621065,3.1283315091498354
./csi-dataset/uva-communication-28G-csi/t16x16_r2x1_test_small/11873-run00622-43.mat,-104.74983961921056,328.0,57.0,-104.72138265588129,-0.1817332458921206,13.631963014602661,329.0,58.0,-118.75269230093207,-0.028456963329276164,1.3081528487645804
./csi-dataset/uva-communication-28G-csi/t16x16_r2x1_test_small/11873-run00622-82.mat,-97.5419658580792,228.0,71.0,-97.96477400803452,-1.1146452067737256,13.593044757843018,229.0,76.0,-114.78463373651282,0.4228081499553298,5.091030958714839
./csi-dataset/uva-communication-28G-csi/t16x16_r2x1_test_small/11873-run00623-72.mat,-106.05312225091966,275.0,43.0,-159.11840947454718,-0.02260267739255717,12.803895950317383,337.0,51.0,-123.35080700003539,53.06528722362752,44.839768372386665
./csi-dataset/uva-communication-28G-csi/t16x16_r2x1_test_small/11873-run00623-76.mat,-96.11487043844512,283.0,33.0,-124.0099977736503,-0.1203972386658112,13.460360288619995,222.0,66.0,-113.73303068549984,27.895127335205174,54.384966273059376
./csi-dataset/uva-communication-28G-csi/t16x16_r2x1_test_small/11873-run00669-55.mat,-117.39970975155217,152.0,55.0,-117.54164197378523,-0.08595560894895571,12.693272352218628,151.0,56.0,-130.4868740989848,0.14193222223306634,1.2958150987623782
./csi-dataset/uva-communication-28G-csi/t16x16_r2x1_test_small/11873-run00669-62.mat,-107.96227041161757,213.0,17.0,-108.17760348212144,0.2024681826483018,10.34188175201416,211.0,18.0,-121.32498926286158,0.21533307050387407,1.1667803004245743
./csi-dataset/uva-communication-28G-csi/t16x16_r2x1_test_small/11873-run00672-74.mat,-109.34869263542586,296.0,38.0,-109.67358301198216,0.21072143888969097,13.215595722198486,297.0,40.0,-124.4273756463494,0.32489037655629716,2.0966196305580285
./csi-dataset/uva-communication-28G-csi/t16x16_r2x1_test_small/11873-run00720-17.mat,-105.48126552517785,296.0,5.0,-105.52283014251807,0.4174814232753755,12.20993161201477,292.0,5.0,-118.86030161764072,0.04156461734022798,0.34855271501369567
./csi-dataset/uva-communication-28G-csi/t16x16_r2x1_test_small/11873-run00722-32.mat,-104.58974859291712,120.0,48.0,-105.28027298594282,-0.2397875552988027,13.17782974243164,122.0,48.0,-120.97078857738558,0.6905243930256972,1.4862558635376428
./csi-dataset/uva-communication-28G-csi/t16x16_r2x1_test_small/11873-run00759-59.mat,-106.56005390225984,155.0,26.0,-151.8208321611513,-0.3846937700475763,11.23281192779541,30.0,42.0,-127.10259266195155,45.26077825889145,60.02061492630469
./csi-dataset/uva-communication-28G-csi/t16x16_r2x1_test_small/11873-run00759-67.mat,-122.72889706102112,105.0,71.0,-122.91315021567465,-0.24188342959771192,14.079263687133789,106.0,73.0,-138.05710779962038,0.18425315465353265,2.2145846941507137
./csi-dataset/uva-communication-28G-csi/t16x16_r2x1_test_small/12262-run00048-6.mat,-119.53247112889032,248.0,48.0,-119.68373533083187,0.19877379259588457,9.197751522064209,248.0,48.0,-133.82451265531594,0.15126420194154377,0.0
./csi-dataset/uva-communication-28G-csi/t16x16_r2x1_test_small/12262-run00049-63.mat,-96.30288486068912,220.0,73.0,-96.27904692046849,-0.2113373791978468,11.721901416778564,221.0,76.0,-111.47090712837633,-0.02383794022063057,3.1509238088638325
./csi-dataset/uva-communication-28G-csi/t16x16_r2x1_test_small/12262-run00103-80.mat,-109.46868927919768,88.0,66.0,-109.7718048470596,0.26945462229810924,12.345706701278687,88.0,64.0,-124.77769518756686,0.30311556786192284,1.9999999999999472
./csi-dataset/uva-communication-28G-csi/t16x16_r2x1_test_small/12262-run00155-100.mat,-108.71593185289493,187.0,65.0,-109.19685752848812,0.2548569167868492,12.817417860031128,186.0,64.0,-122.8930838537147,0.4809256755931983,1.347078901746804
./csi-dataset/uva-communication-28G-csi/t16x16_r2x1_test_small/12262-run00155-97.mat,-108.20509328996444,179.0,62.0,-108.80157565229717,-0.23237562712065563,12.968421220779419,178.0,62.0,-120.92845653318557,0.5964823623327362,0.8829451228016715
./csi-dataset/uva-communication-28G-csi/t16x16_r2x1_test_small/12262-run00158-52.mat,-103.21757885018016,315.0,35.0,-146.27730860513716,-0.12512436978042674,14.048386096954346,52.0,70.0,-120.06614864463694,43.059729754957004,77.61493796316434
./csi-dataset/uva-communication-28G-csi/t16x16_r2x1_test_small/12262-run00158-65.mat,-103.01977829058956,337.0,68.0,-104.62195372981907,-0.06134238200752429,14.49824333190918,340.0,73.0,-122.66302704236202,1.6021754392295122,5.743689275937786
./csi-dataset/uva-communication-28G-csi/t16x16_r2x1_test_small/12262-run00203-31.mat,-121.57993766196286,163.0,67.0,-121.56416894910467,0.1380708606275891,11.709839582443237,164.0,67.0,-134.68698510330086,-0.015768712858189815,0.9205030696913519
./csi-dataset/uva-communication-28G-csi/t16x16_r2x1_test_small/12262-run00203-67.mat,-105.76833082050564,202.0,24.0,-106.00125999591775,-0.5370448897949445,13.332565546035767,204.0,23.0,-119.54740431739894,0.2329291754121101,1.2789357506455843
./csi-dataset/uva-communication-28G-csi/t16x16_r2x1_test_small/12262-run00207-13.mat,-105.2113796338826,212.0,68.0,-106.29245868026007,-0.37566580450192855,11.326789140701294,213.0,75.0,-121.23903400110068,1.081079046377468,7.063838926366198
./csi-dataset/uva-communication-28G-csi/t16x16_r2x1_test_small/12262-run00207-17.mat,-114.39144058765623,188.0,72.0,-114.64197967675767,-0.5759387289203839,14.567956447601318,189.0,70.0,-130.4701491909506,0.2505390891014372,2.212211540744418
./csi-dataset/uva-communication-28G-csi/t16x16_r2x1_test_small/12262-run00207-20.mat,-101.14033914043216,321.0,56.0,-101.1755553636184,-0.13740587821318928,14.430769681930542,322.0,56.0,-116.7699221231532,0.035216223186239404,0.8290342821480322
./csi-dataset/uva-communication-28G-csi/t16x16_r2x1_test_small/12262-run00259-1.mat,-106.82111018142676,132.0,54.0,-106.77286930301855,-0.37932587381700666,13.79102087020874,132.0,55.0,-123.257741450091,-0.04824087840820823,0.9999999999999002
./csi-dataset/uva-communication-28G-csi/t16x16_r2x1_test_small/12262-run00259-20.mat,-87.15096244426455,126.0,41.0,-134.64846976772347,-1.1320102230831561,13.556484460830688,184.0,59.0,-105.07211274260051,47.49750732345892,46.63011600185993
./csi-dataset/uva-communication-28G-csi/t16x16_r2x1_test_small/12262-run00259-6.mat,-102.57359826981856,138.0,33.0,-102.604546141537,-0.42258723153120203,13.437751531600952,138.0,33.0,-118.04331685305976,0.030947871718439046,0.0
./csi-dataset/uva-communication-28G-csi/t16x16_r2x1_test_small/12262-run00259-87.mat,-109.04041239550354,155.0,53.0,-109.32237992293955,-0.026969658884259617,12.64621376991272,156.0,52.0,-125.7022463684248,0.2819675274360094,1.2764636308920168
./csi-dataset/uva-communication-28G-csi/t16x16_r2x1_test_small/12262-run00265-47.mat,-119.46191753656464,113.0,54.0,-120.17793845059877,-0.06852151321947142,13.802342891693115,114.0,52.0,-134.81541208082592,0.7160209140341323,2.15351752037741
./csi-dataset/uva-communication-28G-csi/t16x16_r2x1_test_small/12262-run00332-29.mat,-143.57027135570914,357.0,51.0,-159.98268933310237,-0.15675208442158062,12.677709102630615,197.0,62.0,-159.1069473332229,16.412417977393233,110.44753046907624
./csi-dataset/uva-communication-28G-csi/t16x16_r2x1_test_small/12262-run00386-44.mat,-109.9050051698241,219.0,73.0,-110.12086507461649,0.2306202680229792,14.74677062034607,219.0,72.0,-121.97670445696106,0.2158599047923957,0.9999999999999002
./csi-dataset/uva-communication-28G-csi/t16x16_r2x1_test_small/12262-run00388-94.mat,-106.20285217136112,344.0,40.0,-106.51047910708228,0.24516215352283743,13.602597713470459,343.0,40.0,-118.21547213896244,0.30762693572116007,0.6427828220262594
./csi-dataset/uva-communication-28G-csi/t16x16_r2x1_test_small/12262-run00451-30.mat,-142.60579582178826,225.0,44.0,-143.27201913884704,0.06968610300788547,13.005860805511475,223.0,44.0,-153.5576540113954,0.6662233170587797,1.389280240734454
./csi-dataset/uva-communication-28G-csi/t16x16_r2x1_test_small/12262-run00457-60.mat,-103.94960545822084,216.0,58.0,-153.28796315476052,-0.09778600492128242,14.517135858535767,30.0,25.0,-121.88362346532668,49.338357696539674,82.88664934808607
./csi-dataset/uva-communication-28G-csi/t16x16_r2x1_test_small/12262-run00457-79.mat,-104.96151284327888,85.0,64.0,-105.3282800882502,-0.1168482872210419,13.765216827392578,85.0,62.0,-118.73735393616535,0.36676724497131374,1.9999999999999472
./csi-dataset/uva-communication-28G-csi/t16x16_r2x1_test_small/12262-run00503-24.mat,-101.50962132792824,198.0,60.0,-137.74549148674626,-0.41147726857459754,10.47362732887268,349.0,38.0,-117.85410390380831,36.23587015881802,94.14742519810633
./csi-dataset/uva-communication-28G-csi/t16x16_r2x1_test_small/12262-run00548-33.mat,-102.5054514877208,8.0,30.0,-157.03908627515648,0.27498890000986453,12.662961483001709,130.0,68.0,-119.51526951579511,54.53363478743567,85.4831350809265
./csi-dataset/uva-communication-28G-csi/t16x16_r2x1_test_small/12262-run00548-36.mat,-137.34654889870052,8.0,42.0,-137.75417564408988,0.0956256433045517,10.511611938476562,8.0,45.0,-148.6932918306832,0.40762674538936494,2.9999999999999227
./csi-dataset/uva-communication-28G-csi/t16x16_r2x1_test_small/12262-run00548-60.mat,-124.249633253731,245.0,59.0,-124.74103083505226,-0.4286175451093013,13.343831777572632,245.0,57.0,-138.5025846143821,0.49139758132125166,1.9999999999999472
./csi-dataset/uva-communication-28G-csi/t16x16_r2x1_test_small/12262-run00548-9.mat,-98.96155810000376,199.0,31.0,-99.1869549662019,0.29838716445779845,10.132020473480225,199.0,30.0,-111.79983168079401,0.22539686619813892,0.9999999999999002
./csi-dataset/uva-communication-28G-csi/t16x16_r2x1_test_small/12262-run00551-22.mat,-103.78953375762144,100.0,65.0,-103.89757317969286,0.1052062618517895,11.358960151672363,101.0,66.0,-117.06302676201793,0.10803942207141404,1.3520324638840417
./csi-dataset/uva-communication-28G-csi/t16x16_r2x1_test_small/12262-run00551-64.mat,-131.97704440405548,314.0,68.0,-132.2842511509126,0.2181395014479609,12.624637365341187,314.0,68.0,-145.45502555357655,0.30720674685713334,0.0
./csi-dataset/uva-communication-28G-csi/t16x16_r2x1_test_small/12262-run00590-30.mat,-105.92578019967932,22.0,8.0,-130.19634172664055,-0.056439941118947345,12.929105520248413,283.0,42.0,-124.57810976589748,24.27056152696123,43.834392179635124
./csi-dataset/uva-communication-28G-csi/t16x16_r2x1_test_small/12262-run00590-62.mat,-115.27207770211648,207.0,33.0,-115.63945094431617,0.2970472161744391,11.52053451538086,206.0,34.0,-128.54917602487976,0.36737324219969025,1.142177030716996
./csi-dataset/uva-communication-28G-csi/t16x16_r2x1_test_small/12262-run00591-37.mat,-105.17797131281785,185.0,29.0,-147.55556331885242,-0.18598024012097314,13.286450862884521,208.0,45.0,-123.10504923224762,42.377592006034575,20.931245628253777
./csi-dataset/uva-communication-28G-csi/t16x16_r2x1_test_small/12262-run00591-65.mat,-104.61245944410312,12.0,50.0,-105.04622098175146,-0.038712684471382985,14.772348403930664,12.0,49.0,-119.82116543528309,0.433761537648337,0.9999999999999002
./csi-dataset/uva-communication-28G-csi/t16x16_r2x1_test_small/12262-run00698-44.mat,-106.30082348611568,267.0,55.0,-106.5992510792577,0.08417854040689099,13.438369750976562,267.0,55.0,-121.1934066722651,0.29842759314202283,0.0
./csi-dataset/uva-communication-28G-csi/t16x16_r2x1_test_small/12262-run00698-53.mat,-112.38935650073503,337.0,66.0,-112.8009970784253,-0.273008673247076,14.088212728500366,337.0,66.0,-125.3587342365539,0.41164057769026385,8.537736462515939e-07
./csi-dataset/uva-communication-28G-csi/t16x16_r2x1_test_small/12262-run00698-65.mat,-105.23496202669617,260.0,36.0,-105.22446004110273,-0.38699739048906756,12.369248867034912,260.0,36.0,-119.31889664678245,-0.010501985593435847,0.0
./csi-dataset/uva-communication-28G-csi/t16x16_r2x1_test_small/12262-run00698-98.mat,-104.39124236027855,230.0,54.0,-104.76382563162188,-0.30122940873836823,12.74652361869812,231.0,53.0,-119.03290089677134,0.3725832713433306,1.283018589070848
./csi-dataset/uva-communication-28G-csi/t16x16_r2x1_test_small/12262-run00702-94.mat,-118.02116826715348,119.0,60.0,-118.40547590235053,-0.2370362636075629,11.45742917060852,120.0,59.0,-134.07542044779996,0.3843076351970467,1.3199854135088573
./csi-dataset/uva-communication-28G-csi/t16x16_r2x1_test_small/12262-run00702-96.mat,-104.50116252971436,9.0,6.0,-104.62197340948256,-0.5604978238574043,13.462482452392578,14.0,6.0,-117.27853095122953,0.12081087976820015,0.522478302878336
./csi-dataset/uva-communication-28G-csi/t16x16_r2x1_test_small/12262-run00764-19.mat,-103.77979998908432,259.0,41.0,-104.15645983082203,-0.012839233873380707,13.262997150421143,258.0,41.0,-119.26392583129984,0.3766598417377054,0.6560542860149853
./csi-dataset/uva-communication-28G-csi/t16x16_r2x1_test_small/12262-run00764-72.mat,-105.84549616665292,156.0,19.0,-105.89984380679702,0.3716129117061854,14.111482858657837,156.0,19.0,-118.09632321774109,0.054347640144101206,0.0
./csi-dataset/uva-communication-28G-csi/t16x16_r2x1_test_small/12262-run00764-88.mat,-102.0417406191162,152.0,22.0,-102.86911325580702,0.04632738478609788,14.903864622116089,149.0,21.0,-117.062984604198,0.827372636690825,1.4859493050327721
./csi-dataset/uva-communication-28G-csi/t16x16_r2x1_test_small/12262-run00766-19.mat,-100.6206333806573,192.0,50.0,-101.09266470579215,-0.11350656135598558,12.342037677764893,195.0,50.0,-115.91048029419991,0.47203132513485,2.2980248467932163
./csi-dataset/uva-communication-28G-csi/t16x16_r2x1_test_small/12262-run00766-99.mat,-106.81998363483824,199.0,66.0,-107.00175523822624,0.16536228267293562,11.046737909317017,200.0,65.0,-121.40528288052543,0.18177160338800036,1.3520324638840417
./csi-dataset/uva-communication-28G-csi/t16x16_r2x1_test_small/12262-run00821-11.mat,-127.60533571584172,340.0,37.0,-159.8686561112246,-0.32417034610096795,12.883518934249878,62.0,79.0,-144.65878565403122,32.26332039538288,76.43169178932813
./csi-dataset/uva-communication-28G-csi/t16x16_r2x1_test_small/12262-run00823-83.mat,-100.3137964731553,316.0,48.0,-100.53532843841184,-0.15450234395592854,10.863159418106079,318.0,47.0,-116.272088223743,0.2215319652565313,1.7815769647149895
./csi-dataset/uva-communication-28G-csi/t16x16_r2x1_test_small/12262-run00873-73.mat,-132.33432277826424,136.0,43.0,-132.60737814698982,-0.14838392985876814,13.631316661834717,136.0,42.0,-146.46756542983763,0.27305536872557923,1.0000000000002647
./csi-dataset/uva-communication-28G-csi/t16x16_r2x1_test_small/12262-run00913-2.mat,-104.0596290433666,350.0,71.0,-106.01904687117448,0.4153451184690006,9.249115943908691,348.0,71.0,-118.5551105387564,1.9594178278078829,1.8910269738656553
./csi-dataset/uva-communication-28G-csi/t16x16_r2x1_test_small/12262-run00913-45.mat,-145.04062033560578,351.0,73.0,-145.825530028854,-0.3403992457836291,13.39743947982788,350.0,73.0,-155.91682922959478,0.7849096932482098,0.956303718381467
./csi-dataset/uva-communication-28G-csi/t16x16_r2x1_test_small/12262-run00956-56.mat,-104.01633566497205,332.0,39.0,-104.26973653353909,0.2139546102010833,12.628201484680176,332.0,39.0,-118.12078230128863,0.25340086856704147,8.537736462515939e-07
./csi-dataset/uva-communication-28G-csi/t16x16_r2x1_test_small/12262-run00957-54.mat,-99.04137608873376,233.0,59.0,-99.64808383105543,-1.343105614084132,14.1903657913208,234.0,57.0,-115.24529430845654,0.6067077423216745,2.1723309760084506
./csi-dataset/uva-communication-28G-csi/t16x16_r2x1_test_small/12622-run00010-68.mat,-104.4848045468812,292.0,61.0,-153.701764708891,0.15019671931706258,14.551964521408081,56.0,24.0,-122.91239151873816,49.21696016200981,75.87912194891159
./csi-dataset/uva-communication-28G-csi/t16x16_r2x1_test_small/12622-run00010-78.mat,-108.27597575334906,23.0,41.0,-108.33735992823337,0.0988335365672921,10.650605916976929,23.0,41.0,-122.0089234317798,0.06138417488431003,0.0
./csi-dataset/uva-communication-28G-csi/t16x16_r2x1_test_small/12622-run00013-55.mat,-123.33099957019786,122.0,41.0,-123.39064334073727,0.03422057663382849,8.673650979995728,123.0,41.0,-136.53376191520357,0.0596437705394095,0.6560542860155408
./csi-dataset/uva-communication-28G-csi/t16x16_r2x1_test_small/12622-run00076-43.mat,-110.90374784486534,180.0,52.0,-111.08807253789774,0.1534656415486001,11.985015392303467,180.0,52.0,-123.29187502987749,0.1843246930324085,0.0
./csi-dataset/uva-communication-28G-csi/t16x16_r2x1_test_small/12622-run00079-20.mat,-104.8105656713846,56.0,19.0,-104.82567151674573,-0.2691739886117972,14.858492851257324,57.0,19.0,-118.8079025057526,0.01510584536113413,0.32556446021366875
./csi-dataset/uva-communication-28G-csi/t16x16_r2x1_test_small/12622-run00127-2.mat,-150.46404760663958,201.0,56.0,-150.72113836157024,0.3181183003829503,9.81386399269104,200.0,56.0,-157.72375979121188,0.25709075493065825,0.8290342821480322
./csi-dataset/uva-communication-28G-csi/t16x16_r2x1_test_small/12622-run00127-3.mat,-100.9706656779576,243.0,39.0,-101.16077902756486,0.2491129043961685,14.722124576568604,242.0,40.0,-114.39127454984276,0.1901133496072589,1.1851302768327094
./csi-dataset/uva-communication-28G-csi/t16x16_r2x1_test_small/12622-run00127-61.mat,-113.19715948746372,331.0,32.0,-113.23528819846058,-0.3050557969484857,12.12693476676941,331.0,32.0,-125.65123767236591,0.03812871099685822,8.537736462515939e-07
./csi-dataset/uva-communication-28G-csi/t16x16_r2x1_test_small/12622-run00127-86.mat,-95.78578187256434,267.0,39.0,-97.61137383324453,-0.2591207857820834,13.80994963645935,267.0,43.0,-112.19340655841032,1.8255919606801854,4.000000000000132
./csi-dataset/uva-communication-28G-csi/t16x16_r2x1_test_small/12622-run00127-99.mat,-98.35786916844717,180.0,30.0,-98.8944329314171,0.08626925092865256,15.058363437652588,178.0,31.0,-113.28772741822341,0.5365637629699336,1.4247985077662242
./csi-dataset/uva-communication-28G-csi/t16x16_r2x1_test_small/12622-run00194-41.mat,-131.92471427926455,247.0,5.0,-159.9188090469838,-0.13288560938234784,13.128396272659302,183.0,32.0,-154.46024795698713,27.994094767719247,30.109596422637903
./csi-dataset/uva-communication-28G-csi/t16x16_r2x1_test_small/12622-run00194-91.mat,-108.12496437991146,3.0,65.0,-108.4640609970582,-0.6029663784042305,11.351054191589355,4.0,66.0,-121.58901611319037,0.3390966171467369,1.3520324638840417
./csi-dataset/uva-communication-28G-csi/t16x16_r2x1_test_small/12622-run00196-44.mat,-113.9622036975503,191.0,40.0,-114.36708603958533,-0.217676226461897,12.696871280670166,190.0,41.0,-127.90115734242406,0.40488234203503737,1.1923597758459477
./csi-dataset/uva-communication-28G-csi/t16x16_r2x1_test_small/12622-run00262-13.mat,-104.75868267177994,164.0,46.0,-142.75212283290634,-0.4117783975690663,14.017100811004639,189.0,34.0,-121.13725298041138,37.9934401611264,19.871059509278744
./csi-dataset/uva-communication-28G-csi/t16x16_r2x1_test_small/12622-run00262-14.mat,-102.208993167487,303.0,39.0,-102.33541908529793,-0.2239445464072325,13.963877439498901,303.0,40.0,-116.56474555994792,0.12642591781093415,1.0000000000006293
./csi-dataset/uva-communication-28G-csi/t16x16_r2x1_test_small/12622-run00262-40.mat,-101.85405020319112,157.0,40.0,-101.89789238037916,0.22273910111762152,12.998327016830444,157.0,41.0,-114.98441137323533,0.043842177188039955,1.0000000000002647
./csi-dataset/uva-communication-28G-csi/t16x16_r2x1_test_small/12622-run00267-33.mat,-103.19330722884486,83.0,12.0,-135.85927408448327,-0.5373637887074156,14.779661655426025,90.0,58.0,-125.05679021273144,32.665966855638416,46.10458902489142
./csi-dataset/uva-communication-28G-csi/t16x16_r2x1_test_small/12622-run00267-84.mat,-103.51431984358732,186.0,65.0,-140.65995835790767,-0.12221136378573605,13.11087965965271,8.0,34.0,-125.49550126921041,37.14563851432035,98.98209105685609
./csi-dataset/uva-communication-28G-csi/t16x16_r2x1_test_small/12622-run00312-52.mat,-97.27529610922284,280.0,46.0,-97.53458633743755,-0.19664987485406105,13.271889209747314,279.0,46.0,-110.30298334401628,0.2592902282147094,0.7193353945255158
./csi-dataset/uva-communication-28G-csi/t16x16_r2x1_test_small/12622-run00313-21.mat,-107.11107745291528,159.0,37.0,-107.22786811862093,-0.10789733751631414,10.160506010055542,159.0,38.0,-120.53467913137354,0.11679066570565055,1.0000000000002647
./csi-dataset/uva-communication-28G-csi/t16x16_r2x1_test_small/12622-run00313-36.mat,-100.75429254203786,288.0,51.0,-101.00884925527866,0.25108583165192755,13.44289493560791,289.0,50.0,-116.13629599497678,0.2545567132408024,1.2630726248457664
./csi-dataset/uva-communication-28G-csi/t16x16_r2x1_test_small/12622-run00313-55.mat,-99.24663709679722,214.0,45.0,-145.31943853850888,0.03590245976715145,11.739307880401611,8.0,61.0,-121.45990601268964,46.07280144171166,102.30094973376052
./csi-dataset/uva-communication-28G-csi/t16x16_r2x1_test_small/12637-run00039-3.mat,-104.86464884397084,249.0,71.0,-105.21308988552411,-0.02518576922997573,13.461186647415161,248.0,71.0,-118.93199294673428,0.34844104155327216,0.9455173035351134
./csi-dataset/uva-communication-28G-csi/t16x16_r2x1_test_small/12637-run00039-58.mat,-101.17953796961784,165.0,40.0,-126.47727912645665,0.1138469619314606,13.909244537353516,134.0,64.0,-120.22703170206665,25.29774115683881,33.795701989680424
./csi-dataset/uva-communication-28G-csi/t16x16_r2x1_test_small/12637-run00039-6.mat,-113.24606745597514,336.0,66.0,-113.27293556091773,0.16394268302084092,12.820969343185425,337.0,68.0,-129.2560651104689,0.026868104942593618,2.2016342454456352
./csi-dataset/uva-communication-28G-csi/t16x16_r2x1_test_small/12637-run00088-20.mat,-101.82649107947998,11.0,42.0,-156.47816576959542,0.2258914008017907,13.50831413269043,110.0,66.0,-121.06576447657193,54.65167469011544,78.0745514795971
./csi-dataset/uva-communication-28G-csi/t16x16_r2x1_test_small/12637-run00088-82.mat,-104.83778362872036,221.0,69.0,-105.17083152048278,0.025659368361370172,14.2439866065979,221.0,67.0,-117.1450556812548,0.3330478917624191,2.0000000000001297
./csi-dataset/uva-communication-28G-csi/t16x16_r2x1_test_small/12637-run00131-19.mat,-101.11956897930273,134.0,29.0,-144.18239040621066,-0.1737122970308771,13.948630332946777,265.0,29.0,-121.54621139299964,43.06282142690793,52.35557612441498
./csi-dataset/uva-communication-28G-csi/t16x16_r2x1_test_small/12637-run00131-36.mat,-100.57663988326568,196.0,17.0,-100.75878507342837,0.2297735877296334,14.17200231552124,193.0,17.0,-117.99462221720587,0.18214519016268582,0.8770234854115528
./csi-dataset/uva-communication-28G-csi/t16x16_r2x1_test_small/12637-run00131-74.mat,-106.8736994231256,266.0,68.0,-156.715078301445,0.22432327242232364,15.102796792984009,167.0,47.0,-124.5347540474651,49.841378878319404,81.40767036277263
./csi-dataset/uva-communication-28G-csi/t16x16_r2x1_test_small/12637-run00190-26.mat,-104.55111139791444,138.0,24.0,-142.68945820614715,0.15069127872486243,11.455246210098267,230.0,64.0,-121.7721772860533,38.13834680823271,67.18768783975372
./csi-dataset/uva-communication-28G-csi/t16x16_r2x1_test_small/12637-run00191-25.mat,-98.50422047059692,328.0,22.0,-156.80002173840893,-0.10778985618273018,12.979706525802612,155.0,48.0,-117.42379729588853,58.29580126781201,69.87342695428204
./csi-dataset/uva-communication-28G-csi/t16x16_r2x1_test_small/12637-run00234-23.mat,-117.37135981412634,79.0,61.0,-117.54478456967621,-0.12202594388050025,13.23307728767395,79.0,60.0,-133.58828219914048,0.17342475554987402,0.9999999999999002
./csi-dataset/uva-communication-28G-csi/t16x16_r2x1_test_small/12637-run00234-97.mat,-114.73701303852428,245.0,52.0,-114.82750860886283,-0.280202569351782,12.768657207489014,246.0,54.0,-131.199133434583,0.09049557033854683,2.15351752037741
./csi-dataset/uva-communication-28G-csi/t16x16_r2x1_test_small/12637-run00237-42.mat,-101.44117512358844,81.0,42.0,-101.44432368009771,-0.24129558889866654,12.065675258636475,81.0,43.0,-118.03517748080161,0.0031485565092737033,0.9999999999999002
./csi-dataset/uva-communication-28G-csi/t16x16_r2x1_test_small/12637-run00237-78.mat,-104.46614810781534,178.0,39.0,-105.41088983514345,-0.07748397888367498,15.092905521392822,178.0,37.0,-119.67088775318007,0.9447417273281076,2.0000000000001297
./csi-dataset/uva-communication-28G-csi/t16x16_r2x1_test_small/12637-run00335-25.mat,-105.33194733474149,228.0,73.0,-105.69071094438522,0.16049271898784678,10.10617446899414,227.0,74.0,-120.74864714532181,0.3587636096437308,1.3853894473665045
./csi-dataset/uva-communication-28G-csi/t16x16_r2x1_test_small/12637-run00381-34.mat,-116.0064415188731,268.0,28.0,-116.25125390347257,-0.09798038599113634,14.216219425201416,269.0,27.0,-130.49575670066974,0.24481238459947008,1.101427343591066
./csi-dataset/uva-communication-28G-csi/t16x16_r2x1_test_small/12637-run00381-6.mat,-107.18226041122486,346.0,41.0,-107.34634891404664,0.27346208006042194,14.670396089553833,346.0,41.0,-120.83632492486464,0.16408850282178378,0.0
./csi-dataset/uva-communication-28G-csi/t16x16_r2x1_test_small/12637-run00425-58.mat,-95.31183005273624,264.0,53.0,-95.38913903395525,-0.23208494987537653,12.448969841003418,264.0,53.0,-108.97569008491598,0.07730898121900509,0.0
./csi-dataset/uva-communication-28G-csi/t16x16_r2x1_test_small/12637-run00502-96.mat,-105.43674284973466,204.0,61.0,-149.85383654163522,0.07099306722438636,12.060182571411133,167.0,73.0,-122.22196085446619,44.41709369190056,35.9308558622498
./csi-dataset/uva-communication-28G-csi/t16x16_r2x1_test_small/12637-run00505-5.mat,-95.8096605720628,332.0,63.0,-96.22040182338665,-0.29803471094272393,13.752824306488037,332.0,61.0,-110.82331222939403,0.41074125132385575,2.0000000000004943
./csi-dataset/uva-communication-28G-csi/t16x16_r2x1_test_small/12637-run00505-7.mat,-98.41813746015669,340.0,35.0,-98.39271850451887,-0.13697201192606823,12.723174571990967,341.0,35.0,-111.33564066000973,-0.02541895563781793,0.5735715513236346
./csi-dataset/uva-communication-28G-csi/t16x16_r2x1_test_small/12637-run00549-32.mat,-154.34549049795996,119.0,53.0,-159.7378904516364,0.2589901945007591,0.3561680316925049,107.0,56.0,-159.95404647901444,5.392399953676431,10.211163396163132
./csi-dataset/uva-communication-28G-csi/t16x16_r2x1_test_small/12637-run00549-38.mat,-101.28226763941058,44.0,31.0,-151.10251757346956,-0.19188395869415475,13.3413667678833,171.0,41.0,-118.98297221383709,49.82024993405898,63.66863647717602
./csi-dataset/uva-communication-28G-csi/t16x16_r2x1_test_small/12637-run00549-40.mat,-105.13796935567063,181.0,46.0,-105.41027065060497,-0.19295511366411233,13.909903049468994,181.0,45.0,-118.02783805786461,0.2723012949343371,0.9999999999999002
./csi-dataset/uva-communication-28G-csi/t16x16_r2x1_test_small/12637-run00550-44.mat,-114.18482179904244,211.0,27.0,-115.00269604446915,0.02639204708206777,9.682567119598389,215.0,29.0,-129.17006499849225,0.8178742454267081,2.742477534687821
./csi-dataset/uva-communication-28G-csi/t16x16_r2x1_test_small/12637-run00609-75.mat,-104.63626237099336,248.0,45.0,-104.61755977804472,0.21940295259997145,10.724032640457153,248.0,45.0,-118.0733062409636,-0.018702592948642405,0.0
./csi-dataset/uva-communication-28G-csi/t16x16_r2x1_test_small/12637-run00609-80.mat,-92.77391785551168,248.0,42.0,-93.94679834916727,-0.03270606270670995,13.178427934646606,246.0,44.0,-108.95382844289188,1.1728804936555832,2.4206497685217183
./csi-dataset/uva-communication-28G-csi/t16x16_r2x1_test_small/12637-run00609-89.mat,-101.38814043437718,302.0,30.0,-137.1092515094703,-0.6610976450171673,13.789185523986816,343.0,31.0,-122.1927921533627,35.721111075093134,20.49860062026351
./csi-dataset/uva-communication-28G-csi/t16x16_r2x1_test_small/12637-run00706-21.mat,-129.90386932675472,326.0,51.0,-130.35744858051152,0.024113843127399837,12.394652605056763,329.0,52.0,-146.8381301597181,0.45357925375679997,2.551741778528356
./csi-dataset/uva-communication-28G-csi/t16x16_r2x1_test_small/12637-run00755-20.mat,-107.7983964309712,146.0,45.0,-107.81324375983566,0.29073232074724165,13.20722508430481,147.0,45.0,-120.88119356961572,0.014847328864462384,0.7071022936882725
./csi-dataset/uva-communication-28G-csi/t16x16_r2x1_test_small/12637-run00814-3.mat,-101.88546959006467,37.0,34.0,-102.01820496989875,0.1473399419685505,12.944674253463745,37.0,33.0,-115.92697695934254,0.1327353798340738,0.9999999999999002
./csi-dataset/uva-communication-28G-csi/t16x16_r2x1_test_small/12637-run00817-97.mat,-106.69820053378344,346.0,46.0,-138.60532979584372,-0.04667841866250266,10.910836219787598,200.0,44.0,-127.02328891828849,31.90712926206028,85.09929740696337
./csi-dataset/uva-communication-28G-csi/t16x16_r2x1_test_small/12637-run00868-22.mat,-134.05420423272676,213.0,40.0,-134.52161897636668,-0.16700174627008457,10.94613242149353,212.0,41.0,-150.1733560762216,0.46741474363992097,1.1923597758459477
./csi-dataset/uva-communication-28G-csi/t16x16_r2x1_test_small/12637-run00872-53.mat,-108.2238841684398,303.0,49.0,-108.35553541857578,-0.025188628845840944,13.609519243240356,303.0,50.0,-122.6739294481092,0.1316512501359881,0.9999999999999002
./csi-dataset/uva-communication-28G-csi/t16x16_r2x1_test_small/12637-run00872-59.mat,-103.1827301755318,304.0,29.0,-103.46739343757783,-0.21158178866713562,13.499415636062622,303.0,30.0,-116.97885646426421,0.2846632620460241,1.1146355706854914
./csi-dataset/uva-communication-28G-csi/t16x16_r2x1_test_small/12637-run00970-27.mat,-119.06122696600076,302.0,69.0,-119.35961848380597,0.19700990396003548,9.62582278251648,302.0,70.0,-131.5551607401301,0.29839151780521433,0.9999999999999002
./csi-dataset/uva-communication-28G-csi/t16x16_r2x1_test_small/12637-run00970-42.mat,-97.99708077781078,345.0,37.0,-98.26491324821818,0.044893441707711146,12.954874277114868,346.0,36.0,-113.107472158903,0.26783247040739866,1.1635076930286217
./csi-dataset/uva-communication-28G-csi/t16x16_r2x1_test_small/12637-run00970-89.mat,-112.69203716461418,328.0,43.0,-112.87974580769844,0.38312617583820996,11.066478729248047,328.0,43.0,-126.48922378213214,0.18770864308426383,0.0
./csi-dataset/uva-communication-28G-csi/t16x16_r2x1_test_small/12637-run00971-4.mat,-100.01388282264868,85.0,69.0,-100.3303307089183,-0.27931682628648846,14.102608442306519,86.0,68.0,-114.77231773298041,0.3164478862696143,1.3658849490661769
./csi-dataset/uva-communication-28G-csi/t16x16_r2x1_test_small/12637-run00971-58.mat,-100.54339286315252,356.0,60.0,-100.68849778792975,0.1303814556299946,13.774385213851929,356.0,61.0,-114.5799704291447,0.14510492477722892,1.0000000000002647
./csi-dataset/uva-communication-28G-csi/t16x16_r2x1_test_small/13053-run00016-33.mat,-117.49732221505892,272.0,50.0,-117.86391580738568,0.024583571003578775,13.396549463272095,271.0,50.0,-131.0338884134628,0.36659359232676536,0.7660404257702051
./csi-dataset/uva-communication-28G-csi/t16x16_r2x1_test_small/13053-run00016-61.mat,-105.18638832359818,166.0,70.0,-105.33691044920702,-0.20639401099748445,12.206068992614746,166.0,72.0,-118.20178878993912,0.1505221256088447,2.0000000000003118
./csi-dataset/uva-communication-28G-csi/t16x16_r2x1_test_small/13053-run00016-99.mat,-106.03111815711082,20.0,18.0,-106.45718788212835,-0.15552195871987107,15.04158091545105,20.0,17.0,-120.24999388269154,0.42606972501752693,0.9999999999999002
./csi-dataset/uva-communication-28G-csi/t16x16_r2x1_test_small/13053-run00020-26.mat,-122.24942871500174,179.0,63.0,-146.71884934726742,0.1933843626120203,7.5141074657440186,167.0,11.0,-142.7246513811504,24.46942063226568,52.26963315237856
./csi-dataset/uva-communication-28G-csi/t16x16_r2x1_test_small/13053-run00126-54.mat,-122.1115036905254,299.0,64.0,-122.12708344588611,0.07762763545921747,10.174702167510986,300.0,64.0,-135.67644097452796,0.01557975536071865,0.8987918540090485
./csi-dataset/uva-communication-28G-csi/t16x16_r2x1_test_small/13053-run00126-64.mat,-124.18366709953624,246.0,63.0,-125.1082908391485,-0.03965765708428726,11.52086615562439,245.0,64.0,-138.3514074156732,0.9246237396122581,1.3419642209976061
./csi-dataset/uva-communication-28G-csi/t16x16_r2x1_test_small/13053-run00129-2.mat,-110.01597044338708,71.0,46.0,-111.55397011670487,0.055747702019603884,14.485596418380737,68.0,45.0,-126.46243416452987,1.537999673317799,2.3616877346543492
./csi-dataset/uva-communication-28G-csi/t16x16_r2x1_test_small/13053-run00129-34.mat,-123.7476946873612,116.0,10.0,-123.88304188475855,0.25121861899042075,9.656120777130127,113.0,10.0,-136.4979535709781,0.13534719739735124,0.5208868205448721
./csi-dataset/uva-communication-28G-csi/t16x16_r2x1_test_small/13053-run00129-45.mat,-118.89246802361312,31.0,60.0,-119.184369151155,0.061564064440198574,11.777233123779297,30.0,60.0,-132.42479839597482,0.2919011275418768,0.8660226557403922
./csi-dataset/uva-communication-28G-csi/t16x16_r2x1_test_small/13053-run00192-14.mat,-105.54849514237124,232.0,42.0,-105.54900119567114,-0.1316872543639891,12.35262131690979,232.0,42.0,-118.03097983943164,0.0005060532999010547,0.0
./csi-dataset/uva-communication-28G-csi/t16x16_r2x1_test_small/13053-run00192-50.mat,-104.11313801172145,162.0,41.0,-150.87667804034365,-0.180591034329336,13.918490409851074,259.0,28.0,-126.52136037510789,46.7635400286222,51.035915342677164
./csi-dataset/uva-communication-28G-csi/t16x16_r2x1_test_small/13053-run00192-6.mat,-99.33493452966168,73.0,16.0,-99.32987107142507,-0.5465352784837265,11.359895944595337,73.0,16.0,-112.43395034485346,-0.005063458236605811,0.0
./csi-dataset/uva-communication-28G-csi/t16x16_r2x1_test_small/13053-run00198-10.mat,-115.2458803021198,228.0,73.0,-115.38442852722149,-0.007860537449094318,12.067300796508789,228.0,74.0,-127.95799292694022,0.13854822510168674,0.9999999999999002
./csi-dataset/uva-communication-28G-csi/t16x16_r2x1_test_small/13053-run00198-61.mat,-96.24970633283183,302.0,42.0,-155.69061653379066,-0.3157201407642498,13.693938970565796,34.0,89.0,-114.24229342783255,59.440910200958825,90.59468925585085
./csi-dataset/uva-communication-28G-csi/t16x16_r2x1_test_small/13053-run00284-58.mat,-105.2374766728177,3.0,18.0,-105.26484765776925,-0.3711861275364099,12.182032108306885,3.0,18.0,-119.2429021727053,0.02737098495154555,8.537736462515939e-07
./csi-dataset/uva-communication-28G-csi/t16x16_r2x1_test_small/13053-run00333-22.mat,-135.65244719029658,234.0,68.0,-136.44883180625553,-0.11881635685261749,13.147133350372314,234.0,65.0,-149.637996508423,0.7963846159589423,3.0000000000000444
./csi-dataset/uva-communication-28G-csi/t16x16_r2x1_test_small/13053-run00333-37.mat,-103.0906684454098,333.0,67.0,-103.27056136552316,0.012383493682708191,15.248664379119873,333.0,66.0,-115.72040592433393,0.17989292011336033,0.9999999999999002
./csi-dataset/uva-communication-28G-csi/t16x16_r2x1_test_small/13053-run00333-80.mat,-120.08402278837607,318.0,50.0,-120.15353097022222,0.24777948303125585,9.40053415298462,319.0,50.0,-132.2080015078492,0.06950818184614604,0.766040425770681
./csi-dataset/uva-communication-28G-csi/t16x16_r2x1_test_small/13053-run00333-97.mat,-109.87418485408418,86.0,40.0,-109.97437830036027,0.1230175627735085,13.88879656791687,85.0,40.0,-123.75473877457237,0.10019344627609428,0.6427828220262594
./csi-dataset/uva-communication-28G-csi/t16x16_r2x1_test_small/13053-run00336-67.mat,-126.80422450452508,286.0,56.0,-153.67141588323219,-0.3540837075496577,12.468050479888916,279.0,31.0,-145.14785534035516,26.867191378707105,25.428062580695144
./csi-dataset/uva-communication-28G-csi/t16x16_r2x1_test_small/13053-run00375-40.mat,-99.3653710035785,261.0,44.0,-99.37861528735732,-0.29039414610106573,13.668494462966919,261.0,44.0,-112.32315712203467,0.01324428377881759,0.0
./csi-dataset/uva-communication-28G-csi/t16x16_r2x1_test_small/13053-run00418-99.mat,-101.41893689184896,10.0,40.0,-101.4976585285995,0.09175666126305582,14.89888072013855,10.0,40.0,-113.5228773759991,0.07872163675054367,8.537736462515939e-07
./csi-dataset/uva-communication-28G-csi/t16x16_r2x1_test_small/13053-run00422-62.mat,-103.043380087207,34.0,32.0,-133.2649709090059,0.164818765288003,12.067739009857178,162.0,49.0,-126.72730678722144,30.221590821798912,71.93203400662128
./csi-dataset/uva-communication-28G-csi/t16x16_r2x1_test_small/13053-run00479-36.mat,-101.33580853693825,49.0,51.0,-101.37253926416604,0.004627492076648698,13.650417804718018,49.0,51.0,-115.86741837843988,0.03673072722779125,0.0
./csi-dataset/uva-communication-28G-csi/t16x16_r2x1_test_small/13053-run00479-80.mat,-106.64674940117784,159.0,53.0,-107.05917203769091,0.14081984142519255,13.584451913833618,158.0,53.0,-121.29757360322935,0.412422636513071,0.7986318386952783
./csi-dataset/uva-communication-28G-csi/t16x16_r2x1_test_small/13053-run00537-29.mat,-100.04557764724836,137.0,59.0,-100.1861040811869,0.20055145639370553,13.712387084960938,138.0,58.0,-113.67381023019823,0.1405264339385326,1.3141350637031401
./csi-dataset/uva-communication-28G-csi/t16x16_r2x1_test_small/13053-run00537-48.mat,-115.94116502492552,24.0,74.0,-115.9467254310718,-0.17231546461006886,13.752063274383545,24.0,75.0,-129.28472794516455,0.005560406146273067,0.9999999999999002
./csi-dataset/uva-communication-28G-csi/t16x16_r2x1_test_small/13053-run00537-59.mat,-99.520603365071,340.0,41.0,-99.83443169419759,-0.4881454519435029,11.66341757774353,340.0,40.0,-113.12948766262926,0.31382832912659353,1.0000000000006293
./csi-dataset/uva-communication-28G-csi/t16x16_r2x1_test_small/13053-run00538-57.mat,-99.66397682370108,77.0,47.0,-99.63711907101137,-0.1667756930632891,11.679838180541992,77.0,47.0,-114.53682521023859,-0.02685775268970758,8.537736462515939e-07
./csi-dataset/uva-communication-28G-csi/t16x16_r2x1_test_small/13053-run00596-1.mat,-99.68657407177724,37.0,31.0,-144.8560415161649,0.15956941735411678,12.07251238822937,66.0,48.0,-121.67139520980089,45.169467444387664,24.72637632023794
./csi-dataset/uva-communication-28G-csi/t16x16_r2x1_test_small/13053-run00596-27.mat,-106.7423254347784,27.0,65.0,-107.16628230603075,-0.21556811265205278,12.794546127319336,28.0,64.0,-119.47997900261848,0.4239568712523578,1.3470789017465334
./csi-dataset/uva-communication-28G-csi/t16x16_r2x1_test_small/13053-run00655-20.mat,-107.92596890226208,280.0,72.0,-107.99110405273781,-0.16736001060366457,14.162904262542725,281.0,75.0,-125.02535686970857,0.06513515047572582,3.1494551999668823
./csi-dataset/uva-communication-28G-csi/t16x16_r2x1_test_small/13053-run00655-49.mat,-100.8153384606434,340.0,65.0,-101.5793229630903,-0.05164562097089531,13.401201725006104,340.0,62.0,-114.96029362563641,0.7639845024469025,3.0000000000000444
./csi-dataset/uva-communication-28G-csi/t16x16_r2x1_test_small/13053-run00708-97.mat,-122.2643906582256,211.0,47.0,-159.95285563934306,0.0571363151589922,10.760777473449707,97.0,59.0,-140.2235222275182,37.68846498111746,84.47529280280921
./csi-dataset/uva-communication-28G-csi/t16x16_r2x1_test_small/13053-run00709-32.mat,-103.42641171445058,182.0,57.0,-103.39978005210779,-0.07960366946192243,13.230191707611084,182.0,57.0,-117.30758830352968,-0.026631662342794016,0.0
./csi-dataset/uva-communication-28G-csi/t16x16_r2x1_test_small/13053-run00709-33.mat,-101.8441992779523,73.0,28.0,-101.92676200138683,0.3581251976440587,14.129473209381104,75.0,28.0,-115.38166561740843,0.08256272343453475,0.9389059618552863
./csi-dataset/uva-communication-28G-csi/t16x16_r2x1_test_small/13053-run00755-47.mat,-102.41498202632198,242.0,28.0,-103.09797145707206,-0.12443339720319613,14.759171724319458,242.0,27.0,-116.47053325641168,0.6829894307500837,0.9999999999999002
./csi-dataset/uva-communication-28G-csi/t16x16_r2x1_test_small/13053-run00755-63.mat,-98.44185101690957,44.0,34.0,-122.08600415277792,-0.01960770815555568,13.266401767730713,114.0,25.0,-117.33065475869138,23.64415313586835,33.67551416931569
./csi-dataset/uva-communication-28G-csi/t16x16_r2x1_test_small/13053-run00755-67.mat,-101.80984069433995,221.0,21.0,-101.77921482935496,-0.6062831810885512,13.663182973861694,221.0,21.0,-114.93124180038399,-0.030625864984997975,0.0
./csi-dataset/uva-communication-28G-csi/t16x16_r2x1_test_small/13053-run00755-9.mat,-106.27370319321057,337.0,14.0,-129.25171615516797,-0.22104580166350352,14.198742628097534,349.0,40.0,-128.52982294657812,22.978012961957404,26.440672462561896
./csi-dataset/uva-communication-28G-csi/t16x16_r2x1_test_small/13053-run00842-42.mat,-142.11455567075123,352.0,66.0,-154.22140447446358,0.35919851230018895,8.818498134613037,196.0,64.0,-157.68576902179797,12.106848803712353,124.8758909269057
./csi-dataset/uva-communication-28G-csi/t16x16_r2x1_test_small/13053-run00890-44.mat,-104.8911618132076,353.0,65.0,-152.71347845448352,0.11076985785951388,9.04960036277771,303.0,57.0,-125.59673781512106,47.82231664127592,44.048362521792
./csi-dataset/uva-communication-28G-csi/t16x16_r2x1_test_small/13053-run00890-59.mat,-151.50894599050258,318.0,64.0,-151.79140746941647,0.24500742481579207,0.3603997230529785,318.0,65.0,-159.65402177063729,0.28246147891388773,0.9999999999999002
./csi-dataset/uva-communication-28G-csi/t16x16_r2x1_test_small/13053-run00890-68.mat,-101.219149686586,194.0,22.0,-101.24699051874906,-0.5390079499045803,14.005096197128296,194.0,22.0,-116.6039965114298,0.027840832163064988,0.0
./csi-dataset/uva-communication-28G-csi/t16x16_r2x1_test_small/13053-run00890-73.mat,-104.7299846912194,69.0,50.0,-104.75440380623353,-0.07579623191539242,13.613073110580444,69.0,50.0,-119.19310038042892,0.02441911501412619,0.0
./csi-dataset/uva-communication-28G-csi/t16x16_r2x1_test_small/13053-run00943-38.mat,-105.46728334705028,146.0,34.0,-105.55158904241141,0.10564475281399377,13.888254880905151,147.0,35.0,-121.72146351801982,0.08430569536112387,1.1492391511876439
./csi-dataset/uva-communication-28G-csi/t16x16_r2x1_test_small/13053-run00943-52.mat,-103.92144238285466,149.0,52.0,-103.95427904800721,-0.13112034817819396,12.601325988769531,149.0,52.0,-118.33753187117183,0.03283666515254424,0.0
./csi-dataset/uva-communication-28G-csi/t16x16_r2x1_test_small/13053-run00943-59.mat,-126.85215397894632,199.0,66.0,-127.7894427932314,-0.44071822188164966,12.894154787063599,198.0,64.0,-143.44694979269033,0.9372888142850826,2.195735016435526
./csi-dataset/uva-communication-28G-csi/t16x16_r2x1_test_small/13053-run00943-76.mat,-104.14360241646644,248.0,37.0,-104.1876059641852,-0.2278226731666706,12.22466254234314,248.0,38.0,-117.39376578126456,0.04400354771875925,1.0000000000006293
./csi-dataset/uva-communication-28G-csi/t16x16_r2x1_test_small/13053-run00945-28.mat,-102.63363132943188,256.0,49.0,-102.63465728527181,-0.3119448100977693,14.513667583465576,257.0,50.0,-116.49564226420559,0.0010259558399354773,1.2562500714928588
./csi-dataset/uva-communication-28G-csi/t16x16_r2x1_test_small/13053-run00991-89.mat,-108.558734850739,7.0,53.0,-108.70045084874677,0.018885398009004684,13.670874118804932,7.0,52.0,-122.35978286914047,0.14171599800776846,0.9999999999999002
./csi-dataset/uva-communication-28G-csi/t16x16_r2x1_test_small/13413-run00061-34.mat,-141.6076738984717,233.0,72.0,-141.99250281090855,0.04184705014479484,13.749366521835327,233.0,76.0,-152.7908171942561,0.3848289124368591,4.000000000000132
./csi-dataset/uva-communication-28G-csi/t16x16_r2x1_test_small/13413-run00067-46.mat,-107.3203113040812,213.0,66.0,-107.60146426563139,-0.17308965758893624,14.788421630859375,212.0,66.0,-119.47303332867568,0.2811529615501911,0.9135435393668283
./csi-dataset/uva-communication-28G-csi/t16x16_r2x1_test_small/13413-run00114-68.mat,-141.9431616792246,308.0,43.0,-142.5425650980282,0.4742235272755013,7.2725160121917725,308.0,42.0,-153.23263021295145,0.5994034188036039,0.9999999999999002
./csi-dataset/uva-communication-28G-csi/t16x16_r2x1_test_small/13413-run00114-79.mat,-105.29700874734203,38.0,53.0,-105.59835159652516,-0.13818243122191798,12.615878820419312,38.0,52.0,-118.80749550354098,0.30134284918312915,0.9999999999999002
./csi-dataset/uva-communication-28G-csi/t16x16_r2x1_test_small/13413-run00114-88.mat,-110.20805192523837,189.0,54.0,-111.2935982213075,0.13634626715178333,13.744781732559204,187.0,53.0,-123.47685922288142,1.0855462960691398,1.8932715463281495
./csi-dataset/uva-communication-28G-csi/t16x16_r2x1_test_small/13413-run00115-70.mat,-104.82438290207476,301.0,30.0,-105.15136280390092,0.10503262528825796,13.855956077575684,302.0,29.0,-119.25650335427811,0.32697990182616365,1.1146355706854914
./csi-dataset/uva-communication-28G-csi/t16x16_r2x1_test_small/13413-run00162-76.mat,-109.6096196449003,107.0,55.0,-109.71659326169805,-0.48534938543003925,15.697255849838257,108.0,55.0,-125.79104561425078,0.10697361679774531,0.8191486237146364
./csi-dataset/uva-communication-28G-csi/t16x16_r2x1_test_small/13413-run00163-2.mat,-106.35907765541174,203.0,46.0,-106.73783931048204,0.1661854568790514,8.834559917449951,205.0,45.0,-120.13766600213336,0.37876165507030635,1.7420109046551626
./csi-dataset/uva-communication-28G-csi/t16x16_r2x1_test_small/13413-run00163-99.mat,-106.21891959846278,135.0,58.0,-106.2760398704601,0.11299923734845108,14.141111612319946,136.0,59.0,-120.44811607057429,0.05712027199732006,1.3141350637036948
./csi-dataset/uva-communication-28G-csi/t16x16_r2x1_test_small/13413-run00201-50.mat,-106.09304910658864,2.0,48.0,-158.63417403792562,-0.16740328846590447,13.6777024269104,247.0,32.0,-123.23450556889213,52.54112493133698,66.3577276215569
./csi-dataset/uva-communication-28G-csi/t16x16_r2x1_test_small/13413-run00250-17.mat,-104.64394895597206,128.0,19.0,-105.41655486344786,0.016017066908891375,13.023741483688354,133.0,18.0,-120.08924858607195,0.7726059074757927,1.8745251630318431
./csi-dataset/uva-communication-28G-csi/t16x16_r2x1_test_small/13413-run00250-20.mat,-119.30467769863908,298.0,57.0,-119.31282291445625,0.2464669637865352,9.554857730865479,299.0,58.0,-131.70767096370562,0.008145215817165763,1.3081528487651375
./csi-dataset/uva-communication-28G-csi/t16x16_r2x1_test_small/13413-run00250-21.mat,-119.5184332285369,56.0,19.0,-119.67159463037501,0.14695819029718427,12.190447807312012,55.0,20.0,-135.7126899050817,0.1531614018381049,1.0542077633576807
./csi-dataset/uva-communication-28G-csi/t16x16_r2x1_test_small/13413-run00250-46.mat,-105.5870278933552,143.0,24.0,-105.73326495289679,0.03512320873081742,12.065871715545654,143.0,23.0,-119.99412145600107,0.1462370595415905,0.9999999999999002
./csi-dataset/uva-communication-28G-csi/t16x16_r2x1_test_small/13413-run00254-19.mat,-105.22427304908436,22.0,65.0,-158.9370085176157,0.1802457022927627,12.969384670257568,318.0,37.0,-123.01938351823293,53.71273546853135,54.78693948075609
./csi-dataset/uva-communication-28G-csi/t16x16_r2x1_test_small/13413-run00304-23.mat,-102.36525908391316,235.0,68.0,-102.49538778965342,0.20142283993847576,12.408831596374512,235.0,69.0,-115.83825687117972,0.1301287057402618,0.9999999999999002
./csi-dataset/uva-communication-28G-csi/t16x16_r2x1_test_small/13413-run00304-40.mat,-116.96467954794404,173.0,37.0,-117.21978378738277,-0.11505810265414551,14.288060188293457,172.0,37.0,-130.4866714818183,0.2551042394387224,0.6018101511498652
./csi-dataset/uva-communication-28G-csi/t16x16_r2x1_test_small/13413-run00316-16.mat,-103.3729460399892,14.0,36.0,-155.82484337305078,0.04308728941368489,15.026955127716064,92.0,41.0,-122.80881493088657,52.45189733306158,46.310638474984955
./csi-dataset/uva-communication-28G-csi/t16x16_r2x1_test_small/13413-run00381-46.mat,-101.46637702804428,214.0,68.0,-101.45072923956015,0.07947686936919285,13.613316535949707,215.0,68.0,-113.88127167996502,-0.015647788484130842,0.9271822030944684
./csi-dataset/uva-communication-28G-csi/t16x16_r2x1_test_small/13413-run00381-54.mat,-106.71787255545044,0.0,54.0,-109.44607147763497,-0.47789743353974257,13.645780324935913,357.0,53.0,-122.40702738419677,2.728198922184532,2.6105195568464286
./csi-dataset/uva-communication-28G-csi/t16x16_r2x1_test_small/13413-run00381-65.mat,-97.32658130273846,313.0,53.0,-97.50508041237426,0.09703694847417288,13.183830976486206,313.0,53.0,-110.29358266053296,0.17849910963579418,0.0
./csi-dataset/uva-communication-28G-csi/t16x16_r2x1_test_small/13413-run00381-92.mat,-108.3828410613462,160.0,65.0,-108.39675043216718,0.08810450211741028,11.831449508666992,161.0,67.0,-123.35503970445663,0.013909370820982758,2.1987329658893353
./csi-dataset/uva-communication-28G-csi/t16x16_r2x1_test_small/13413-run00382-56.mat,-116.93918351179734,51.0,8.0,-117.0760613439093,-0.13642118512226786,12.60833740234375,53.0,7.0,-129.001133663291,0.13687783211196347,1.0333636389099812
./csi-dataset/uva-communication-28G-csi/t16x16_r2x1_test_small/13413-run00382-65.mat,-97.37895033952633,45.0,37.0,-97.33144552751244,-0.06493976398081291,12.446176767349243,46.0,38.0,-109.88737503639766,-0.04750481201388368,1.1706951848737317
./csi-dataset/uva-communication-28G-csi/t16x16_r2x1_test_small/13413-run00552-37.mat,-104.63333687559668,198.0,35.0,-132.32428381352707,-0.24440791258142802,13.542645931243896,278.0,19.0,-122.12116770711702,27.69094693793039,36.20097846112076
./csi-dataset/uva-communication-28G-csi/t16x16_r2x1_test_small/13413-run00554-58.mat,-107.65255950585636,217.0,61.0,-109.06693529224988,-0.28836057534437787,10.996328353881836,215.0,59.0,-123.94333922933292,1.4143757863935207,2.6456217709883747
./csi-dataset/uva-communication-28G-csi/t16x16_r2x1_test_small/13413-run00614-76.mat,-113.46940533204774,142.0,15.0,-159.29522625335426,-0.08960506133787538,12.831707954406738,37.0,43.0,-130.86841485702084,45.825820921306516,48.64304015142068
./csi-dataset/uva-communication-28G-csi/t16x16_r2x1_test_small/13413-run00617-43.mat,-105.88061967575918,189.0,44.0,-105.8605288001111,0.06631445505997158,12.359437704086304,189.0,44.0,-118.31706128387943,-0.020090875648079987,0.0
./csi-dataset/uva-communication-28G-csi/t16x16_r2x1_test_small/13413-run00617-6.mat,-104.85622454635428,77.0,45.0,-105.01532063776608,-0.1393073590325724,13.979306936264038,78.0,45.0,-120.63866679013778,0.15909609141179715,0.7071022936887879
./csi-dataset/uva-communication-28G-csi/t16x16_r2x1_test_small/13413-run00675-33.mat,-105.39956261618433,213.0,13.0,-105.8768737350941,0.31753994387572215,12.88654351234436,219.0,13.0,-120.51336811118148,0.47731111890976763,1.349120861368452
./csi-dataset/uva-communication-28G-csi/t16x16_r2x1_test_small/13413-run00732-89.mat,-120.52065060924956,303.0,71.0,-120.73396650602098,-0.129786924188257,13.346904516220093,303.0,70.0,-134.3817846089219,0.2133158967714195,1.0000000000006293
./csi-dataset/uva-communication-28G-csi/t16x16_r2x1_test_small/13413-run00733-45.mat,-103.21857170055034,155.0,53.0,-103.35453155559328,-0.021676779500462873,12.470354318618774,156.0,53.0,-117.56219345530496,0.13595985504294106,0.7986318386952783
./csi-dataset/uva-communication-28G-csi/t16x16_r2x1_test_small/13413-run00771-82.mat,-104.4703099477212,97.0,39.0,-152.75459887100988,-0.28068454657402553,12.182161331176758,193.0,67.0,-125.53631203223719,48.28428892328867,75.93027101608698
./csi-dataset/uva-communication-28G-csi/t16x16_r2x1_test_small/13413-run00773-16.mat,-105.217373953468,171.0,63.0,-149.80469047292507,-0.12721112443200933,13.806258916854858,255.0,19.0,-124.35168703908461,44.587316519457076,62.64009310481843
./csi-dataset/uva-communication-28G-csi/t16x16_r2x1_test_small/13413-run00773-33.mat,-138.15465004731595,253.0,51.0,-140.07652013546684,0.12950662700447146,8.341270923614502,276.0,61.0,-153.38006436316877,1.9218700881508823,21.444157413910876
./csi-dataset/uva-communication-28G-csi/t16x16_r2x1_test_small/13413-run00836-57.mat,-107.28978624530173,4.0,60.0,-107.42133751110993,-0.05912796159284861,13.793945074081421,5.0,61.0,-122.0788961489874,0.13155126580819854,1.32569856241122
./csi-dataset/uva-communication-28G-csi/t16x16_r2x1_test_small/13413-run00836-62.mat,-103.08031986439002,150.0,42.0,-103.17347147006792,0.15554744836373224,14.395435094833374,151.0,42.0,-118.50327305571852,0.09315160567790315,0.6691259159967914
./csi-dataset/uva-communication-28G-csi/t16x16_r2x1_test_small/13413-run00836-63.mat,-99.25604970226996,226.0,27.0,-99.30601685285438,0.19900996921169878,13.481534957885742,226.0,28.0,-112.08905505502749,0.049967150584421915,0.9999999999999002
./csi-dataset/uva-communication-28G-csi/t16x16_r2x1_test_small/13413-run00840-49.mat,-112.11894144732496,4.0,69.0,-112.19551687237362,-0.37286881167954755,9.505774974822998,4.0,68.0,-125.6432883764034,0.07657542504865944,0.9999999999999002
./csi-dataset/uva-communication-28G-csi/t16x16_r2x1_test_small/13413-run00840-59.mat,-128.4469537824251,121.0,69.0,-128.43988331530562,-0.11573208269216662,12.837211847305298,121.0,70.0,-140.9845980953936,-0.007070467119490331,0.9999999999995357
./csi-dataset/uva-communication-28G-csi/t16x16_r2x1_test_small/13413-run00899-100.mat,-105.71682182184814,276.0,40.0,-106.88786338293731,0.0956156621885208,12.34445595741272,274.0,42.0,-121.84602625079239,1.1710415610891687,2.3917954193327344
./csi-dataset/uva-communication-28G-csi/t16x16_r2x1_test_small/13413-run00899-19.mat,-102.24424156783856,26.0,40.0,-148.4430820349151,0.1133737582031682,13.625163793563843,103.0,49.0,-121.38420049519414,46.19884046707655,52.28760662142083
./csi-dataset/uva-communication-28G-csi/t16x16_r2x1_test_small/13413-run00899-32.mat,-128.23827942429207,267.0,38.0,-128.33032342904147,-0.26076232680489464,11.140414714813232,268.0,39.0,-143.21273835958772,0.09204400474939689,1.1779057547174527
./csi-dataset/uva-communication-28G-csi/t16x16_r2x1_test_small/13413-run00899-80.mat,-100.61924907178629,228.0,56.0,-101.00581737856173,-0.1285737248531833,12.080130815505981,227.0,56.0,-113.81176584621535,0.3865683067754446,0.8290342821480322
./csi-dataset/uva-communication-28G-csi/t16x16_r2x1_test_small/13413-run00901-32.mat,-102.07150798218026,196.0,66.0,-102.42768056099646,-0.23422324997058874,13.39559006690979,195.0,66.0,-115.98143375015442,0.35617257881619935,0.9135435393672272
./csi-dataset/uva-communication-28G-csi/t16x16_r2x1_test_small/13413-run00973-32.mat,-99.54270065794292,203.0,63.0,-157.43700099178784,-0.08845595564228481,13.98415231704712,38.0,27.0,-118.00515589788537,57.894300333844924,89.21025048738834
./csi-dataset/uva-communication-28G-csi/t16x16_r2x1_test_small/13413-run00974-1.mat,-136.71199751123467,0.0,55.0,-136.98102471424212,-0.22043030653708895,14.781755924224854,359.0,56.0,-150.65098403892478,0.26902720300745386,1.2958150987623782
./csi-dataset/uva-communication-28G-csi/t16x16_r2x1_test_small/13807-run00031-26.mat,-113.88376420979282,182.0,79.0,-113.92383800183318,-0.13373393208817297,9.613466501235962,183.0,78.0,-127.73385398268994,0.04007379204035999,1.4000800172494472
./csi-dataset/uva-communication-28G-csi/t16x16_r2x1_test_small/13807-run00078-49.mat,-109.72263275291309,241.0,64.0,-139.3169204359711,-0.4068257950563068,12.28193712234497,281.0,47.0,-130.0074609441433,29.594287683058013,36.628839851291076
./csi-dataset/uva-communication-28G-csi/t16x16_r2x1_test_small/13807-run00079-32.mat,-128.59539377896087,230.0,41.0,-128.73076496340622,-0.33598087730736426,10.570716381072998,230.0,42.0,-144.14947135931874,0.13537118444534713,1.0000000000002647
./csi-dataset/uva-communication-28G-csi/t16x16_r2x1_test_small/13807-run00136-77.mat,-102.31572512651448,140.0,41.0,-102.30943305794418,0.53197629716891,12.044426918029785,140.0,41.0,-114.79036595940008,-0.0062920685703034,0.0
./csi-dataset/uva-communication-28G-csi/t16x16_r2x1_test_small/13807-run00141-20.mat,-107.6072789148171,159.0,22.0,-107.72241596468957,-0.8514778061431534,14.827277183532715,159.0,21.0,-120.72095328590292,0.11513704987247309,0.9999999999999002
./csi-dataset/uva-communication-28G-csi/t16x16_r2x1_test_small/13807-run00191-25.mat,-112.56211951347127,161.0,57.0,-112.55179028171271,-0.5902817816061563,13.639351844787598,162.0,58.0,-126.97287195984006,-0.010329231758561264,1.3081528487651375
./csi-dataset/uva-communication-28G-csi/t16x16_r2x1_test_small/13807-run00191-87.mat,-110.34066621302836,199.0,89.0,-115.89874398925983,0.025277184263575503,8.259543180465698,201.0,56.0,-124.52176804910947,5.558077776231471,33.05308269285845
./csi-dataset/uva-communication-28G-csi/t16x16_r2x1_test_small/13807-run00239-46.mat,-103.13307383346456,15.0,55.0,-151.52845675318753,-0.2933564740816621,14.455336809158325,330.0,31.0,-122.8820940327745,48.39538291972296,37.81678530841017
./csi-dataset/uva-communication-28G-csi/t16x16_r2x1_test_small/13807-run00239-48.mat,-105.20070184361762,169.0,28.0,-105.2157798488269,0.18161621782706483,12.932261943817139,169.0,28.0,-120.37148315510058,0.015078005209275602,0.0
./csi-dataset/uva-communication-28G-csi/t16x16_r2x1_test_small/13807-run00239-92.mat,-108.35624096741796,351.0,67.0,-108.38621790149902,-0.1341433816816,12.516804218292236,352.0,67.0,-123.99163452405583,0.029976934081062723,0.9205030696921439
./csi-dataset/uva-communication-28G-csi/t16x16_r2x1_test_small/13807-run00239-94.mat,-105.21925630522004,189.0,22.0,-105.26641976317455,0.1657585701348694,12.27950143814087,191.0,22.0,-118.90761033978335,0.047163457954511046,0.7491804872375849
./csi-dataset/uva-communication-28G-csi/t16x16_r2x1_test_small/13807-run00241-60.mat,-107.42802531019584,11.0,65.0,-107.85883530344906,-0.09316934813159072,15.017844676971436,10.0,64.0,-120.50456399817479,0.4308099932532201,1.3470789017465334
./csi-dataset/uva-communication-28G-csi/t16x16_r2x1_test_small/13807-run00298-45.mat,-107.91561189546088,218.0,55.0,-107.91159718539974,0.03785783503669349,10.621349811553955,219.0,56.0,-120.9483740801531,-0.004014710061142068,1.2958150987626595
./csi-dataset/uva-communication-28G-csi/t16x16_r2x1_test_small/13807-run00299-98.mat,-98.53810015846553,323.0,61.0,-143.27722458976314,-0.44169555213661904,12.932863473892212,264.0,69.0,-115.9124415065817,44.73912443129761,53.538453232207665
./csi-dataset/uva-communication-28G-csi/t16x16_r2x1_test_small/13807-run00351-33.mat,-105.55843755074548,355.0,66.0,-105.63873757130501,-0.26676831273210655,14.517675161361694,355.0,66.0,-117.74099971724353,0.08030002055953389,8.537736462515939e-07
./csi-dataset/uva-communication-28G-csi/t16x16_r2x1_test_small/13807-run00351-59.mat,-101.5495373614482,94.0,64.0,-127.30072913420861,-0.6128057711791994,14.170499801635742,93.0,42.0,-121.30722875404045,25.751191772760407,22.014005565812056
./csi-dataset/uva-communication-28G-csi/t16x16_r2x1_test_small/13807-run00409-19.mat,-92.45471054826754,355.0,65.0,-93.08538241553143,0.18870495673269738,13.304045677185059,354.0,65.0,-105.44634533298841,0.6306718672638851,0.9063057324409002
./csi-dataset/uva-communication-28G-csi/t16x16_r2x1_test_small/13807-run00409-22.mat,-97.26708035851794,158.0,44.0,-97.59188734305943,0.05887244643553846,15.608859539031982,158.0,43.0,-109.88893399855912,0.3248069845414818,1.0000000000002647
./csi-dataset/uva-communication-28G-csi/t16x16_r2x1_test_small/13807-run00410-60.mat,-104.18976766437387,206.0,52.0,-104.3162008212141,-0.4463642001323944,13.33427619934082,206.0,51.0,-119.60025467788903,0.12643315684022127,0.9999999999999002
./csi-dataset/uva-communication-28G-csi/t16x16_r2x1_test_small/13807-run00476-81.mat,-119.5567324337234,104.0,57.0,-119.65434072242233,-0.13478671606136983,9.164824962615967,104.0,57.0,-132.20637662770278,0.09760828869893601,0.0
./csi-dataset/uva-communication-28G-csi/t16x16_r2x1_test_small/13807-run00476-87.mat,-151.63129430643914,70.0,37.0,-159.99820268502393,0.3374114701209513,8.52814769744873,310.0,67.0,-159.503818192612,8.366908378584782,87.99051560836854
./csi-dataset/uva-communication-28G-csi/t16x16_r2x1_test_small/13807-run00515-2.mat,-104.7368674563306,206.0,61.0,-104.73779917364547,0.050256368793073825,9.453979015350342,206.0,62.0,-119.2286940253887,0.0009317173148701841,1.0000000000002647
./csi-dataset/uva-communication-28G-csi/t16x16_r2x1_test_small/13807-run00569-44.mat,-115.30176841480784,176.0,60.0,-115.96592052134801,-0.004150930244315676,13.64546012878418,175.0,62.0,-130.25289192268386,0.6641521065401719,2.1828435096326433
./csi-dataset/uva-communication-28G-csi/t16x16_r2x1_test_small/13807-run00569-91.mat,-105.40166147566369,324.0,62.0,-106.78601908258213,-0.2572131839072589,12.574106216430664,323.0,61.0,-120.65933250609797,1.3843576069184422,1.331269360021279
./csi-dataset/uva-communication-28G-csi/t16x16_r2x1_test_small/13807-run00633-15.mat,-144.91431394122918,257.0,65.0,-144.90014834456707,0.04727296420177085,9.797101736068726,257.0,66.0,-156.1218580792453,-0.014165596662110147,1.0000000000002647
./csi-dataset/uva-communication-28G-csi/t16x16_r2x1_test_small/13807-run00633-34.mat,-121.80458297519786,327.0,61.0,-159.34353816671114,0.15947946356020526,14.480395793914795,35.0,19.0,-141.70921736503269,37.53895519151328,55.593187827301875
./csi-dataset/uva-communication-28G-csi/t16x16_r2x1_test_small/13807-run00633-53.mat,-134.27800878395294,95.0,14.0,-134.47834579947286,0.23245144279479557,8.365410566329956,99.0,14.0,-147.6401099782887,0.20033701551992067,0.9675025727591566
./csi-dataset/uva-communication-28G-csi/t16x16_r2x1_test_small/13807-run00633-64.mat,-146.98171759525005,4.0,63.0,-147.2248676287649,0.2761370450823516,10.900125503540039,5.0,63.0,-157.61556431045668,0.24315003351486553,0.8910041932652336
./csi-dataset/uva-communication-28G-csi/t16x16_r2x1_test_small/13807-run00634-79.mat,-103.64248855816132,177.0,42.0,-103.87356047848748,-0.3494285985236132,13.467771291732788,176.0,43.0,-116.92430426061412,0.23107192032615842,1.2067985945048632
./csi-dataset/uva-communication-28G-csi/t16x16_r2x1_test_small/13807-run00671-38.mat,-104.92430572040138,229.0,71.0,-105.35642917358854,-0.015545228857499538,12.916399955749512,229.0,69.0,-119.46837766508652,0.4321234531871596,1.9999999999999472
./csi-dataset/uva-communication-28G-csi/t16x16_r2x1_test_small/13807-run00671-57.mat,-103.80250853369446,30.0,46.0,-158.3551970597375,0.13722728076838198,10.392226934432983,236.0,43.0,-123.62732636596446,54.55268852604303,86.15239642362401
./csi-dataset/uva-communication-28G-csi/t16x16_r2x1_test_small/13807-run00672-35.mat,-102.95799478614738,31.0,47.0,-136.78907649779558,0.011869446401517547,12.534323692321777,340.0,34.0,-120.34026934983811,33.831081711648196,34.63654221406817
./csi-dataset/uva-communication-28G-csi/t16x16_r2x1_test_small/13807-run00711-20.mat,-111.49818709616238,205.0,68.0,-156.3568149768599,0.24853226487344016,13.829933881759644,7.0,30.0,-130.52229380816178,44.858627880697526,96.68918674610502
./csi-dataset/uva-communication-28G-csi/t16x16_r2x1_test_small/13807-run00714-15.mat,-104.82242513542822,120.0,14.0,-105.0140418017381,-0.5253597571784321,14.266168594360352,117.0,14.0,-119.19645495247045,0.1916166663098835,0.7256876348726362
./csi-dataset/uva-communication-28G-csi/t16x16_r2x1_test_small/13807-run00714-21.mat,-108.2449666323074,276.0,53.0,-108.35893998162774,-0.026152533344858453,12.863668203353882,276.0,52.0,-123.22140002273544,0.11397334932034653,0.9999999999991713
./csi-dataset/uva-communication-28G-csi/t16x16_r2x1_test_small/13807-run00714-67.mat,-99.8768398770236,318.0,58.0,-100.52918290964305,0.07528882314588303,13.18636178970337,317.0,58.0,-114.06926898752722,0.6523430326194557,0.8480450734750878
./csi-dataset/uva-communication-28G-csi/t16x16_r2x1_test_small/13807-run00757-42.mat,-105.66085695373091,179.0,68.0,-105.81838230938641,0.04175323387662966,14.115901470184326,179.0,69.0,-120.4218988479445,0.15752535565549408,0.9999999999995357
./csi-dataset/uva-communication-28G-csi/t16x16_r2x1_test_small/13807-run00757-49.mat,-152.69191207240175,204.0,46.0,-152.84594506177132,0.18398334578624298,0.392805814743042,203.0,46.0,-159.7110015104558,0.15403298936956844,0.7193353945255158
./csi-dataset/uva-communication-28G-csi/t16x16_r2x1_test_small/13807-run00758-16.mat,-106.5894679859083,270.0,35.0,-150.31235826302498,-0.14096949178839835,12.599931716918945,180.0,42.0,-125.38297928864725,43.722890277116676,52.50092628592666
./csi-dataset/uva-communication-28G-csi/t16x16_r2x1_test_small/13807-run00758-71.mat,-106.68003878230832,108.0,40.0,-109.37746452364165,-0.15466900060422217,13.950254201889038,111.0,37.0,-122.74944156252036,2.6974257413333333,3.5330803445635772
./csi-dataset/uva-communication-28G-csi/t16x16_r2x1_test_small/13807-run00809-29.mat,-107.78262101751316,185.0,72.0,-107.98050903245489,-0.45388644534175127,13.660264253616333,185.0,74.0,-123.9675714624756,0.19788801494172503,1.9999999999999472
./csi-dataset/uva-communication-28G-csi/t16x16_r2x1_test_small/13807-run00809-8.mat,-99.69397646151026,321.0,59.0,-151.55726666899048,-0.19488324677640234,13.411613702774048,85.0,65.0,-118.27091826870631,51.86329020748022,102.51813693354387
./csi-dataset/uva-communication-28G-csi/t16x16_r2x1_test_small/13807-run00812-10.mat,-132.01919316773913,252.0,37.0,-132.07282764006206,0.092405361511395,9.93699836730957,252.0,38.0,-144.91684155242956,0.053634472322926285,1.0000000000002647
./csi-dataset/uva-communication-28G-csi/t16x16_r2x1_test_small/13807-run00812-60.mat,-126.77695460016808,334.0,68.0,-126.85362079438165,0.16186147831302855,13.526026010513306,334.0,70.0,-142.08374255578948,0.07666619421357268,2.0000000000001297
./csi-dataset/uva-communication-28G-csi/t16x16_r2x1_test_small/13807-run00812-98.mat,-140.7972868964055,61.0,28.0,-140.96675763291,0.0145654697567289,11.385205268859863,61.0,27.0,-151.93277305298676,0.1694707365045076,0.9999999999999002
./csi-dataset/uva-communication-28G-csi/t16x16_r2x1_test_small/13807-run00863-57.mat,-106.11022136860512,65.0,46.0,-106.23464779249201,0.4208439753157849,11.503890991210938,66.0,47.0,-120.13952913805538,0.12442642388688796,1.2353591410184304
./csi-dataset/uva-communication-28G-csi/t16x16_r2x1_test_small/13807-run00911-61.mat,-110.09821068254097,176.0,69.0,-157.970093662688,0.003118993657930891,12.326779127120972,207.0,24.0,-135.91472912203787,47.87188298014702,49.241649708469616
./csi-dataset/uva-communication-28G-csi/t16x16_r2x1_test_small/13807-run00913-29.mat,-101.56351644855496,280.0,43.0,-102.07731102288015,-0.07045581522003275,13.003903865814209,282.0,42.0,-116.40504610737108,0.513794574325189,1.6808854257346106
./csi-dataset/uva-communication-28G-csi/t16x16_r2x1_test_small/13807-run00913-52.mat,-125.1526924059372,75.0,71.0,-125.89614694629263,0.24824343669394433,8.928214311599731,11.0,79.0,-138.8856990539457,0.7434545403554296,62.03098000809883
./csi-dataset/uva-communication-28G-csi/t16x16_r2x1_test_small/13896-run00008-31.mat,-109.20249293510494,218.0,29.0,-109.26848466919859,-0.0040117661010854455,14.818077564239502,219.0,30.0,-124.49847643646757,0.06599173409364312,1.1146355706854914
./csi-dataset/uva-communication-28G-csi/t16x16_r2x1_test_small/13896-run00008-43.mat,-99.3450032994892,5.0,52.0,-158.495171355689,0.0868008645929167,12.205608129501343,244.0,48.0,-117.0008456187818,59.15016805619979,83.66459508577796
./csi-dataset/uva-communication-28G-csi/t16x16_r2x1_test_small/13896-run00008-83.mat,-106.82914979167604,3.0,56.0,-149.44303511687875,-0.021236643694676482,13.55703067779541,292.0,73.0,-125.49288734288967,42.6138853252027,65.06393263986779
./csi-dataset/uva-communication-28G-csi/t16x16_r2x1_test_small/13896-run00009-56.mat,-100.56996956753564,232.0,49.0,-100.56191710255341,0.20355104769987564,12.998828887939453,233.0,49.0,-114.07984277793273,-0.008052464982228003,0.7547054571971609
./csi-dataset/uva-communication-28G-csi/t16x16_r2x1_test_small/13896-run00009-69.mat,-100.915083285647,265.0,7.0,-101.02275578081999,-0.3369987518719286,13.089475393295288,261.0,7.0,-113.59849697435314,0.10767249517299149,0.48737985300469383
./csi-dataset/uva-communication-28G-csi/t16x16_r2x1_test_small/13896-run00113-47.mat,-101.86376101930648,346.0,58.0,-102.10008823193023,-0.2689551133041508,13.452106475830078,346.0,58.0,-114.86197995590044,0.236327212623749,0.0
./csi-dataset/uva-communication-28G-csi/t16x16_r2x1_test_small/13896-run00114-47.mat,-105.82709015725452,299.0,40.0,-129.86002229894734,0.014248317440792135,15.062210321426392,333.0,17.0,-125.11399871573529,24.032932141692825,27.330196605207956
./csi-dataset/uva-communication-28G-csi/t16x16_r2x1_test_small/13896-run00114-50.mat,-92.93261924982522,291.0,44.0,-94.76906429187564,0.022079911172071975,12.603861331939697,288.0,45.0,-109.10652166864111,1.8364450420504141,2.328194435508287
./csi-dataset/uva-communication-28G-csi/t16x16_r2x1_test_small/13896-run00167-13.mat,-99.3202002067192,248.0,67.0,-99.6179703619868,-0.344801329856695,13.7376549243927,248.0,66.0,-111.94994532134542,0.29777015526759953,0.9999999999999002
./csi-dataset/uva-communication-28G-csi/t16x16_r2x1_test_small/13896-run00167-41.mat,-121.11497168607832,310.0,47.0,-121.6016823738294,0.07278643741750412,12.62730860710144,309.0,48.0,-134.24085620185255,0.48671068775108495,1.242386017010032
./csi-dataset/uva-communication-28G-csi/t16x16_r2x1_test_small/13896-run00167-48.mat,-107.59953814889283,223.0,62.0,-107.68943578610121,-0.20746893622043205,15.224820137023926,223.0,63.0,-119.73360303974219,0.08989763720838084,1.0000000000002647
./csi-dataset/uva-communication-28G-csi/t16x16_r2x1_test_small/13896-run00167-90.mat,-102.20527524646008,49.0,41.0,-102.45161984492321,0.1565372765920321,13.305383443832397,48.0,42.0,-117.81719239662218,0.24634459846313916,1.1995854334876037
./csi-dataset/uva-communication-28G-csi/t16x16_r2x1_test_small/13896-run00168-94.mat,-102.60208983263595,192.0,68.0,-102.7470914376205,-1.5424742928311104,13.560501098632812,192.0,68.0,-116.23314097616812,0.14500160498454306,0.0
./csi-dataset/uva-communication-28G-csi/t16x16_r2x1_test_small/13896-run00228-14.mat,-115.5359350538272,144.0,72.0,-116.074042943804,0.07093845428717405,12.742848873138428,144.0,69.0,-127.33692758611039,0.5381078899767999,2.9999999999999227
./csi-dataset/uva-communication-28G-csi/t16x16_r2x1_test_small/13896-run00228-99.mat,-138.66987592800288,209.0,52.0,-139.16320258782594,0.2370660743211458,9.208442687988281,208.0,51.0,-152.43122238806887,0.49332665982305457,1.2698127585966896
./csi-dataset/uva-communication-28G-csi/t16x16_r2x1_test_small/13896-run00273-55.mat,-110.44860547797332,346.0,74.0,-110.83572611527275,-0.06731178826523054,13.501182317733765,346.0,72.0,-123.79825104651016,0.38712063729943225,1.9999999999999472
./csi-dataset/uva-communication-28G-csi/t16x16_r2x1_test_small/13896-run00273-68.mat,-100.42880205246225,163.0,21.0,-137.0384436274026,-0.2001169088174608,14.217247486114502,197.0,51.0,-116.78214644111276,36.60964157494034,35.073891655883926
./csi-dataset/uva-communication-28G-csi/t16x16_r2x1_test_small/13896-run00273-70.mat,-103.43094146115618,14.0,19.0,-139.76331940344585,-0.1261571259473353,12.19630765914917,160.0,30.0,-121.1293937608586,36.33237794228967,46.85170496979153
./csi-dataset/uva-communication-28G-csi/t16x16_r2x1_test_small/13896-run00338-34.mat,-100.5301554628025,222.0,68.0,-102.35362139886496,-0.11643444799778924,13.301541328430176,221.0,76.0,-117.71382660234858,1.8234659360624619,8.056213139825397
./csi-dataset/uva-communication-28G-csi/t16x16_r2x1_test_small/13896-run00338-8.mat,-104.79329847160724,289.0,51.0,-105.0961231148363,-0.054910131800637085,13.21060824394226,289.0,53.0,-119.6038575978516,0.30282464322905867,1.999999999999765
./csi-dataset/uva-communication-28G-csi/t16x16_r2x1_test_small/13896-run00338-80.mat,-152.7227206761295,202.0,67.0,-154.83522322432574,0.33547404104000766,8.245224714279175,170.0,45.0,-159.9179605885398,2.1125025481962325,34.07763775042433
./csi-dataset/uva-communication-28G-csi/t16x16_r2x1_test_small/13896-run00419-52.mat,-99.67130222108864,105.0,20.0,-105.43370804595241,-0.19731267963950883,14.70279049873352,115.0,16.0,-113.1085357206756,5.762405824863777,5.041164421265766
./csi-dataset/uva-communication-28G-csi/t16x16_r2x1_test_small/13896-run00419-58.mat,-108.5367512602682,42.0,48.0,-108.5650067632292,0.29203302040879375,14.221328020095825,43.0,48.0,-122.78393484317934,0.02825550296100232,0.7431406022412252
./csi-dataset/uva-communication-28G-csi/t16x16_r2x1_test_small/13896-run00419-81.mat,-113.30514152436668,136.0,67.0,-156.5779525040571,0.046128118090793424,12.493478059768677,266.0,49.0,-129.67138366839498,43.27281097969042,100.96508407232483
./csi-dataset/uva-communication-28G-csi/t16x16_r2x1_test_small/13896-run00419-82.mat,-102.2480491342396,146.0,45.0,-102.31609282311949,-0.15337218994889823,13.560008525848389,146.0,46.0,-116.6384232074181,0.06804368887989654,1.0000000000006293
./csi-dataset/uva-communication-28G-csi/t16x16_r2x1_test_small/13896-run00465-5.mat,-141.07766315885095,169.0,68.0,-143.0837918112126,0.15804986950719158,9.16301155090332,167.0,65.0,-155.40546437893346,2.006128652361639,3.516068511764235
./csi-dataset/uva-communication-28G-csi/t16x16_r2x1_test_small/13896-run00465-82.mat,-100.90948827806172,149.0,40.0,-101.14918991194558,0.18012452736919837,12.078997611999512,149.0,39.0,-115.35202030607444,0.23970163388386823,0.9999999999999002
./csi-dataset/uva-communication-28G-csi/t16x16_r2x1_test_small/13896-run00473-21.mat,-103.6462454798658,177.0,62.0,-103.65577535691513,-0.16520510474995542,13.246802806854248,177.0,62.0,-116.70741966061112,0.009529877049331503,0.0
./csi-dataset/uva-communication-28G-csi/t16x16_r2x1_test_small/1608-run00040-32.mat,-99.5128170349482,314.0,39.0,-99.66563986968458,0.17184677998015496,11.021782159805298,314.0,39.0,-111.36721651805746,0.15282283473638358,0.0
./csi-dataset/uva-communication-28G-csi/t16x16_r2x1_test_small/1608-run00041-16.mat,-122.97917755853489,134.0,39.0,-123.70162336697697,0.06778869213612015,13.893247365951538,136.0,38.0,-137.20700549744777,0.7224458084420888,1.596801668977735
./csi-dataset/uva-communication-28G-csi/t16x16_r2x1_test_small/1608-run00079-77.mat,-101.24290267756614,285.0,34.0,-101.29158341450479,0.09037691420724614,13.230928421020508,286.0,35.0,-115.39134618383956,0.048680736938649716,1.1492391511876439
./csi-dataset/uva-communication-28G-csi/t16x16_r2x1_test_small/1608-run00085-63.mat,-106.34813535761332,113.0,24.0,-106.46036071344926,0.29012038376232674,15.912077188491821,112.0,24.0,-120.42892958685327,0.11222535583594606,0.4067323346576899
./csi-dataset/uva-communication-28G-csi/t16x16_r2x1_test_small/1608-run00144-24.mat,-106.06808159728774,191.0,35.0,-149.045040877703,0.023008912887590882,11.959134101867676,343.0,11.0,-127.3142566185928,42.97695928041526,44.97064238648702
./csi-dataset/uva-communication-28G-csi/t16x16_r2x1_test_small/1608-run00144-36.mat,-158.7367554674879,346.0,88.0,-158.8751124396517,0.29983145670116973,0.4131772518157959,345.0,84.0,-159.95772801327948,0.13835697216379117,4.122465738464457
./csi-dataset/uva-communication-28G-csi/t16x16_r2x1_test_small/1608-run00144-9.mat,-105.51679563877356,176.0,58.0,-105.5302191922435,-0.15319606053955903,10.360173463821411,177.0,59.0,-118.39784126557802,0.01342355346993429,1.3141350637034173
./csi-dataset/uva-communication-28G-csi/t16x16_r2x1_test_small/1608-run00186-65.mat,-105.08732793983889,69.0,28.0,-105.27058648134349,-0.020129650996541404,12.402164220809937,69.0,27.0,-117.69969121173446,0.18325854150459975,0.9999999999995357
./csi-dataset/uva-communication-28G-csi/t16x16_r2x1_test_small/1608-run00238-21.mat,-96.02989817137876,38.0,58.0,-98.6413884590931,-0.116283091588544,12.892863512039185,41.0,55.0,-112.5593938681874,2.6114902877143322,3.9057067106709815
./csi-dataset/uva-communication-28G-csi/t16x16_r2x1_test_small/1608-run00238-43.mat,-100.58818990949696,131.0,53.0,-100.71352931764531,0.14900426665381417,14.637893676757812,132.0,53.0,-115.09241416259208,0.1253394081483492,0.7986318386952783
./csi-dataset/uva-communication-28G-csi/t16x16_r2x1_test_small/1608-run00240-21.mat,-96.50358754326972,253.0,70.0,-97.48975049565472,0.13315583003131082,12.230547428131104,252.0,72.0,-112.4710873484127,0.9861629523850013,2.212211540744583
./csi-dataset/uva-communication-28G-csi/t16x16_r2x1_test_small/1608-run00293-50.mat,-101.98730591172624,261.0,74.0,-102.46125981981515,0.19346635309517057,14.302573204040527,261.0,72.0,-116.0219792004181,0.4739539080889159,2.0000000000001297
./csi-dataset/uva-communication-28G-csi/t16x16_r2x1_test_small/1608-run00360-61.mat,-102.46524561323744,0.0,73.0,-102.90980504763282,-0.2062945753792298,12.757822751998901,0.0,70.0,-115.65851052458652,0.44455943439537293,3.0000000000000444
./csi-dataset/uva-communication-28G-csi/t16x16_r2x1_test_small/1608-run00360-88.mat,-109.61212141920232,271.0,35.0,-109.60492274959898,-0.2434605449851721,13.478247165679932,272.0,35.0,-124.14683231040812,-0.007198669603340591,0.5735715513236346
./csi-dataset/uva-communication-28G-csi/t16x16_r2x1_test_small/1608-run00369-62.mat,-105.15656482331876,161.0,24.0,-105.16275789598927,-0.0802582918858441,13.077725648880005,161.0,24.0,-118.69322820172442,0.006193072670512834,8.537736462515939e-07
./csi-dataset/uva-communication-28G-csi/t16x16_r2x1_test_small/1608-run00416-23.mat,-104.36255824979168,204.0,50.0,-141.87676821464098,0.007255082008747138,13.124603748321533,353.0,73.0,-125.22614770808369,37.5142099648493,116.10412402573705
./csi-dataset/uva-communication-28G-csi/t16x16_r2x1_test_small/1608-run00416-89.mat,-109.59294703206972,340.0,48.0,-112.30211754216812,0.1318105999775646,13.029472589492798,338.0,45.0,-125.33548131739373,2.709170510098403,3.332085002224545
./csi-dataset/uva-communication-28G-csi/t16x16_r2x1_test_small/1608-run00416-96.mat,-101.7995648345882,24.0,16.0,-102.08087484547593,-0.14885609726317606,11.881420135498047,23.0,15.0,-116.95374599065781,0.28131001088773644,1.0350565865888441
./csi-dataset/uva-communication-28G-csi/t16x16_r2x1_test_small/1608-run00420-12.mat,-120.99543972824848,340.0,43.0,-121.17613443428351,-0.08273625515196836,13.507369995117188,340.0,43.0,-135.27699382469342,0.1806947060350268,8.537736462515939e-07
./csi-dataset/uva-communication-28G-csi/t16x16_r2x1_test_small/1608-run00459-81.mat,-101.18803107393347,250.0,38.0,-101.16855270293529,0.011338352609174152,13.518830299377441,250.0,38.0,-115.85118097682881,-0.01947837099818628,0.0
./csi-dataset/uva-communication-28G-csi/t16x16_r2x1_test_small/1608-run00463-42.mat,-108.1464641322188,172.0,67.0,-108.18972141001066,-0.06991172488022346,13.898977279663086,172.0,67.0,-120.4823710955176,0.0432572777918665,0.0
./csi-dataset/uva-communication-28G-csi/t16x16_r2x1_test_small/1608-run00502-78.mat,-102.83377518340608,6.0,53.0,-102.88877618518596,-0.03652119610896465,14.026648759841919,6.0,53.0,-116.30180539418592,0.05500100177988543,0.0
./csi-dataset/uva-communication-28G-csi/t16x16_r2x1_test_small/1608-run00507-37.mat,-104.70997820533012,334.0,54.0,-144.02737658168724,-0.4797904146388774,12.0557382106781,346.0,26.0,-122.22121706102953,39.31739837635712,28.931624417182235
./csi-dataset/uva-communication-28G-csi/t16x16_r2x1_test_small/1608-run00507-87.mat,-101.26953823909302,306.0,69.0,-103.47013188776607,0.2927043699196571,12.870341300964355,304.0,67.0,-116.54796588664637,2.200593648673049,2.7272899390201095
./csi-dataset/uva-communication-28G-csi/t16x16_r2x1_test_small/1608-run00556-94.mat,-114.79583174561964,347.0,57.0,-115.26999439008551,-0.7831473921916443,12.353795528411865,347.0,56.0,-127.80104830664159,0.47416264446587775,0.9999999999999002
./csi-dataset/uva-communication-28G-csi/t16x16_r2x1_test_small/1608-run00610-22.mat,-101.44369802496972,177.0,19.0,-101.45713679133706,0.11271082935543086,10.722909450531006,179.0,19.0,-115.98607922666378,0.013438766367343646,0.6511067549853455
./csi-dataset/uva-communication-28G-csi/t16x16_r2x1_test_small/1608-run00610-45.mat,-105.13398674559171,185.0,72.0,-105.97343409763926,0.07166908658653637,13.88796067237854,186.0,68.0,-120.59952560887243,0.839447352047543,4.108834181356587
./csi-dataset/uva-communication-28G-csi/t16x16_r2x1_test_small/1608-run00612-35.mat,-111.21719865277772,177.0,71.0,-112.15900693433713,0.19169154406713274,14.38503623008728,176.0,71.0,-124.7323800219069,0.9418082815594033,0.9455173035351134
./csi-dataset/uva-communication-28G-csi/t16x16_r2x1_test_small/1608-run00668-31.mat,-118.81127771441952,222.0,65.0,-137.0029237938068,-0.008137530077828137,12.261371374130249,205.0,45.0,-135.18407347941923,18.19164607938727,24.26001407696781
./csi-dataset/uva-communication-28G-csi/t16x16_r2x1_test_small/1608-run00669-8.mat,-114.0290238105752,155.0,64.0,-114.22275377385843,0.09509543055716752,13.03563141822815,155.0,67.0,-126.1898450591722,0.1937299632832321,2.9999999999999227
./csi-dataset/uva-communication-28G-csi/t16x16_r2x1_test_small/2200-run00012-3.mat,-106.73067892409588,347.0,57.0,-107.27995211387116,0.14359122574940542,13.872478723526001,346.0,57.0,-121.4310076219676,0.5492731897752776,0.8386674103151271
./csi-dataset/uva-communication-28G-csi/t16x16_r2x1_test_small/2200-run00012-82.mat,-102.88315218236876,335.0,11.0,-147.7650404749251,0.08416871248721114,12.101826429367065,62.0,89.0,-121.00158280549115,44.881888292556326,88.44615386761484
./csi-dataset/uva-communication-28G-csi/t16x16_r2x1_test_small/2200-run00056-1.mat,-119.60233614081191,320.0,54.0,-119.79901590621358,-0.42092512533098425,14.56597375869751,321.0,53.0,-134.71495008895144,0.19667976540166876,1.283018589070848
./csi-dataset/uva-communication-28G-csi/t16x16_r2x1_test_small/2200-run00056-61.mat,-104.13711928765628,184.0,69.0,-150.99064932606555,-0.10001264475069749,14.056285381317139,10.0,72.0,-123.97655548131874,46.853530038409275,140.5592568066485
./csi-dataset/uva-communication-28G-csi/t16x16_r2x1_test_small/2200-run00056-87.mat,-103.44274282350128,190.0,39.0,-103.57152206294579,0.2221540910538734,12.855220079421997,190.0,39.0,-117.8487964605189,0.12877923944451197,0.0
./csi-dataset/uva-communication-28G-csi/t16x16_r2x1_test_small/2200-run00106-33.mat,-124.09552542874904,314.0,46.0,-124.08287578222527,0.31998120608697544,9.51913571357727,315.0,47.0,-137.23048255746195,-0.01264964652376932,1.2353591410187252
./csi-dataset/uva-communication-28G-csi/t16x16_r2x1_test_small/2200-run00106-58.mat,-134.43390166033106,333.0,43.0,-134.8782144557717,-0.2604273745779142,9.24643063545227,334.0,42.0,-148.74607376730208,0.44431279544065205,1.2067985945048632
./csi-dataset/uva-communication-28G-csi/t16x16_r2x1_test_small/2200-run00106-68.mat,-97.30626206241098,342.0,68.0,-97.87202095047172,0.0820641773158377,13.424028396606445,343.0,65.0,-113.913276964118,0.565758888060742,3.136988147124189
./csi-dataset/uva-communication-28G-csi/t16x16_r2x1_test_small/2200-run00106-91.mat,-116.34055218794906,275.0,43.0,-149.35405404533694,-0.18858559649436857,11.681034564971924,312.0,56.0,-132.13452254230702,33.01350185738788,30.62519207712585
./csi-dataset/uva-communication-28G-csi/t16x16_r2x1_test_small/2200-run00109-45.mat,-101.17919443713112,175.0,46.0,-151.57926751181998,-0.3809622849916128,13.512436151504517,67.0,51.0,-118.32789155945599,50.40007307468886,74.66796653656539
./csi-dataset/uva-communication-28G-csi/t16x16_r2x1_test_small/2200-run00109-74.mat,-107.99728754017778,308.0,56.0,-108.81035003643228,0.15634811158600226,12.95219898223877,307.0,55.0,-122.53660489038595,0.8130624962545028,1.2958150987626595
./csi-dataset/uva-communication-28G-csi/t16x16_r2x1_test_small/2200-run00109-84.mat,-98.83532074319946,123.0,60.0,-98.99714493508414,-0.49058367294293115,13.692577600479126,123.0,59.0,-111.32473582089901,0.16182419188467634,1.0000000000002647
./csi-dataset/uva-communication-28G-csi/t16x16_r2x1_test_small/2272-run00010-92.mat,-106.65037107166155,206.0,1.0,-107.19149394388958,0.030926850399040084,11.402851104736328,161.0,2.0,-122.1393997524754,0.5411228722280299,1.4735568532239085
./csi-dataset/uva-communication-28G-csi/t16x16_r2x1_test_small/2272-run00014-38.mat,-97.182142528956,356.0,39.0,-140.55909305876193,-0.1464467709568995,11.998339176177979,13.0,64.0,-115.05491769553822,43.376950529805924,28.164936998739847
./csi-dataset/uva-communication-28G-csi/t16x16_r2x1_test_small/2272-run00059-9.mat,-102.85320338908048,180.0,25.0,-102.97236154812205,-0.10800772654461843,13.864887952804565,179.0,25.0,-116.36321541609081,0.11915815904157512,0.4226138557445499
./csi-dataset/uva-communication-28G-csi/t16x16_r2x1_test_small/2272-run00059-99.mat,-103.58973256868389,41.0,22.0,-103.62611122865619,-0.08367990477219012,12.921509981155396,40.0,22.0,-118.66024683831499,0.03637865997229994,0.3746025059784123
./csi-dataset/uva-communication-28G-csi/t16x16_r2x1_test_small/2272-run00061-16.mat,-101.51068693660731,191.0,30.0,-102.99294187910034,-0.10944153582468163,12.482693195343018,193.0,33.0,-117.95679972693549,1.4822549424930287,3.17642809559006
./csi-dataset/uva-communication-28G-csi/t16x16_r2x1_test_small/2272-run00113-41.mat,-106.30064000655838,323.0,33.0,-107.01116694061662,-0.17631746509966328,12.273991584777832,321.0,34.0,-120.02018307369006,0.7105269340582367,1.4893652867122804
./csi-dataset/uva-communication-28G-csi/t16x16_r2x1_test_small/2272-run00245-38.mat,-103.8886447547774,193.0,53.0,-103.86484627608976,-0.13847578084857037,16.337566137313843,193.0,53.0,-115.34136550709093,-0.02379847868763818,0.0
./csi-dataset/uva-communication-28G-csi/t16x16_r2x1_test_small/2272-run00245-76.mat,-110.57734317382275,160.0,70.0,-110.57576311992378,0.06907640587333563,12.120930910110474,161.0,69.0,-123.77329709393379,-0.00158005389897653,1.3701534390591796
./csi-dataset/uva-communication-28G-csi/t16x16_r2x1_test_small/2272-run00245-93.mat,-104.10490409417623,68.0,43.0,-147.98439449133764,-0.9938885126123931,13.415555477142334,147.0,61.0,-122.0183512696781,43.879490397161405,62.0706272353114
./csi-dataset/uva-communication-28G-csi/t16x16_r2x1_test_small/2272-run00304-44.mat,-113.14687484415715,294.0,60.0,-138.2984229201252,0.367144027014618,14.224406719207764,300.0,36.0,-130.9542953504629,25.15154807596805,24.38984007018137
./csi-dataset/uva-communication-28G-csi/t16x16_r2x1_test_small/2272-run00304-79.mat,-106.85387804976982,334.0,51.0,-107.75725312671676,-0.11220095763270965,12.14443850517273,337.0,53.0,-123.72940343327934,0.9033750769469435,3.0962166821053776
./csi-dataset/uva-communication-28G-csi/t16x16_r2x1_test_small/2272-run00304-83.mat,-95.25030717748618,189.0,71.0,-95.46175944019083,0.24850135696959152,14.065362453460693,189.0,70.0,-108.43909741114047,0.211452262704654,1.0000000000006293
./csi-dataset/uva-communication-28G-csi/t16x16_r2x1_test_small/2853-run00075-53.mat,-137.68980167340425,47.0,25.0,-137.9630111047928,0.10279805500603012,11.864589214324951,44.0,25.0,-149.93602099753934,0.27320943138855114,1.2677358211071186
./csi-dataset/uva-communication-28G-csi/t16x16_r2x1_test_small/2853-run00075-54.mat,-127.75951391479308,164.0,19.0,-127.8376470275706,0.23612651209509894,11.895559549331665,162.0,19.0,-139.50831459379611,0.07813311277752177,0.6511067549853455
./csi-dataset/uva-communication-28G-csi/t16x16_r2x1_test_small/2853-run00114-70.mat,-112.68007024366334,214.0,52.0,-159.257811137856,0.11476652490203076,9.74467396736145,91.0,41.0,-130.09192972902116,46.57774089419267,79.45094633542664
./csi-dataset/uva-communication-28G-csi/t16x16_r2x1_test_small/2853-run00115-38.mat,-127.45694551202992,80.0,11.0,-127.53400960756998,0.27377823051685835,9.297844171524048,77.0,11.0,-141.22866343799,0.07706409554006655,0.572363979064856
./csi-dataset/uva-communication-28G-csi/t16x16_r2x1_test_small/2853-run00115-42.mat,-134.0183599892692,76.0,44.0,-135.11305006617707,0.22943818793943715,9.315267562866211,79.0,45.0,-147.43259363017648,1.094690076907881,2.328194435508287
./csi-dataset/uva-communication-28G-csi/t16x16_r2x1_test_small/2853-run00115-60.mat,-100.36226225212766,335.0,61.0,-102.04836300833384,-0.2086743249867582,13.002418279647827,333.0,62.0,-117.40253943125859,1.686100756206173,2.022142147091487
./csi-dataset/uva-communication-28G-csi/t16x16_r2x1_test_small/2853-run00115-75.mat,-125.8606126647312,164.0,61.0,-126.10881190611374,0.2021565158881714,11.732470035552979,164.0,60.0,-138.42550922380067,0.24819924138253668,0.9999999999999002
./csi-dataset/uva-communication-28G-csi/t16x16_r2x1_test_small/2853-run00192-45.mat,-78.55659476165441,238.0,54.0,-79.38758431741843,-0.21008958043666315,12.656391382217407,237.0,52.0,-92.16561308753873,0.8309895557640203,2.153517520377579
./csi-dataset/uva-communication-28G-csi/t16x16_r2x1_test_small/2853-run00192-60.mat,-130.23427969561598,222.0,60.0,-130.47562838627852,-0.2890368010404416,14.042919397354126,222.0,59.0,-143.8066482392632,0.24134869066253373,0.9999999999999002
./csi-dataset/uva-communication-28G-csi/t16x16_r2x1_test_small/2853-run00192-80.mat,-98.79606894616416,173.0,61.0,-99.069102512738,-0.05437239023328022,11.803569316864014,172.0,60.0,-111.8936878880166,0.2730335665738437,1.325698562410945
./csi-dataset/uva-communication-28G-csi/t16x16_r2x1_test_small/2853-run00248-1.mat,-123.4848580836315,263.0,64.0,-159.756029333732,-0.20435446824555714,13.601088762283325,319.0,47.0,-141.23215217107682,36.271171250100494,48.198942685798336
./csi-dataset/uva-communication-28G-csi/t16x16_r2x1_test_small/2853-run00322-28.mat,-104.15499575668854,142.0,39.0,-104.86392440305956,-0.42157037268696884,14.176342248916626,140.0,40.0,-119.84285497769267,0.7089286463710209,1.6180425558318616
./csi-dataset/uva-communication-28G-csi/t16x16_r2x1_test_small/2853-run00373-68.mat,-103.83653924025847,303.0,50.0,-155.09678747472822,0.1032047578633899,12.002323865890503,190.0,35.0,-122.13469674094918,51.26024823446974,69.21517417865633
./csi-dataset/uva-communication-28G-csi/t16x16_r2x1_test_small/2853-run00373-7.mat,-131.9739555067218,339.0,58.0,-157.79909757871107,0.03921951637460552,14.458679676055908,199.0,46.0,-157.5919579993449,25.825142071989262,95.69315525493909
./csi-dataset/uva-communication-28G-csi/t16x16_r2x1_test_small/2853-run00412-12.mat,-113.02332726710812,189.0,46.0,-113.15215270887244,-0.4708508215984202,11.793372392654419,189.0,45.0,-126.07469594624388,0.1288254417643202,0.9999999999999002
./csi-dataset/uva-communication-28G-csi/t16x16_r2x1_test_small/2853-run00447-17.mat,-105.9222108080316,252.0,29.0,-150.88257422731252,-0.03972592129359809,12.303245544433594,85.0,82.0,-127.85628344171613,44.960363419280924,110.24671314766732
./csi-dataset/uva-communication-28G-csi/t16x16_r2x1_test_small/2853-run00450-75.mat,-96.91119532402328,142.0,30.0,-97.11558970822315,-0.4733294514272324,12.3730309009552,143.0,29.0,-111.50934974657856,0.20439438419987255,1.1146355706854914
./csi-dataset/uva-communication-28G-csi/t16x16_r2x1_test_small/2853-run00500-95.mat,-103.52410909929588,346.0,45.0,-104.24236353304687,0.1072928595582544,13.71947431564331,345.0,45.0,-119.03830893365344,0.7182544337509853,0.707102293687757
./csi-dataset/uva-communication-28G-csi/t16x16_r2x1_test_small/2853-run00502-51.mat,-121.69619571428164,0.0,15.0,-121.72080492958071,0.0743963463699926,13.910279273986816,1.0,15.0,-135.5197836257737,0.024609215299065568,0.25881598012840523
./csi-dataset/uva-communication-28G-csi/t16x16_r2x1_test_small/2853-run00502-53.mat,-95.52438247100343,331.0,40.0,-95.72670895898031,0.05415600200029891,14.627136468887329,331.0,40.0,-108.68199191570295,0.20232648797687602,8.537736462515939e-07
./csi-dataset/uva-communication-28G-csi/t16x16_r2x1_test_small/2853-run00502-76.mat,-107.13771811523635,313.0,46.0,-107.17433467988985,-0.2593465134533146,14.838075160980225,313.0,46.0,-122.24191717142224,0.036616564653499495,1.2074182697257333e-06
./csi-dataset/uva-communication-28G-csi/t16x16_r2x1_test_small/2853-run00539-41.mat,-108.180790995827,183.0,73.0,-108.29121232498083,-0.2941898149935134,14.235504150390625,183.0,74.0,-122.0636625023131,0.11042132915383718,0.9999999999999002
./csi-dataset/uva-communication-28G-csi/t16x16_r2x1_test_small/2853-run00540-16.mat,-104.552811548417,336.0,59.0,-104.77365082424184,-0.17473709476885557,12.631606101989746,336.0,58.0,-118.55322779427067,0.22083927582484364,0.9999999999999002
./csi-dataset/uva-communication-28G-csi/t16x16_r2x1_test_small/2853-run00540-59.mat,-98.87025641969856,336.0,74.0,-131.78038463872838,-1.2113662488948975,13.503621816635132,277.0,28.0,-116.4065611138594,32.910128219029815,61.58839857636811
./csi-dataset/uva-communication-28G-csi/t16x16_r2x1_test_small/2853-run00590-92.mat,-153.62888144420788,232.0,70.0,-154.45439855071075,0.32049811486364144,0.3526628017425537,231.0,75.0,-159.68187340424896,0.8255171065028719,5.090071154456837
./csi-dataset/uva-communication-28G-csi/t16x16_r2x1_test_small/2853-run00591-1.mat,-101.41240236292396,5.0,33.0,-101.53714082709104,0.11660165437217251,10.50712275505066,4.0,33.0,-113.41237478120804,0.12473846416708056,0.5446341727586
./csi-dataset/uva-communication-28G-csi/t16x16_r2x1_test_small/2853-run00591-19.mat,-138.40045173337867,32.0,57.0,-138.4019779782714,-0.35610699271724244,11.421950817108154,32.0,58.0,-149.80498167546193,0.0015262448927160222,0.9999999999999002
./csi-dataset/uva-communication-28G-csi/t16x16_r2x1_test_small/2853-run00591-44.mat,-129.43654177743178,199.0,72.0,-131.19864208068077,0.017039539326070163,13.625803709030151,199.0,66.0,-145.68981199617664,1.7621003032489853,6.000000000000086
./csi-dataset/uva-communication-28G-csi/t16x16_r2x1_test_small/2853-run00638-41.mat,-107.22359709501966,346.0,55.0,-107.50678034156695,-0.2748190903473462,13.16625452041626,346.0,55.0,-121.29780767163923,0.28318324654729565,0.0
./csi-dataset/uva-communication-28G-csi/t16x16_r2x1_test_small/2853-run00643-62.mat,-102.64205123249975,262.0,39.0,-103.52061861938867,0.11433978221279395,13.657816886901855,264.0,37.0,-119.98035215554928,0.8785673868889177,2.3484356466038587
./csi-dataset/uva-communication-28G-csi/t16x16_r2x1_test_small/3472-run00028-75.mat,-153.54279276492835,226.0,65.0,-153.78926100976093,0.21975154487574622,0.4797084331512451,226.0,64.0,-159.39755690097903,0.24646824483258456,0.9999999999995357
./csi-dataset/uva-communication-28G-csi/t16x16_r2x1_test_small/3472-run00029-6.mat,-130.85066528069189,13.0,53.0,-131.1473373318773,0.41890795879732345,11.79201626777649,12.0,54.0,-144.5035270958404,0.29667205118542483,1.283018589070848
./csi-dataset/uva-communication-28G-csi/t16x16_r2x1_test_small/3472-run00070-21.mat,-106.40762751640838,306.0,23.0,-107.17148361667233,-0.20652299563407328,9.78789734840393,304.0,22.0,-120.14663079831847,0.7638561002639506,1.2591508268892468
./csi-dataset/uva-communication-28G-csi/t16x16_r2x1_test_small/3472-run00121-4.mat,-101.50117987531262,20.0,41.0,-101.7673909515442,0.10558804747067152,11.772838592529297,21.0,40.0,-115.90768369840242,0.2662110762315848,1.1923597758459477
./csi-dataset/uva-communication-28G-csi/t16x16_r2x1_test_small/3472-run00121-92.mat,-102.1214351197856,197.0,73.0,-102.29303349434657,-0.07699055728355009,13.042578220367432,197.0,72.0,-115.33949503103372,0.17159837456097193,0.9999999999999002
./csi-dataset/uva-communication-28G-csi/t16x16_r2x1_test_small/3472-run00122-46.mat,-124.6915231107126,56.0,46.0,-126.58390324766222,-0.4270002670276054,9.458008050918579,61.0,42.0,-139.46993279508533,1.892380136949626,5.295198436797971
./csi-dataset/uva-communication-28G-csi/t16x16_r2x1_test_small/3472-run00217-32.mat,-106.97359550823558,256.0,20.0,-107.03372733141046,0.06126394956592818,13.281759023666382,256.0,21.0,-119.72919873987165,0.06013182317488486,0.9999999999999002
./csi-dataset/uva-communication-28G-csi/t16x16_r2x1_test_small/3472-run00217-56.mat,-101.58559798273564,68.0,7.0,-159.17329240639506,-0.08123407218877277,12.60363507270813,133.0,30.0,-120.89762196162636,57.58769442365943,27.70879185673332
./csi-dataset/uva-communication-28G-csi/t16x16_r2x1_test_small/3472-run00218-2.mat,-104.34322538197053,349.0,70.0,-104.64466736399328,0.4120840105257002,14.487522602081299,350.0,68.0,-120.97616155617742,0.30144198202275163,2.2071343286360317
./csi-dataset/uva-communication-28G-csi/t16x16_r2x1_test_small/3472-run00218-97.mat,-88.33136085713465,319.0,52.0,-89.46738707313222,0.21111956290420042,12.883784294128418,308.0,59.0,-100.9773428466265,1.1360262159975605,11.43908762142108
./csi-dataset/uva-communication-28G-csi/t16x16_r2x1_test_small/3472-run00261-96.mat,-112.39522923133224,33.0,59.0,-112.43526618758806,-0.014909539946192485,14.60002613067627,33.0,59.0,-125.94014497039052,0.04003695625581827,0.0
./csi-dataset/uva-communication-28G-csi/t16x16_r2x1_test_small/3472-run00307-22.mat,-104.05705714169504,140.0,33.0,-144.87239940618642,0.3428762878996199,13.211342811584473,244.0,31.0,-126.77919142978539,40.81534226449138,49.381486918696424
./csi-dataset/uva-communication-28G-csi/t16x16_r2x1_test_small/3472-run00309-1.mat,-127.27922403616373,127.0,37.0,-127.58581449913008,0.1439545181499179,11.775500297546387,126.0,37.0,-141.21118190109132,0.30659046296635495,0.6018101511504709
./csi-dataset/uva-communication-28G-csi/t16x16_r2x1_test_small/3472-run00358-23.mat,-87.49531270801242,242.0,73.0,-87.65631613203759,-0.5267329361224378,14.56218695640564,242.0,73.0,-102.55733540064807,0.16100342402516787,0.0
./csi-dataset/uva-communication-28G-csi/t16x16_r2x1_test_small/3472-run00403-38.mat,-100.06313702853475,204.0,72.0,-100.756895638034,-0.04234456848405044,12.755976915359497,203.0,70.0,-113.88547664518416,0.6937586094992412,2.212211540744418
./csi-dataset/uva-communication-28G-csi/t16x16_r2x1_test_small/3472-run00513-65.mat,-100.64749414415864,311.0,74.0,-100.90720237275177,-0.055490825283505796,14.007627248764038,311.0,73.0,-113.9680038132536,0.2597082285931265,0.9999999999995357
./csi-dataset/uva-communication-28G-csi/t16x16_r2x1_test_small/3472-run00513-85.mat,-135.09377629588306,278.0,56.0,-135.40390838450148,-0.016177233386449164,12.940258979797363,278.0,58.0,-151.55394069783057,0.3101320886184169,2.0000000000001297
./csi-dataset/uva-communication-28G-csi/t16x16_r2x1_test_small/3472-run00570-12.mat,-109.62246316592083,175.0,72.0,-109.72187057588675,0.18244595499406857,12.92292594909668,175.0,73.0,-123.68341986013482,0.09940740996592012,1.0000000000002647
./csi-dataset/uva-communication-28G-csi/t16x16_r2x1_test_small/3472-run00573-14.mat,-118.29267392796908,275.0,27.0,-118.76469578877911,0.05947662994540215,13.261589288711548,273.0,27.0,-133.1501531692316,0.47202186081003106,0.9079444022949978
./csi-dataset/uva-communication-28G-csi/t16x16_r2x1_test_small/4052-run00002-58.mat,-130.75891319928434,174.0,50.0,-131.10471272083217,-0.28332867647471005,12.960081577301025,174.0,49.0,-145.425038254812,0.345799521547832,0.9999999999999002
./csi-dataset/uva-communication-28G-csi/t16x16_r2x1_test_small/4052-run00002-7.mat,-120.56178452305768,157.0,59.0,-122.0713909059166,-0.2021395891521498,13.694170236587524,155.0,58.0,-136.2878446213841,1.5096063828589195,1.9768013041830959
./csi-dataset/uva-communication-28G-csi/t16x16_r2x1_test_small/4052-run00002-71.mat,-101.32557104044484,293.0,64.0,-101.48635289090902,-0.18044821259745025,14.276590824127197,293.0,65.0,-117.56515258556979,0.1607818504641756,1.0000000000002647
./csi-dataset/uva-communication-28G-csi/t16x16_r2x1_test_small/4052-run00003-20.mat,-100.46087385016264,331.0,72.0,-100.72526672041872,-1.1483038943677348,12.471692562103271,331.0,71.0,-114.4506063063154,0.2643928702560743,1.0000000000006293
./csi-dataset/uva-communication-28G-csi/t16x16_r2x1_test_small/4052-run00003-89.mat,-108.83910535327504,236.0,51.0,-108.8178749795921,0.20672498310075071,14.886760234832764,236.0,51.0,-121.97757304192542,-0.021230373682939785,0.0
./csi-dataset/uva-communication-28G-csi/t16x16_r2x1_test_small/4052-run00003-98.mat,-94.06345002778292,237.0,63.0,-94.27799226044581,0.2977072655541412,13.40529751777649,237.0,62.0,-106.99529826064054,0.21454223266289318,1.0000000000002647
./csi-dataset/uva-communication-28G-csi/t16x16_r2x1_test_small/4052-run00060-74.mat,-114.27149000335643,191.0,10.0,-114.80200816464036,-0.32328136604447666,13.755909442901611,187.0,9.0,-127.18238661535538,0.530518161283922,1.197699171815047
./csi-dataset/uva-communication-28G-csi/t16x16_r2x1_test_small/4052-run00106-41.mat,-115.11952021938724,220.0,19.0,-115.2399876241415,-0.09984170093310518,12.823506355285645,221.0,18.0,-128.4955137335317,0.12046740475426532,1.0490990913398948
./csi-dataset/uva-communication-28G-csi/t16x16_r2x1_test_small/4052-run00113-76.mat,-108.55841576480049,171.0,49.0,-108.6688635662732,-0.25009246794696516,11.671787977218628,172.0,49.0,-124.11143817685561,0.11044780147271638,0.7547054571971609
./csi-dataset/uva-communication-28G-csi/t16x16_r2x1_test_small/4052-run00160-93.mat,-104.2794486584981,153.0,40.0,-104.64078910558784,-0.7055750814460973,14.615846872329712,155.0,40.0,-120.58752939874155,0.361340447089745,1.2855369168937016
./csi-dataset/uva-communication-28G-csi/t16x16_r2x1_test_small/4052-run00162-37.mat,-114.1215449298778,148.0,35.0,-114.25649172994811,-0.196020111245774,14.76797080039978,147.0,35.0,-129.5825492125883,0.1349468000703098,0.5735715513236346
./csi-dataset/uva-communication-28G-csi/t16x16_r2x1_test_small/4052-run00253-1.mat,-108.14749834927927,5.0,7.0,-108.25950283366575,-0.028235881175920463,12.374882459640503,9.0,8.0,-123.92915040472262,0.1120044843864747,1.1275107045114265
./csi-dataset/uva-communication-28G-csi/t16x16_r2x1_test_small/4052-run00316-47.mat,-108.8206353038914,346.0,33.0,-108.8082089652016,-0.03439453729891406,14.326818227767944,346.0,33.0,-122.28249528816959,-0.01242633868979226,0.0
./csi-dataset/uva-communication-28G-csi/t16x16_r2x1_test_small/4052-run00316-51.mat,-109.44729450145029,309.0,62.0,-109.93634286853143,0.15093537932701806,12.255666017532349,309.0,60.0,-123.31443558061639,0.4890483670811392,2.0000000000001297
./csi-dataset/uva-communication-28G-csi/t16x16_r2x1_test_small/4052-run00320-37.mat,-101.60666859047754,112.0,8.0,-144.88335944887217,-0.36825161510381177,13.000812530517578,247.0,34.0,-121.93482110496477,43.27669085839463,40.00938666252135
./csi-dataset/uva-communication-28G-csi/t16x16_r2x1_test_small/4052-run00320-41.mat,-98.98896194493952,347.0,44.0,-99.5289526236817,-0.37113335517223045,10.63828158378601,347.0,43.0,-112.86802463347998,0.5399906787421855,0.9999999999999002
./csi-dataset/uva-communication-28G-csi/t16x16_r2x1_test_small/4052-run00320-50.mat,-106.33711515965864,188.0,67.0,-159.88770927274226,-0.18608190033095684,12.829759359359741,93.0,53.0,-125.06454626169429,53.55059411308362,80.14964292659242
./csi-dataset/uva-communication-28G-csi/t16x16_r2x1_test_small/4052-run00320-81.mat,-101.3333270464812,351.0,6.0,-101.42455480102643,0.04339236633757382,12.897512674331665,347.0,6.0,-114.14260897151132,0.0912277545452298,0.4180298755843627
./csi-dataset/uva-communication-28G-csi/t16x16_r2x1_test_small/4052-run00369-30.mat,-128.24373490745327,215.0,34.0,-128.88515666900238,0.04563699511927133,13.260374307632446,214.0,33.0,-144.35062325681204,0.6414217615491111,1.142177030716677
./csi-dataset/uva-communication-28G-csi/t16x16_r2x1_test_small/4052-run00369-50.mat,-104.46875679662554,44.0,34.0,-105.81449129118468,0.17297053801160456,13.800752401351929,48.0,34.0,-121.62981720367533,1.3457344945591387,2.236459378912736
./csi-dataset/uva-communication-28G-csi/t16x16_r2x1_test_small/4052-run00373-56.mat,-107.95999386306433,56.0,61.0,-108.1433237365307,0.015429719139247067,14.685471057891846,56.0,60.0,-121.48057492593801,0.18332987346637708,0.9999999999999002
./csi-dataset/uva-communication-28G-csi/t16x16_r2x1_test_small/4052-run00428-78.mat,-109.30085179240076,75.0,52.0,-109.3303643936697,0.06375972899662286,12.302564859390259,75.0,52.0,-121.69744938991505,0.029512601268933736,0.0
./csi-dataset/uva-communication-28G-csi/t16x16_r2x1_test_small/4052-run00429-14.mat,-108.28653673893106,285.0,23.0,-108.42613993655564,0.10633524830355301,12.382305145263672,285.0,24.0,-122.13282185551962,0.13960319762458084,0.9999999999999002
./csi-dataset/uva-communication-28G-csi/t16x16_r2x1_test_small/4052-run00488-77.mat,-119.551038666871,178.0,69.0,-120.15082549937021,-0.14755657135922773,11.830424308776855,177.0,69.0,-133.80274586871474,0.5997868324992197,0.9335789046713221
./csi-dataset/uva-communication-28G-csi/t16x16_r2x1_test_small/4052-run00542-43.mat,-102.20707397827448,211.0,73.0,-148.33275599764454,-0.3833283212141485,13.456611156463623,109.0,60.0,-119.00365217165637,46.12568201937006,91.49004887603633
./csi-dataset/uva-communication-28G-csi/t16x16_r2x1_test_small/4052-run00542-57.mat,-106.36955874787309,130.0,40.0,-158.82282139914847,-0.5781852249207271,13.125179290771484,104.0,15.0,-124.87552070965461,52.45326265127538,27.193203297481233
./csi-dataset/uva-communication-28G-csi/t16x16_r2x1_test_small/4052-run00543-41.mat,-107.45044690475544,273.0,71.0,-128.3053534035978,0.0450518004005267,13.712549924850464,80.0,61.0,-124.89473728146032,20.854906498842354,130.38612314135602
./csi-dataset/uva-communication-28G-csi/t16x16_r2x1_test_small/4052-run00543-81.mat,-104.53799100536014,344.0,44.0,-104.628597925786,-0.1494853121349511,13.511149644851685,346.0,44.0,-119.0360321715857,0.09060692042585572,1.389280240734454
./csi-dataset/uva-communication-28G-csi/t16x16_r2x1_test_small/4052-run00602-17.mat,-108.66083701665586,7.0,53.0,-109.0579399382591,-0.1724524554952147,12.997230291366577,8.0,52.0,-123.61949668014731,0.3971029216032349,1.2764636308920168
./csi-dataset/uva-communication-28G-csi/t16x16_r2x1_test_small/415-run00017-15.mat,-110.3180217285354,329.0,71.0,-154.99703744948872,-0.1363689360969078,10.62316608428955,182.0,5.0,-134.48711868333365,44.679015720953316,75.21357810532307
./csi-dataset/uva-communication-28G-csi/t16x16_r2x1_test_small/415-run00017-30.mat,-94.48494930257084,345.0,44.0,-95.66670905641493,0.2399205009310431,13.663862466812134,332.0,43.0,-107.18046861684385,1.1817597538440907,8.993763252068936
./csi-dataset/uva-communication-28G-csi/t16x16_r2x1_test_small/415-run00017-49.mat,-100.57841970115484,157.0,5.0,-100.6369538509104,-0.16460217510276243,12.475858926773071,160.0,6.0,-113.98712891323217,0.05853414975555893,1.040181669083882
./csi-dataset/uva-communication-28G-csi/t16x16_r2x1_test_small/415-run00077-29.mat,-105.70023554976711,279.0,33.0,-106.0047598666109,0.015845170479928727,12.584643602371216,279.0,32.0,-118.45516239737086,0.3045243168437821,0.9999999999999002
./csi-dataset/uva-communication-28G-csi/t16x16_r2x1_test_small/415-run00077-51.mat,-109.7965034545618,7.0,46.0,-151.7937546676826,-0.09584743923316896,13.884577751159668,161.0,69.0,-127.07129523889577,41.997251213120805,110.77213210647636
./csi-dataset/uva-communication-28G-csi/t16x16_r2x1_test_small/415-run00126-30.mat,-102.33409992631648,35.0,48.0,-154.11355985232657,0.04400399894842855,12.047200202941895,260.0,65.0,-119.6932809509174,51.77945992601009,101.15490886513948
./csi-dataset/uva-communication-28G-csi/t16x16_r2x1_test_small/415-run00126-61.mat,-106.05624975736342,176.0,59.0,-106.05457732158938,-0.0142034885266078,13.635612964630127,176.0,60.0,-118.65841522506956,-0.001672435774040082,0.9999999999999002
./csi-dataset/uva-communication-28G-csi/t16x16_r2x1_test_small/415-run00126-72.mat,-91.834798308427,316.0,48.0,-92.92295487544303,0.0036468713747970227,13.280723810195923,314.0,48.0,-108.72659427724108,1.0881565670160285,1.4862558635376428
./csi-dataset/uva-communication-28G-csi/t16x16_r2x1_test_small/415-run00128-40.mat,-105.49056559290504,352.0,53.0,-105.5027172157134,-0.3240535579379882,13.291304349899292,353.0,53.0,-119.87668826897246,0.012151622808360685,0.7986318386952783
./csi-dataset/uva-communication-28G-csi/t16x16_r2x1_test_small/415-run00128-74.mat,-104.47961684813376,123.0,16.0,-105.63252558243951,0.025179743991016856,14.128019571304321,118.0,15.0,-120.55708560836385,1.152908734305754,1.6680960774834053
./csi-dataset/uva-communication-28G-csi/t16x16_r2x1_test_small/415-run00128-86.mat,-152.4377966494078,327.0,68.0,-153.6707721413549,0.3004735411253381,0.489152193069458,328.0,63.0,-159.62191677860096,1.2329754919470872,5.082044148605587
./csi-dataset/uva-communication-28G-csi/t16x16_r2x1_test_small/415-run00197-15.mat,-106.64330746471089,206.0,69.0,-153.38272086702418,-0.27835798301387027,15.402237176895142,38.0,49.0,-123.05897716726724,46.73941340231329,117.00541803770102
./csi-dataset/uva-communication-28G-csi/t16x16_r2x1_test_small/415-run00197-63.mat,-102.91141027260146,210.0,72.0,-103.162800433373,-0.07883337388169931,12.469867467880249,209.0,73.0,-116.54116905378045,0.2513901607715354,1.3818624961238861
./csi-dataset/uva-communication-28G-csi/t16x16_r2x1_test_small/415-run00199-33.mat,-159.34357136221445,228.0,71.0,-159.76749918417426,0.30165815553656883,0.3923025131225586,146.0,75.0,-159.99343777823077,0.4239278219598077,77.79734167748849
./csi-dataset/uva-communication-28G-csi/t16x16_r2x1_test_small/415-run00199-48.mat,-132.4091683639671,348.0,69.0,-133.24439898512526,-0.31078674016978436,14.076065301895142,347.0,68.0,-147.31532698779375,0.8352306211581606,1.36588494906591
./csi-dataset/uva-communication-28G-csi/t16x16_r2x1_test_small/415-run00199-91.mat,-154.55038469206323,34.0,59.0,-155.06860023880336,0.2174679729000123,0.37757325172424316,33.0,57.0,-159.65126978166782,0.518215546740123,2.1723309760084506
./csi-dataset/uva-communication-28G-csi/t16x16_r2x1_test_small/415-run00251-13.mat,-94.29913018582891,302.0,65.0,-94.84495998423535,0.08871105767253284,13.81069278717041,302.0,63.0,-110.49686340177146,0.5458297984064302,1.9999999999999472
./csi-dataset/uva-communication-28G-csi/t16x16_r2x1_test_small/415-run00251-48.mat,-96.40963116249397,221.0,55.0,-96.39740748970424,0.13660989102357812,13.169217348098755,222.0,55.0,-110.69354457109405,-0.012223672789730244,0.8191486237146364
./csi-dataset/uva-communication-28G-csi/t16x16_r2x1_test_small/415-run00256-30.mat,-134.54447958257492,53.0,48.0,-134.9793578691977,-0.24580647907792863,13.820403099060059,52.0,47.0,-147.46471956640943,0.4348782866227907,1.2423860170094452
./csi-dataset/uva-communication-28G-csi/t16x16_r2x1_test_small/415-run00256-96.mat,-112.1535565534018,247.0,61.0,-137.32373229179112,-0.147859496141711,9.360726118087769,94.0,44.0,-127.30720286981337,25.170175738389318,101.10448396143265
./csi-dataset/uva-communication-28G-csi/t16x16_r2x1_test_small/415-run00315-57.mat,-93.61640706163332,235.0,57.0,-93.95387668635385,-0.3550744671737247,13.26414704322815,234.0,57.0,-108.94120463983376,0.33746962472052644,0.8386674103155618
./csi-dataset/uva-communication-28G-csi/t16x16_r2x1_test_small/415-run00316-19.mat,-111.99107966368756,240.0,27.0,-112.13432918925477,0.07477590986225569,13.26086139678955,239.0,27.0,-123.38937487256996,0.1432495255672137,0.45398592513558367
./csi-dataset/uva-communication-28G-csi/t16x16_r2x1_test_small/415-run00316-69.mat,-99.00906793887172,25.0,44.0,-99.1943292834795,0.07395517890610903,12.607842206954956,25.0,43.0,-113.23168950874225,0.1852613446077811,1.0000000000002647
./csi-dataset/uva-communication-28G-csi/t16x16_r2x1_test_small/415-run00368-44.mat,-101.11273901264823,289.0,42.0,-101.82370495247979,-0.0021629507691398597,13.721391916275024,288.0,41.0,-116.31437133139998,0.7109659398315529,1.1995854334876037
./csi-dataset/uva-communication-28G-csi/t16x16_r2x1_test_small/415-run00368-65.mat,-98.28308366602948,279.0,59.0,-103.84899112992953,-0.1915607251438367,13.711202383041382,276.0,55.0,-115.04861716608566,5.5659074639000465,4.724834394013292
./csi-dataset/uva-communication-28G-csi/t16x16_r2x1_test_small/415-run00368-75.mat,-107.5785722576358,122.0,33.0,-107.5745890581672,-0.5692870055252954,14.5640869140625,123.0,33.0,-121.04081884396277,-0.003983199468592602,0.5446341727586
./csi-dataset/uva-communication-28G-csi/t16x16_r2x1_test_small/415-run00370-66.mat,-107.27103129096209,166.0,41.0,-107.43869770781971,0.07697350716471663,14.632492542266846,167.0,42.0,-123.45865962257135,0.16766641685762806,1.1995854334876037
./csi-dataset/uva-communication-28G-csi/t16x16_r2x1_test_small/415-run00370-91.mat,-105.17948894828754,290.0,6.0,-105.20840026649297,-0.1416057006538176,13.395780563354492,287.0,6.0,-117.70140453017453,0.028911318205430803,0.3135499609496336
./csi-dataset/uva-communication-28G-csi/t16x16_r2x1_test_small/415-run00425-3.mat,-106.3675042302676,225.0,20.0,-129.22135372549573,-0.07120896857301329,15.293109655380249,268.0,17.0,-125.17342663975894,22.853849495228133,13.647504579641359
./csi-dataset/uva-communication-28G-csi/t16x16_r2x1_test_small/415-run00426-34.mat,-105.4188940946197,131.0,59.0,-105.52838604047614,0.006210191682866739,10.4493887424469,132.0,59.0,-119.01565688527859,0.1094919458564334,0.8571644146975286
./csi-dataset/uva-communication-28G-csi/t16x16_r2x1_test_small/415-run00488-61.mat,-110.11673186967948,29.0,48.0,-112.43789482275542,0.04958280420412131,12.401363372802734,31.0,52.0,-125.40840707470052,2.321162953075941,4.283016440662727
./csi-dataset/uva-communication-28G-csi/t16x16_r2x1_test_small/415-run00491-3.mat,-118.23090422212556,192.0,68.0,-118.34977626311941,0.2102023936634121,13.408212184906006,192.0,71.0,-132.92970935708266,0.11887204099384974,3.000000000000166
./csi-dataset/uva-communication-28G-csi/t16x16_r2x1_test_small/415-run00491-78.mat,-106.17068582222228,313.0,13.0,-106.30927659044013,-0.3354644633468946,14.594172954559326,313.0,12.0,-120.29789576362785,0.13859076821785266,0.9999999999999002
./csi-dataset/uva-communication-28G-csi/t16x16_r2x1_test_small/415-run00531-24.mat,-93.82894234290224,256.0,71.0,-94.46386449844637,0.14444942021425533,13.959796905517578,255.0,70.0,-106.11573066471884,0.6349221555441318,1.3742413997796028
./csi-dataset/uva-communication-28G-csi/t16x16_r2x1_test_small/415-run00577-35.mat,-109.64005278125026,250.0,56.0,-109.79356844768839,0.19056495843472232,14.55138373374939,250.0,58.0,-124.8187516316677,0.15351566643812475,2.0000000000001297
./csi-dataset/uva-communication-28G-csi/t16x16_r2x1_test_small/415-run00577-38.mat,-109.53759959137189,9.0,60.0,-109.63741482711733,0.14122034283449825,13.938101053237915,10.0,60.0,-125.14976419048512,0.09981523574543871,0.8660226557403922
./csi-dataset/uva-communication-28G-csi/t16x16_r2x1_test_small/415-run00577-63.mat,-113.6959191661486,24.0,46.0,-147.07374880547655,-0.253704235390382,10.035921573638916,355.0,30.0,-130.77807839437466,33.377829639327956,23.62811353141714
./csi-dataset/uva-communication-28G-csi/t16x16_r2x1_test_small/415-run00577-91.mat,-103.29868133031778,314.0,33.0,-103.47279373333072,0.1368663249760369,14.754263401031494,315.0,32.0,-116.7623283931146,0.17411240301294129,1.1351758269281864
./csi-dataset/uva-communication-28G-csi/t16x16_r2x1_test_small/415-run00577-96.mat,-108.08344720180924,199.0,73.0,-158.66884969686782,-0.18313905211485948,13.585366249084473,301.0,25.0,-135.02428503556413,50.58540249505859,79.57485054684794
./csi-dataset/uva-communication-28G-csi/t16x16_r2x1_test_small/415-run00579-43.mat,-136.26860451729775,284.0,25.0,-136.32330420377187,0.07896433648492418,11.655829906463623,284.0,25.0,-149.53802210439034,0.054699686474123155,0.0
./csi-dataset/uva-communication-28G-csi/t16x16_r2x1_test_small/415-run00579-50.mat,-109.96165296511124,128.0,53.0,-151.03355933625568,-0.24616592804912418,14.264433860778809,129.0,14.0,-127.23714867459891,41.071906371144436,39.002679019032094
./csi-dataset/uva-communication-28G-csi/t16x16_r2x1_test_small/415-run00637-29.mat,-103.27264085781202,242.0,61.0,-103.73556208513831,0.07069727054192876,13.863892555236816,242.0,60.0,-118.1629326575065,0.4629212273262908,0.9999999999995357
./csi-dataset/uva-communication-28G-csi/t16x16_r2x1_test_small/415-run00637-61.mat,-121.36244310372204,165.0,51.0,-121.41718908347292,0.08945457293511794,10.81952691078186,165.0,51.0,-134.37252668480912,0.05474597975087647,0.0
./csi-dataset/uva-communication-28G-csi/t16x16_r2x1_test_small/415-run00637-98.mat,-107.73295868749258,327.0,56.0,-150.87844230983467,-0.05866069061797896,13.910664319992065,74.0,34.0,-127.68904002727984,43.145483622342084,70.8494924965638
./csi-dataset/uva-communication-28G-csi/t16x16_r2x1_test_small/415-run00639-72.mat,-106.19430041764429,114.0,16.0,-106.73044763082025,0.07383260092624244,13.539154291152954,119.0,16.0,-121.00248744140414,0.5361472131759655,1.3777827042780042
./csi-dataset/uva-communication-28G-csi/t16x16_r2x1_test_small/4627-run00017-67.mat,-103.0018673000412,342.0,47.0,-150.92016853782562,0.12045259761665039,12.59367036819458,45.0,29.0,-120.95988882802408,47.91830123778442,40.75926708517714
./csi-dataset/uva-communication-28G-csi/t16x16_r2x1_test_small/4627-run00019-100.mat,-103.10641895170096,342.0,73.0,-103.6878199608251,-0.4426287878538684,12.603952407836914,342.0,72.0,-116.14765680207385,0.5814010091241357,0.9999999999999002
./csi-dataset/uva-communication-28G-csi/t16x16_r2x1_test_small/4627-run00063-3.mat,-138.31190864748055,258.0,70.0,-139.76572176843325,-0.44357792053243505,14.187800168991089,257.0,67.0,-152.70389756810627,1.4538131209527023,3.1409208885580586
./csi-dataset/uva-communication-28G-csi/t16x16_r2x1_test_small/4627-run00063-65.mat,-111.94703791788768,169.0,36.0,-112.81703951281544,0.3807574688786599,12.64098596572876,315.0,33.0,-122.82436724720955,0.8700015949277571,65.60038647922093
./csi-dataset/uva-communication-28G-csi/t16x16_r2x1_test_small/4627-run00112-30.mat,-101.4295806644058,9.0,47.0,-101.79699494854496,-0.0008547939570862084,13.304263830184937,11.0,47.0,-117.6251310927988,0.36741428413915855,1.4626728608127935
./csi-dataset/uva-communication-28G-csi/t16x16_r2x1_test_small/4627-run00185-34.mat,-102.25083773057004,353.0,71.0,-102.37424819812232,0.15805737099423978,13.981372833251953,354.0,70.0,-118.40753926725725,0.1234104675522758,1.3742413997796028
./csi-dataset/uva-communication-28G-csi/t16x16_r2x1_test_small/4627-run00230-42.mat,-105.23104037163608,180.0,34.0,-105.32901571842928,-0.5862555269238376,11.752902030944824,180.0,33.0,-119.66067717909385,0.09797534679319142,0.9999999999999002
./csi-dataset/uva-communication-28G-csi/t16x16_r2x1_test_small/4627-run00230-9.mat,-128.91044441987165,172.0,69.0,-155.84377856919264,0.31946205706225295,10.088091135025024,186.0,47.0,-144.67523373402264,26.933334149320984,24.919258217305778
./csi-dataset/uva-communication-28G-csi/t16x16_r2x1_test_small/4627-run00278-95.mat,-110.22513861273372,311.0,62.0,-159.11873141965063,0.13009297830884137,12.587061405181885,278.0,33.0,-128.5949078657151,48.893592806916914,37.15178963423562
./csi-dataset/uva-communication-28G-csi/t16x16_r2x1_test_small/4627-run00283-19.mat,-151.87207863114517,328.0,71.0,-152.80387257975258,0.10939216499928073,8.591752052307129,327.0,69.0,-159.28521586529132,0.9317939486074067,2.2097271999825474
./csi-dataset/uva-communication-28G-csi/t16x16_r2x1_test_small/4627-run00283-59.mat,-116.42115933778662,89.0,11.0,-116.44008658591325,-0.10546879210928917,14.01922869682312,87.0,11.0,-128.72672575151597,0.018927248126630047,0.3815993217541834
./csi-dataset/uva-communication-28G-csi/t16x16_r2x1_test_small/4627-run00283-91.mat,-103.08373018128884,182.0,60.0,-103.43564234631936,-0.17894087297999905,13.829108238220215,181.0,61.0,-116.17797887768546,0.35191216503051237,1.325698562410945
./csi-dataset/uva-communication-28G-csi/t16x16_r2x1_test_small/4627-run00329-4.mat,-102.34070464780004,37.0,37.0,-102.82146504675205,-0.3030622384398405,13.287090539932251,35.0,38.0,-117.30954397102133,0.4807603989520146,1.5754484485993265
./csi-dataset/uva-communication-28G-csi/t16x16_r2x1_test_small/4627-run00379-18.mat,-105.08691795050196,108.0,37.0,-105.16956628489147,-0.31105334549772845,13.335957050323486,108.0,37.0,-119.81173712094304,0.08264833438951769,0.0
./csi-dataset/uva-communication-28G-csi/t16x16_r2x1_test_small/4627-run00379-55.mat,-145.40297085988297,192.0,89.0,-159.98334638721525,0.10071528840991506,11.618362665176392,240.0,34.0,-158.35144879313074,14.58037552733228,67.13352992399389
./csi-dataset/uva-communication-28G-csi/t16x16_r2x1_test_small/4627-run00420-72.mat,-104.85900785636896,228.0,50.0,-105.75396423935742,0.1320733523678682,14.822050333023071,231.0,51.0,-120.42939187836454,0.8949563829884539,2.521454291826466
./csi-dataset/uva-communication-28G-csi/t16x16_r2x1_test_small/4627-run00479-72.mat,-126.16095335731622,339.0,65.0,-159.54904645066784,0.0048557001297478974,14.55844235420227,33.0,44.0,-143.15307467622273,33.38809309335163,47.61875568956181
./csi-dataset/uva-communication-28G-csi/t16x16_r2x1_test_small/4627-run00479-88.mat,-118.39058798160248,334.0,71.0,-119.62616507774555,0.144238601187201,9.33867335319519,335.0,81.0,-133.90038393586656,1.235577096143075,10.046822105382565
./csi-dataset/uva-communication-28G-csi/t16x16_r2x1_test_small/4627-run00490-53.mat,-111.14058454769696,353.0,68.0,-112.62751249599322,0.2170702422619447,10.293398380279541,354.0,63.0,-126.56442121921891,1.4869279482962554,5.082044148605659
./csi-dataset/uva-communication-28G-csi/t16x16_r2x1_test_small/4627-run00490-79.mat,-106.76772932814058,262.0,46.0,-106.84714734495509,-0.45338213966375296,14.535444498062134,263.0,46.0,-120.90876927133121,0.07941801681451466,0.7193353945245025
./csi-dataset/uva-communication-28G-csi/t16x16_r2x1_test_small/4627-run00540-88.mat,-104.68730949355682,194.0,38.0,-105.60436695819966,-0.5434690630896266,14.42259669303894,192.0,37.0,-119.80326140134481,0.9170574646428378,1.5754484485990952
./csi-dataset/uva-communication-28G-csi/t16x16_r2x1_test_small/4627-run00540-99.mat,-130.29415979405306,120.0,41.0,-154.34027948758458,0.07457643625380816,9.351486682891846,164.0,58.0,-150.47465043916358,24.046119693531523,36.855193988576254
./csi-dataset/uva-communication-28G-csi/t16x16_r2x1_test_small/4627-run00582-41.mat,-93.13764789781207,223.0,56.0,-93.5477705995043,0.1450935772499765,14.659761905670166,222.0,56.0,-106.53387032884736,0.41012270169223086,0.8290342821480322
./csi-dataset/uva-communication-28G-csi/t16x16_r2x1_test_small/4627-run00625-1.mat,-108.91925866667302,351.0,73.0,-109.63092286565106,-0.15860011066841362,13.51710319519043,350.0,76.0,-123.79121812785678,0.7116641989780419,3.150923808863601
./csi-dataset/uva-communication-28G-csi/t16x16_r2x1_test_small/4627-run00625-9.mat,-103.83019662791008,43.0,55.0,-103.9407426132598,0.16338975785468002,15.995577096939087,43.0,54.0,-117.06196235983376,0.1105459853497166,0.9999999999999002
./csi-dataset/uva-communication-28G-csi/t16x16_r2x1_test_small/5220-run00083-36.mat,-105.465112021905,226.0,48.0,-105.50973052089566,-0.6931720937856007,14.549232721328735,227.0,49.0,-120.60426085687047,0.044618498990658395,1.2493521292385588
./csi-dataset/uva-communication-28G-csi/t16x16_r2x1_test_small/5220-run00083-57.mat,-118.7650286373053,305.0,72.0,-119.59750002673249,-0.05420106653046397,8.661490440368652,304.0,73.0,-132.3560487063356,0.8324713894271838,1.3818624961238861
./csi-dataset/uva-communication-28G-csi/t16x16_r2x1_test_small/5220-run00137-55.mat,-103.28262581579337,337.0,69.0,-103.99131611166146,0.1368670351249377,15.625824213027954,336.0,69.0,-116.87674304949869,0.7086902958680952,0.9335789046709316
./csi-dataset/uva-communication-28G-csi/t16x16_r2x1_test_small/5220-run00142-45.mat,-102.90677213409604,329.0,43.0,-103.50105849828128,0.08871501166802631,13.025193452835083,331.0,42.0,-118.75501208179152,0.594286364185237,1.6808854257346106
./csi-dataset/uva-communication-28G-csi/t16x16_r2x1_test_small/5220-run00142-81.mat,-106.2172133279852,340.0,17.0,-106.40272268364225,-0.17833567087660573,13.192031145095825,344.0,17.0,-118.89948133497646,0.18550935565704663,1.1692696261374187
./csi-dataset/uva-communication-28G-csi/t16x16_r2x1_test_small/5220-run00142-87.mat,-104.08244152100316,275.0,47.0,-104.07811855973145,-0.05579673073300362,13.083638429641724,276.0,48.0,-118.93089649150428,-0.004322961271711279,1.242386017010032
./csi-dataset/uva-communication-28G-csi/t16x16_r2x1_test_small/5220-run00198-80.mat,-145.10985983383816,216.0,55.0,-145.26449766323591,-0.2166572408996288,9.980250597000122,235.0,77.0,-155.228624501633,0.15463782939775683,27.90814376037581
./csi-dataset/uva-communication-28G-csi/t16x16_r2x1_test_small/5220-run00257-34.mat,-109.5202909451446,358.0,37.0,-110.65559038290473,-0.42639260028423664,13.33670425415039,2.0,36.0,-123.96170834833235,1.135299437760139,2.580428172888972
./csi-dataset/uva-communication-28G-csi/t16x16_r2x1_test_small/5220-run00257-70.mat,-94.02339422432884,192.0,67.0,-94.17259558538493,0.027023314632691253,14.463308334350586,193.0,67.0,-107.59208919751364,0.14920136105608606,0.9205030696913519
./csi-dataset/uva-communication-28G-csi/t16x16_r2x1_test_small/5220-run00303-3.mat,-110.20806162143822,0.0,64.0,-110.49696383574967,-0.2568765037421359,13.614940404891968,1.0,67.0,-124.5884864956258,0.2889022143114488,3.134919268707944
./csi-dataset/uva-communication-28G-csi/t16x16_r2x1_test_small/5220-run00303-9.mat,-104.5881662460504,187.0,68.0,-104.6435766869663,-0.00815402741185145,12.777161359786987,188.0,70.0,-118.5532446522498,0.05541044091589242,2.2071343286360317
./csi-dataset/uva-communication-28G-csi/t16x16_r2x1_test_small/5220-run00304-77.mat,-106.17246532753016,295.0,32.0,-156.12656235763106,0.014642215785123702,13.252809286117554,216.0,22.0,-127.34201315327749,49.9540970301009,34.495139497179785
./csi-dataset/uva-communication-28G-csi/t16x16_r2x1_test_small/5220-run00343-40.mat,-132.07311254544956,222.0,65.0,-150.98444060911436,0.05408351701372749,9.960296869277954,203.0,51.0,-148.09972860958118,18.911328063664797,21.263469754812736
./csi-dataset/uva-communication-28G-csi/t16x16_r2x1_test_small/5220-run00343-48.mat,-107.60933202261624,174.0,29.0,-107.57244709670609,-0.0984434768503879,14.69616961479187,175.0,29.0,-121.24910023435133,-0.03688492591015802,0.48480491312908847
./csi-dataset/uva-communication-28G-csi/t16x16_r2x1_test_small/5220-run00343-66.mat,-105.34610369987846,202.0,35.0,-105.55042904725774,-1.305866829319072,12.741455793380737,201.0,35.0,-118.91788485567048,0.20432534737928165,0.5735715513236346
./csi-dataset/uva-communication-28G-csi/t16x16_r2x1_test_small/5220-run00345-28.mat,-104.5753773642587,99.0,65.0,-105.43582503611007,-0.12698162938588942,14.21277642250061,98.0,63.0,-119.00957099120491,0.8604476718513752,2.192643660932739
./csi-dataset/uva-communication-28G-csi/t16x16_r2x1_test_small/5220-run00345-67.mat,-110.98128677758194,134.0,44.0,-111.84733474002425,0.09508244101606522,14.22889256477356,136.0,43.0,-128.02331440159645,0.866047962442309,1.7014753683299277
./csi-dataset/uva-communication-28G-csi/t16x16_r2x1_test_small/5220-run00401-50.mat,-100.32173315434376,220.0,37.0,-100.477792118416,-0.39450499264433114,13.371986627578735,219.0,37.0,-113.34345234069984,0.15605896407224407,0.6018101511498652
./csi-dataset/uva-communication-28G-csi/t16x16_r2x1_test_small/5220-run00460-28.mat,-107.4232212489852,297.0,50.0,-108.13476202760897,0.06266506598552446,10.640166997909546,296.0,49.0,-122.43818778253421,0.7115407786237711,1.2562500714928588
./csi-dataset/uva-communication-28G-csi/t16x16_r2x1_test_small/5220-run00460-44.mat,-146.03844753697993,326.0,37.0,-146.17645060705055,0.3805489127031749,7.566689729690552,326.0,36.0,-155.62950249687316,0.1380030700706243,0.9999999999999002
./csi-dataset/uva-communication-28G-csi/t16x16_r2x1_test_small/5220-run00469-63.mat,-101.01922281137485,1.0,67.0,-101.84820602744439,-0.9271216923447325,13.598981142044067,359.0,65.0,-116.4346346433704,0.8289832160695454,2.708812387102893
./csi-dataset/uva-communication-28G-csi/t16x16_r2x1_test_small/5220-run00469-93.mat,-110.38437554078456,131.0,50.0,-110.95207722641939,0.04067507009206728,14.018272399902344,130.0,49.0,-123.15901127687093,0.5677016856348303,1.2562500714928588
./csi-dataset/uva-communication-28G-csi/t16x16_r2x1_test_small/5220-run00510-45.mat,-109.7166447103671,213.0,69.0,-159.8180579122334,-0.30477223336433146,14.305131435394287,22.0,39.0,-129.86681404399914,50.10141320186629,107.35087810319291
./csi-dataset/uva-communication-28G-csi/t16x16_r2x1_test_small/5220-run00510-91.mat,-111.59278670905968,324.0,72.0,-112.3503852880262,-0.1483498912864687,13.227072477340698,323.0,70.0,-126.34716569941916,0.7575985789665225,2.2122115407440885
./csi-dataset/uva-communication-28G-csi/t16x16_r2x1_test_small/5220-run00520-8.mat,-107.21165364563753,184.0,67.0,-107.69372978411008,-0.10998875632055549,11.794204950332642,183.0,66.0,-122.8987037192552,0.48207613847255004,1.3568206689498745
./csi-dataset/uva-communication-28G-csi/t16x16_r2x1_test_small/5220-run00564-42.mat,-108.73897149548884,175.0,68.0,-108.7121131080973,0.15043537224159942,13.466316938400269,176.0,69.0,-120.6704226785445,-0.026858387391541783,1.36588494906591
./csi-dataset/uva-communication-28G-csi/t16x16_r2x1_test_small/5220-run00564-57.mat,-113.52497115166204,159.0,59.0,-113.63862254037883,-0.30276805388263184,14.358513116836548,159.0,59.0,-127.75867874052969,0.11365138871678937,0.0
./csi-dataset/uva-communication-28G-csi/t16x16_r2x1_test_small/5220-run00566-62.mat,-100.91567839148206,340.0,73.0,-150.65930017308511,-0.8854255134258897,15.106358528137207,158.0,32.0,-121.81751413609987,49.74362178160305,104.98168921668882
./csi-dataset/uva-communication-28G-csi/t16x16_r2x1_test_small/5220-run00616-4.mat,-123.80148524067953,85.0,11.0,-123.82726206938133,-0.04748640770407575,14.072831869125366,84.0,11.0,-136.59861509571152,0.025776828701808085,0.19080666173346847
./csi-dataset/uva-communication-28G-csi/t16x16_r2x1_test_small/5220-run00618-39.mat,-122.70731389958036,5.0,55.0,-159.99082881583087,0.2570442659008957,13.479675054550171,62.0,68.0,-141.44201498746673,37.28351491625051,51.05888625527235
./csi-dataset/uva-communication-28G-csi/t16x16_r2x1_test_small/5869-run00037-69.mat,-101.56158435016911,296.0,47.0,-101.81355493585961,-0.087970843873449,14.92808985710144,296.0,47.0,-115.46922615517278,0.25197058569050057,8.537736462515939e-07
./csi-dataset/uva-communication-28G-csi/t16x16_r2x1_test_small/5869-run00037-77.mat,-106.15458043815548,299.0,38.0,-106.1537110298746,-0.38076072887791845,12.942457675933838,299.0,39.0,-119.1988978208989,-0.0008694082808773373,1.0000000000002647
./csi-dataset/uva-communication-28G-csi/t16x16_r2x1_test_small/5869-run00038-65.mat,-108.2923355539188,205.0,65.0,-110.39789337479874,0.09918251247492815,10.398192644119263,193.0,89.0,-123.9887123027434,2.1055578208799375,26.652513592466605
./csi-dataset/uva-communication-28G-csi/t16x16_r2x1_test_small/5869-run00085-11.mat,-109.83588552572618,210.0,69.0,-146.32859661742347,-0.4649210836880404,13.645926475524902,160.0,55.0,-131.05411004526414,36.49271109169729,45.80363796585256
./csi-dataset/uva-communication-28G-csi/t16x16_r2x1_test_small/5869-run00085-2.mat,-137.61571510513002,72.0,30.0,-137.67427796643466,0.3257047355771783,13.509099960327148,72.0,30.0,-148.78547315436572,0.058562861304636726,0.0
./csi-dataset/uva-communication-28G-csi/t16x16_r2x1_test_small/5869-run00085-26.mat,-93.73711393082095,316.0,28.0,-93.8188873605357,-0.048271123106572666,14.13988709449768,317.0,28.0,-107.3072287966278,0.08177342971474388,0.46946691737256885
./csi-dataset/uva-communication-28G-csi/t16x16_r2x1_test_small/5869-run00088-22.mat,-107.24438228470368,210.0,68.0,-109.83951403139588,0.2908960779421531,10.596774101257324,302.0,51.0,-124.66898424269033,2.5951317466922035,77.84245550907251
./csi-dataset/uva-communication-28G-csi/t16x16_r2x1_test_small/5869-run00088-63.mat,-99.75399931458752,184.0,58.0,-99.77067257502316,-0.23639940481915622,13.505256175994873,184.0,58.0,-115.02347733941,0.016673260435638326,1.2074182697257333e-06
./csi-dataset/uva-communication-28G-csi/t16x16_r2x1_test_small/5869-run00135-76.mat,-117.97272429707702,42.0,28.0,-118.02350978433353,0.1825504098863593,10.902048587799072,43.0,28.0,-130.3749667730164,0.05078548725650478,0.46946691737256885
./csi-dataset/uva-communication-28G-csi/t16x16_r2x1_test_small/5869-run00185-15.mat,-98.3252991284223,188.0,56.0,-98.51514492671299,-0.1847178629274968,12.575151681900024,187.0,56.0,-112.0814902618053,0.18984579829069048,0.8290342821480322
./csi-dataset/uva-communication-28G-csi/t16x16_r2x1_test_small/5869-run00186-17.mat,-105.9375766721032,264.0,24.0,-144.74380134511242,-0.36159667510529503,14.205571174621582,90.0,76.0,-123.14502058827271,38.80622467300921,99.87424211297383
./csi-dataset/uva-communication-28G-csi/t16x16_r2x1_test_small/5869-run00186-36.mat,-104.12110050206816,116.0,44.0,-105.34004421666236,-0.3288863584375956,14.939875364303589,114.0,43.0,-119.56028894630302,1.2189437145942037,1.7014753683299277
./csi-dataset/uva-communication-28G-csi/t16x16_r2x1_test_small/5869-run00229-34.mat,-104.0109947003846,175.0,65.0,-157.52175694413626,-0.07234878265571454,12.93987488746643,61.0,74.0,-124.20886179910808,53.51076224375166,103.76022064999823
./csi-dataset/uva-communication-28G-csi/t16x16_r2x1_test_small/5869-run00229-46.mat,-124.54567741563062,342.0,57.0,-154.95221806437812,0.29838046681528285,7.950428247451782,250.0,23.0,-141.49255366857022,30.406540648747495,60.66556404489995
./csi-dataset/uva-communication-28G-csi/t16x16_r2x1_test_small/5869-run00300-35.mat,-145.59775767409883,350.0,52.0,-146.16402233442602,0.20753307600026827,10.08276891708374,350.0,51.0,-156.7221117747542,0.5662646603271924,0.9999999999999002
./csi-dataset/uva-communication-28G-csi/t16x16_r2x1_test_small/5869-run00300-69.mat,-132.7372043468032,176.0,57.0,-132.830697972441,0.2353636232974392,10.831171751022339,177.0,56.0,-145.26721326193527,0.09349362563779096,1.3020442907413674
./csi-dataset/uva-communication-28G-csi/t16x16_r2x1_test_small/5869-run00301-26.mat,-110.44508517726824,105.0,65.0,-110.46183946075432,0.3023897974979819,11.271384000778198,105.0,66.0,-122.58792179440837,0.016754283486079657,0.9999999999999002
./csi-dataset/uva-communication-28G-csi/t16x16_r2x1_test_small/5869-run00301-62.mat,-105.62175432697316,333.0,70.0,-105.63230506092644,-0.07854006752115161,12.81716251373291,334.0,70.0,-120.20990104206932,0.010550733953280655,0.9396912255615315
./csi-dataset/uva-communication-28G-csi/t16x16_r2x1_test_small/5869-run00301-77.mat,-102.72376854712137,347.0,58.0,-102.93657608531907,-0.2511265890966776,13.940042972564697,347.0,58.0,-117.74930618921746,0.21280753819770837,0.0
./csi-dataset/uva-communication-28G-csi/t16x16_r2x1_test_small/5869-run00403-25.mat,-107.57826613375104,343.0,74.0,-108.0520093845925,0.09723374175070132,13.96635389328003,342.0,75.0,-120.43727202127695,0.4737432508414514,1.3887234987134027
./csi-dataset/uva-communication-28G-csi/t16x16_r2x1_test_small/5869-run00403-96.mat,-110.35208611850088,308.0,68.0,-110.46166901604593,-0.0400319295885434,12.954459428787231,309.0,67.0,-123.03765892588059,0.10958289754505302,1.36143945770422
./csi-dataset/uva-communication-28G-csi/t16x16_r2x1_test_small/5869-run00403-97.mat,-108.66691974433012,219.0,66.0,-112.1527226525071,-0.13583821686331632,14.54527497291565,220.0,59.0,-124.73084537457456,3.4858029081769786,7.055849236737454
./csi-dataset/uva-communication-28G-csi/t16x16_r2x1_test_small/6415-run00039-4.mat,-143.17329213423687,96.0,48.0,-143.4135618277527,0.2758088412268632,10.47990345954895,96.0,47.0,-153.70851688024794,0.2402696935158133,0.9999999999999002
./csi-dataset/uva-communication-28G-csi/t16x16_r2x1_test_small/6415-run00040-61.mat,-102.20587080319544,267.0,7.0,-102.20889459621998,-0.16591042083067564,14.103177785873413,266.0,7.0,-116.78074217323852,0.0030237930245391453,0.12186781957148683
./csi-dataset/uva-communication-28G-csi/t16x16_r2x1_test_small/6415-run00040-77.mat,-103.54384797531154,112.0,23.0,-103.688520827854,0.13955586399819098,13.257787704467773,111.0,24.0,-117.36395094713251,0.1446728525424703,1.0765358067119475
./csi-dataset/uva-communication-28G-csi/t16x16_r2x1_test_small/6415-run00040-90.mat,-107.72798730019956,202.0,37.0,-107.81841174279457,0.12952556543826976,13.787747144699097,203.0,37.0,-120.80028625444558,0.09042444259500826,0.6018101511498652
./csi-dataset/uva-communication-28G-csi/t16x16_r2x1_test_small/6415-run00077-37.mat,-105.44483954033424,198.0,61.0,-105.46283326719222,-0.0647443282470701,14.494742155075073,199.0,61.0,-118.82050460798736,0.01799372685798062,0.8746170978937965
./csi-dataset/uva-communication-28G-csi/t16x16_r2x1_test_small/6415-run00077-52.mat,-106.54764516323708,223.0,62.0,-106.56593488357345,0.1387914602499516,14.250496625900269,224.0,64.0,-121.03003301557165,0.01828972033636944,2.1894622783895183
./csi-dataset/uva-communication-28G-csi/t16x16_r2x1_test_small/6415-run00077-67.mat,-103.8213950074954,176.0,27.0,-140.10283329081344,0.08101187340103422,14.376195669174194,16.0,51.0,-119.53610678008562,36.28143828331804,76.75066152949893
./csi-dataset/uva-communication-28G-csi/t16x16_r2x1_test_small/6415-run00130-99.mat,-107.49550752492418,235.0,54.0,-107.47051519279546,-0.06629050236296696,13.715346336364746,236.0,54.0,-121.86941792818438,-0.02499233212871843,0.809013446677477
./csi-dataset/uva-communication-28G-csi/t16x16_r2x1_test_small/6415-run00167-19.mat,-96.21107736431682,224.0,37.0,-96.31816029280645,-0.38041142276282036,14.032829761505127,224.0,37.0,-108.87497923941864,0.10708292848963197,0.0
./csi-dataset/uva-communication-28G-csi/t16x16_r2x1_test_small/6415-run00167-90.mat,-102.25292705747492,100.0,28.0,-129.00409213305417,0.2899860968724106,13.462251424789429,97.0,71.0,-120.64673721149188,26.75116507557925,43.05108332748653
./csi-dataset/uva-communication-28G-csi/t16x16_r2x1_test_small/6415-run00170-44.mat,-110.41638529715308,166.0,51.0,-110.7292253373083,-0.8566865903974716,14.315564393997192,165.0,52.0,-125.46259119077001,0.3128400401552227,1.2698127585966896
./csi-dataset/uva-communication-28G-csi/t16x16_r2x1_test_small/6415-run00170-65.mat,-126.77554271767085,184.0,55.0,-156.0345649682048,-0.8973596735309901,11.51128077507019,167.0,80.0,-143.79680487165638,29.259022250533945,29.418120239707704
./csi-dataset/uva-communication-28G-csi/t16x16_r2x1_test_small/6415-run00213-97.mat,-103.67007102299551,212.0,43.0,-103.87848619925771,-0.269206478986169,12.638041496276855,212.0,43.0,-117.57618475969258,0.20841517626219286,0.0
./csi-dataset/uva-communication-28G-csi/t16x16_r2x1_test_small/6415-run00216-41.mat,-102.8178787697259,270.0,36.0,-106.9005077903936,-0.04275507836846004,12.434065580368042,264.0,36.0,-119.74551027980107,4.08262902066771,3.525656503291551
./csi-dataset/uva-communication-28G-csi/t16x16_r2x1_test_small/6415-run00216-67.mat,-119.7564573634836,180.0,24.0,-158.0512364079444,0.34792231614820224,7.732792139053345,111.0,43.0,-139.91010099958083,38.294779044460796,39.867053723646734
./csi-dataset/uva-communication-28G-csi/t16x16_r2x1_test_small/6415-run00272-55.mat,-99.9791223531041,24.0,41.0,-150.7500641606745,-0.5851278836260401,14.58841609954834,92.0,74.0,-116.6720270806333,50.770941807570395,63.623375577109776
./csi-dataset/uva-communication-28G-csi/t16x16_r2x1_test_small/6415-run00278-84.mat,-108.7400021021979,9.0,42.0,-109.20575843281165,0.10224569659650706,12.233931303024292,7.0,42.0,-124.68054642459408,0.46575633061374333,1.3382236885270529
./csi-dataset/uva-communication-28G-csi/t16x16_r2x1_test_small/6415-run00337-61.mat,-109.7053590489931,151.0,55.0,-109.88551114750052,0.36218032604165507,9.574639558792114,151.0,55.0,-122.15398457645136,0.18015209850742053,0.0
./csi-dataset/uva-communication-28G-csi/t16x16_r2x1_test_small/6415-run00338-14.mat,-122.15510406232808,183.0,67.0,-153.78933773580545,0.017911398428499647,14.046156167984009,204.0,55.0,-140.6031197146755,31.634233673477368,21.86483142941245
./csi-dataset/uva-communication-28G-csi/t16x16_r2x1_test_small/6415-run00338-39.mat,-118.40712164082817,336.0,68.0,-118.9340870867904,0.09122878762058995,12.486675024032593,336.0,72.0,-131.6734603836302,0.526965445962233,3.9999999999998583
./csi-dataset/uva-communication-28G-csi/t16x16_r2x1_test_small/6415-run00338-70.mat,-101.1177422952349,250.0,54.0,-101.23637663790672,0.36441763103227354,12.605754375457764,251.0,53.0,-116.15866646614776,0.11863434267181105,1.283018589070848
./csi-dataset/uva-communication-28G-csi/t16x16_r2x1_test_small/6415-run00396-19.mat,-112.8848455469035,58.0,50.0,-113.5133183369843,0.07641632624970796,14.379976034164429,59.0,53.0,-130.29994101564023,0.6284727900807923,3.100332869424786
./csi-dataset/uva-communication-28G-csi/t16x16_r2x1_test_small/6415-run00449-23.mat,-148.3284034705918,252.0,45.0,-148.33382453787732,-0.01815936658594075,9.471153259277344,252.0,46.0,-157.38395280060502,0.005421067285510617,0.9999999999999002
./csi-dataset/uva-communication-28G-csi/t16x16_r2x1_test_small/6415-run00449-41.mat,-103.30141740500828,217.0,31.0,-104.52399285313197,-0.15857387267539091,13.544680118560791,218.0,29.0,-117.82832119244519,1.222575448123692,2.0614900853847824
./csi-dataset/uva-communication-28G-csi/t16x16_r2x1_test_small/6415-run00542-11.mat,-103.27722605351993,127.0,57.0,-103.73630256049935,-0.09578615139851254,14.757844924926758,127.0,55.0,-117.72892183066239,0.4590765069794287,2.0000000000001297
./csi-dataset/uva-communication-28G-csi/t16x16_r2x1_test_small/6415-run00542-16.mat,-102.02818139018784,208.0,67.0,-102.30842898443973,-0.37329820058877416,13.220367193222046,209.0,65.0,-115.04152698165348,0.2802475942518896,2.1987329658891697
./csi-dataset/uva-communication-28G-csi/t16x16_r2x1_test_small/6415-run00542-37.mat,-107.21636226020284,339.0,49.0,-107.66236929652578,-0.08735851098045644,14.143756866455078,338.0,49.0,-121.13339648865951,0.44600703632293914,0.7547054571971609
./csi-dataset/uva-communication-28G-csi/t16x16_r2x1_test_small/6415-run00543-100.mat,-92.75500674063066,250.0,26.0,-92.77458560343402,-0.23190886111156694,12.70951509475708,250.0,26.0,-106.42648385974553,0.019578862803356856,0.0
./csi-dataset/uva-communication-28G-csi/t16x16_r2x1_test_small/6415-run00543-17.mat,-103.26810670132596,85.0,43.0,-103.51200763219748,-0.016045678078182135,10.201447010040283,85.0,42.0,-115.31994041818939,0.24390093087151854,1.0000000000002647
./csi-dataset/uva-communication-28G-csi/t16x16_r2x1_test_small/6415-run00543-38.mat,-124.01204517348498,346.0,47.0,-124.16395172663707,-0.09080144496757003,13.127585172653198,346.0,46.0,-136.95470284248782,0.151906553152088,1.0000000000002647
./csi-dataset/uva-communication-28G-csi/t16x16_r2x1_test_small/6415-run00543-66.mat,-141.74099108434606,89.0,39.0,-142.9382538101817,-0.6585711202867273,13.206065654754639,102.0,42.0,-152.37086754415034,1.1972627258356283,8.94544940418807
./csi-dataset/uva-communication-28G-csi/t16x16_r2x1_test_small/6415-run00643-45.mat,-102.09204083341352,265.0,42.0,-102.7275378421063,-0.03397278211983301,12.12289047241211,264.0,41.0,-115.50006005745206,0.6354970086927807,1.1995854334876037
./csi-dataset/uva-communication-28G-csi/t16x16_r2x1_test_small/6415-run00643-54.mat,-108.26983316477452,168.0,50.0,-108.26782077858125,0.09363156200864287,11.779699802398682,168.0,51.0,-120.58553822189909,-0.002012386193271709,0.9999999999999002
./csi-dataset/uva-communication-28G-csi/t16x16_r2x1_test_small/6415-run00646-3.mat,-100.59023078966707,187.0,72.0,-102.22577378994836,0.10877389684268002,14.075758218765259,188.0,88.0,-117.0175738335193,1.635543000281288,16.03006372595486
./csi-dataset/uva-communication-28G-csi/t16x16_r2x1_test_small/6415-run00646-36.mat,-157.4015447722089,56.0,32.0,-159.9998149470571,0.29963006874069786,0.34734010696411133,307.0,66.0,-159.95526146630345,2.59827017484821,79.20340404859547
./csi-dataset/uva-communication-28G-csi/t16x16_r2x1_test_small/6415-run00646-55.mat,-106.6175334226022,151.0,60.0,-106.59255302345947,-0.007994078835411367,12.672877311706543,151.0,61.0,-119.52689323449405,-0.02498039914271999,0.9999999999999002
./csi-dataset/uva-communication-28G-csi/t16x16_r2x1_test_small/6415-run00646-98.mat,-94.50284822548512,309.0,56.0,-96.21357468131485,-0.013477038326932922,15.575244665145874,307.0,57.0,-110.0152501169872,1.7107264558297288,1.9445340842194934
./csi-dataset/uva-communication-28G-csi/t16x16_r2x1_test_small/7054-run00072-40.mat,-103.52134063028566,337.0,37.0,-103.96810816560406,-0.1957900496749181,12.65178632736206,337.0,36.0,-118.50099765826707,0.44676753531840063,0.9999999999999002
./csi-dataset/uva-communication-28G-csi/t16x16_r2x1_test_small/7054-run00072-75.mat,-103.99564606517066,223.0,55.0,-108.7667761903798,0.03802160812077959,14.053245067596436,219.0,54.0,-121.24534553597849,4.77113012520914,3.406231392048494
./csi-dataset/uva-communication-28G-csi/t16x16_r2x1_test_small/7054-run00076-76.mat,-128.49294902372867,257.0,73.0,-152.60351484985017,0.1987580549475979,9.965441942214966,205.0,15.0,-145.33594343375077,24.1105658261215,64.2279610619654
./csi-dataset/uva-communication-28G-csi/t16x16_r2x1_test_small/7054-run00135-15.mat,-145.89732829553068,300.0,66.0,-146.2572515667853,0.3248843537002556,10.164435148239136,300.0,65.0,-155.56947133512213,0.35992327125461543,0.9999999999995357
./csi-dataset/uva-communication-28G-csi/t16x16_r2x1_test_small/7054-run00135-24.mat,-117.54823817841684,50.0,42.0,-117.6021764681634,-0.6530081703666779,12.422857999801636,50.0,42.0,-130.56334564671477,0.05393828974656856,0.0
./csi-dataset/uva-communication-28G-csi/t16x16_r2x1_test_small/7054-run00135-33.mat,-115.66250343568905,301.0,33.0,-115.69025959473248,0.23295548981019687,10.353088617324829,302.0,33.0,-128.31348202189045,0.027756159043434536,0.5446341727586
./csi-dataset/uva-communication-28G-csi/t16x16_r2x1_test_small/7054-run00173-93.mat,-106.34692896002078,167.0,64.0,-159.4790272010219,-0.04882405922136979,12.131503105163574,49.0,50.0,-123.68074036750842,53.13209824100112,92.3761198023524
./csi-dataset/uva-communication-28G-csi/t16x16_r2x1_test_small/7054-run00244-28.mat,-112.13142058751896,68.0,49.0,-150.7555046836209,-0.17008899381396891,14.52577519416809,23.0,36.0,-133.8339388859033,38.62408409610194,32.387956655499295
./csi-dataset/uva-communication-28G-csi/t16x16_r2x1_test_small/7054-run00300-6.mat,-109.69144150259925,145.0,44.0,-110.49894967946477,0.25570475397218095,11.144663095474243,145.0,42.0,-123.58068188073099,0.8075081768655252,1.9999999999999472
./csi-dataset/uva-communication-28G-csi/t16x16_r2x1_test_small/7054-run00306-43.mat,-126.94511819931432,119.0,68.0,-127.29534029585368,0.19649776740923364,12.517098665237427,118.0,68.0,-139.79807140614884,0.35022209653935477,0.9271822030944684
./csi-dataset/uva-communication-28G-csi/t16x16_r2x1_test_small/7054-run00306-75.mat,-154.93948383758388,291.0,27.0,-159.9756056072366,0.3805315725973053,0.4174501895904541,186.0,61.0,-159.94493950498762,5.036121769652709,70.77980406157113
./csi-dataset/uva-communication-28G-csi/t16x16_r2x1_test_small/7054-run00306-90.mat,-104.82242899868666,3.0,58.0,-105.19314793586733,-0.23384601463529053,13.981189966201782,2.0,57.0,-120.31364433523103,0.3707189371806692,1.3081528487651375
./csi-dataset/uva-communication-28G-csi/t16x16_r2x1_test_small/7054-run00306-98.mat,-108.3569860939621,263.0,20.0,-108.46503919919456,-0.01114427922668959,12.300988674163818,262.0,21.0,-121.97239534955918,0.10805310523245737,1.0595152430895998
./csi-dataset/uva-communication-28G-csi/t16x16_r2x1_test_small/7054-run00346-12.mat,-105.6098273801478,347.0,47.0,-106.46113259104487,0.05445392432368956,14.348234415054321,346.0,46.0,-121.88750913260412,0.8513052108970669,1.2353591410181353
./csi-dataset/uva-communication-28G-csi/t16x16_r2x1_test_small/7054-run00346-23.mat,-121.85763212635804,183.0,74.0,-122.15148174311885,0.14666606119875358,8.580597877502441,182.0,74.0,-134.72620905267698,0.29384961676080934,0.9612607689517507
./csi-dataset/uva-communication-28G-csi/t16x16_r2x1_test_small/7054-run00346-51.mat,-106.09989286133788,132.0,49.0,-106.48705440708822,-0.37550166894075,13.019890785217285,132.0,48.0,-119.38170303160163,0.3871615457503452,0.9999999999999002
./csi-dataset/uva-communication-28G-csi/t16x16_r2x1_test_small/7054-run00346-73.mat,-116.31198652859288,349.0,67.0,-116.39367328868693,0.1269639063676249,14.12842321395874,349.0,69.0,-128.67024511506,0.08168676009404408,1.9999999999999472
./csi-dataset/uva-communication-28G-csi/t16x16_r2x1_test_small/7054-run00351-65.mat,-108.96538029144288,358.0,70.0,-156.22565202724041,0.06717062627330195,13.52466106414795,115.0,7.0,-128.4299525858823,47.26027173579753,73.29285803842274
./csi-dataset/uva-communication-28G-csi/t16x16_r2x1_test_small/7054-run00395-46.mat,-106.64214907767334,262.0,61.0,-106.79387855990589,0.3114130101933956,13.85068154335022,262.0,63.0,-122.45144081405368,0.1517294822325539,2.0000000000001297
./csi-dataset/uva-communication-28G-csi/t16x16_r2x1_test_small/7054-run00397-20.mat,-96.38049646351756,345.0,32.0,-96.47325317835549,0.37544883260541306,13.911275863647461,345.0,32.0,-110.76552824066556,0.09275671483793246,0.0
./csi-dataset/uva-communication-28G-csi/t16x16_r2x1_test_small/7054-run00397-64.mat,-112.25703953074247,277.0,63.0,-112.3334195027833,0.34775224918795655,11.207183599472046,277.0,63.0,-124.64073714777079,0.0763799720408258,1.2074182697257333e-06
./csi-dataset/uva-communication-28G-csi/t16x16_r2x1_test_small/7054-run00397-82.mat,-107.65088787047198,315.0,64.0,-141.0963541673383,-0.48212575332601637,14.056013107299805,337.0,64.0,-127.5605767901159,33.445466296866314,19.749853458307815
./csi-dataset/uva-communication-28G-csi/t16x16_r2x1_test_small/7054-run00442-36.mat,-117.3318684841663,2.0,29.0,-154.14147886787129,-0.5021466512456674,13.803709268569946,191.0,55.0,-136.01551688602405,36.80961038370498,83.71824305865509
./csi-dataset/uva-communication-28G-csi/t16x16_r2x1_test_small/7054-run00443-39.mat,-103.69192161516033,186.0,61.0,-103.7346603454566,-0.41168229491849484,11.76558232307434,186.0,61.0,-117.7208023673052,0.042738730296278504,0.0
./csi-dataset/uva-communication-28G-csi/t16x16_r2x1_test_small/7054-run00493-27.mat,-106.85800326388431,255.0,45.0,-107.42590827247011,-0.03740871343888541,15.192925214767456,255.0,44.0,-120.60378943647693,0.5679050085857966,0.9999999999999002
./csi-dataset/uva-communication-28G-csi/t16x16_r2x1_test_small/7054-run00493-71.mat,-89.52049458908327,282.0,57.0,-90.2003491910653,-0.17261338906358215,14.132688283920288,281.0,58.0,-103.75860783322983,0.6798546019820293,1.308152848764859
./csi-dataset/uva-communication-28G-csi/t16x16_r2x1_test_small/7054-run00493-74.mat,-104.95961523045536,115.0,20.0,-106.02393452492998,-0.22924648749044163,12.970908641815186,121.0,19.0,-121.58091302774024,1.064319294474629,2.2373153261724106
./csi-dataset/uva-communication-28G-csi/t16x16_r2x1_test_small/7054-run00495-1.mat,-105.31869423307434,206.0,63.0,-105.68224651330448,0.07740022944248925,13.188719272613525,207.0,66.0,-119.41124190787158,0.3635522802301381,3.1327852102391516
./csi-dataset/uva-communication-28G-csi/t16x16_r2x1_test_small/7054-run00495-68.mat,-98.52144094748782,264.0,65.0,-144.9993682976161,0.3701870603002161,14.805069208145142,34.0,48.0,-116.86241154293336,46.47792735012827,98.6351658617316
./csi-dataset/uva-communication-28G-csi/t16x16_r2x1_test_small/7054-run00540-38.mat,-120.68347627594876,151.0,42.0,-120.70085932294566,0.06790357654988444,13.389402151107788,152.0,42.0,-135.40583611593232,0.017383046996897633,0.6691259159967914
./csi-dataset/uva-communication-28G-csi/t16x16_r2x1_test_small/7054-run00540-81.mat,-103.31468886217009,17.0,63.0,-107.21543066140553,0.10952969413795965,12.432480096817017,21.0,60.0,-120.69827238035877,3.9007417992354476,4.62067614901844
./csi-dataset/uva-communication-28G-csi/t16x16_r2x1_test_small/7054-run00590-95.mat,-122.98028125479152,56.0,36.0,-123.5327007618031,0.11519114751293924,13.793947696685791,54.0,37.0,-138.97932263829463,0.552419507011578,1.5540048155818935
./csi-dataset/uva-communication-28G-csi/t16x16_r2x1_test_small/7612-run00077-15.mat,-104.89826984351802,22.0,54.0,-132.57388586825127,0.1259846719467792,12.549058675765991,142.0,30.0,-122.90506831010663,27.675616024733245,72.13455168285547
./csi-dataset/uva-communication-28G-csi/t16x16_r2x1_test_small/7612-run00077-68.mat,-105.32018207278648,5.0,19.0,-153.39564282477548,0.18991889824712482,13.333056926727295,221.0,89.0,-122.63359610297586,48.075460751989,104.29109948852555
./csi-dataset/uva-communication-28G-csi/t16x16_r2x1_test_small/7612-run00077-82.mat,-110.99915755910556,12.0,54.0,-114.34079178375987,-0.13628569140970526,13.96810793876648,0.0,52.0,-126.95781381627938,3.341634224654314,9.782576040548934
./csi-dataset/uva-communication-28G-csi/t16x16_r2x1_test_small/7612-run00077-88.mat,-104.21168786123106,7.0,59.0,-104.46174705621311,-0.3601345621966412,13.235566854476929,8.0,59.0,-118.51556050310768,0.2500591949820574,0.8571644146975286
./csi-dataset/uva-communication-28G-csi/t16x16_r2x1_test_small/7612-run00079-80.mat,-103.2121827679998,188.0,44.0,-103.3180483063545,-0.5105680645440811,13.493430376052856,188.0,44.0,-116.69171049091203,0.10586553835469203,0.0
./csi-dataset/uva-communication-28G-csi/t16x16_r2x1_test_small/7612-run00079-90.mat,-103.67837939666948,327.0,27.0,-103.86878575943699,-0.03777447781534282,14.032552242279053,326.0,28.0,-117.73133335541345,0.19040636276750433,1.101427343591066
./csi-dataset/uva-communication-28G-csi/t16x16_r2x1_test_small/7612-run00119-66.mat,-104.0980327103974,331.0,72.0,-146.8894833509942,-0.2110653885810827,12.051680564880371,179.0,29.0,-121.84895362217031,42.79145064059679,97.8649341213004
./csi-dataset/uva-communication-28G-csi/t16x16_r2x1_test_small/7612-run00119-77.mat,-100.73856880347668,28.0,42.0,-100.74041510758715,-0.09026431964537318,11.685003519058228,27.0,43.0,-113.39518519098382,0.0018463041104723743,1.2067985945048632
./csi-dataset/uva-communication-28G-csi/t16x16_r2x1_test_small/7612-run00119-8.mat,-146.98494124878442,99.0,12.0,-159.9946003327615,-0.049096502259225794,10.904626846313477,132.0,63.0,-159.07109907672077,13.009659083977084,53.17062800073188
./csi-dataset/uva-communication-28G-csi/t16x16_r2x1_test_small/7612-run00169-82.mat,-95.24449309429956,171.0,69.0,-95.68353945115882,-0.15818241269467448,12.46548080444336,170.0,67.0,-109.37978428546305,0.4390463568592651,2.2044357086648048
./csi-dataset/uva-communication-28G-csi/t16x16_r2x1_test_small/7612-run00272-13.mat,-136.61325462095994,66.0,40.0,-136.8318280501126,0.37181559753365667,9.431512832641602,65.0,41.0,-148.57073561775303,0.21857342915265576,1.1923597758459477
./csi-dataset/uva-communication-28G-csi/t16x16_r2x1_test_small/7612-run00275-27.mat,-112.25192908636366,345.0,5.0,-158.63697159719715,-0.27351550422432735,13.634764671325684,69.0,51.0,-128.9234733299814,46.385042510833486,50.6537267320584
./csi-dataset/uva-communication-28G-csi/t16x16_r2x1_test_small/7612-run00275-40.mat,-107.88181429841003,161.0,48.0,-107.9412608629753,-0.11758513793021819,13.394639015197754,161.0,48.0,-121.69358373562838,0.059446564565263316,0.0
./csi-dataset/uva-communication-28G-csi/t16x16_r2x1_test_small/7612-run00323-49.mat,-107.56831591350398,48.0,35.0,-107.59316288750439,-0.29908168748275776,13.580103874206543,47.0,35.0,-120.48757030279623,0.024846974000411137,0.5735715513236346
./csi-dataset/uva-communication-28G-csi/t16x16_r2x1_test_small/7612-run00323-63.mat,-104.28398095896648,178.0,51.0,-104.37493859608776,-0.18321405657008505,12.868603944778442,179.0,52.0,-118.16968318423322,0.09095763712127791,1.2698127585966896
./csi-dataset/uva-communication-28G-csi/t16x16_r2x1_test_small/7612-run00370-43.mat,-151.73959485891046,198.0,62.0,-151.95533801918066,0.13940765000851318,0.3559708595275879,198.0,61.0,-159.66085689295204,0.21574316027019336,0.9999999999999002
./csi-dataset/uva-communication-28G-csi/t16x16_r2x1_test_small/7612-run00422-18.mat,-140.9834409460631,13.0,47.0,-158.93103507625545,-0.1187149858345955,11.8621084690094,27.0,36.0,-156.91309250250794,17.947594130192357,14.336556209563021
./csi-dataset/uva-communication-28G-csi/t16x16_r2x1_test_small/7612-run00432-13.mat,-106.29839680192036,204.0,73.0,-106.3358741890454,-0.22148036239081104,13.525474548339844,205.0,75.0,-119.89987062957637,0.0374773871250369,2.2189874476227294
./csi-dataset/uva-communication-28G-csi/t16x16_r2x1_test_small/7612-run00488-18.mat,-108.49446572434384,9.0,62.0,-108.5233425038195,-0.17158338512361726,13.347829580307007,9.0,62.0,-120.70735325652315,0.02887677947566658,0.0
./csi-dataset/uva-communication-28G-csi/t16x16_r2x1_test_small/7612-run00488-32.mat,-96.22752909705756,209.0,57.0,-142.14780407893608,0.18793262293407287,12.154098749160767,24.0,4.0,-116.2381011530453,45.92027498187852,60.98541524766693
./csi-dataset/uva-communication-28G-csi/t16x16_r2x1_test_small/7612-run00543-18.mat,-119.95592365354769,354.0,70.0,-119.98710409986067,-0.17344726954324807,13.086345434188843,355.0,72.0,-136.20138378312052,0.031180446312987442,2.212211540744583
./csi-dataset/uva-communication-28G-csi/t16x16_r2x1_test_small/7612-run00543-19.mat,-126.8016072714058,33.0,74.0,-126.81569686684746,-0.19709711076966863,13.722843170166016,33.0,74.0,-140.335221098613,0.014089595441660663,0.0
./csi-dataset/uva-communication-28G-csi/t16x16_r2x1_test_small/7612-run00543-89.mat,-132.2409742609524,336.0,51.0,-132.4015197055084,0.16050140015595116,8.627823114395142,336.0,51.0,-144.27157439739827,0.16054544455599284,0.0
./csi-dataset/uva-communication-28G-csi/t16x16_r2x1_test_small/7612-run00543-94.mat,-98.29155009119552,229.0,21.0,-98.33258019029451,-0.2760408655135036,14.529081344604492,229.0,22.0,-112.29060894413095,0.04103009909898958,0.9999999999999002
./csi-dataset/uva-communication-28G-csi/t16x16_r2x1_test_small/7612-run00605-1.mat,-101.378934293929,209.0,65.0,-130.5211660955342,-0.316970423614753,14.329363584518433,356.0,67.0,-119.11195959967124,29.142231801605192,122.31270708060647
./csi-dataset/uva-communication-28G-csi/t16x16_r2x1_test_small/7612-run00605-5.mat,-104.1077494029568,209.0,75.0,-152.7475565233243,-0.047434524947103096,13.385722875595093,94.0,21.0,-125.01920725087368,48.63980712036751,84.52933038198047
./csi-dataset/uva-communication-28G-csi/t16x16_r2x1_test_small/7612-run00606-41.mat,-90.51492051085506,224.0,72.0,-133.34775889613138,-0.09481462235252969,13.345956087112427,337.0,56.0,-108.29991351991593,42.83283838527632,97.77460160337118
./csi-dataset/uva-communication-28G-csi/t16x16_r2x1_test_small/7612-run00606-47.mat,-106.82041393161954,285.0,64.0,-107.77392447596915,-0.0436287174522092,12.862460374832153,284.0,62.0,-123.27098842622034,0.9535105443496121,2.1894622783895183
./csi-dataset/uva-communication-28G-csi/t16x16_r2x1_test_small/7612-run00646-81.mat,-107.07720751041236,274.0,65.0,-107.35459550884937,0.08600377279017046,13.603090763092041,274.0,65.0,-119.72197429446679,0.2773879984370069,0.0
./csi-dataset/uva-communication-28G-csi/t16x16_r2x1_test_small/7612-run00646-91.mat,-105.96569735199188,216.0,33.0,-106.81369420805966,0.05198298734091722,14.577326774597168,214.0,34.0,-122.28950699051573,0.8479968560677804,1.4893652867120357
./csi-dataset/uva-communication-28G-csi/t16x16_r2x1_test_small/8273-run00048-57.mat,-109.26054626529924,220.0,71.0,-109.61465790717305,-0.14632976467814895,11.717066526412964,219.0,71.0,-122.88353693966374,0.35411164187381416,0.9455173035347278
./csi-dataset/uva-communication-28G-csi/t16x16_r2x1_test_small/8273-run00097-33.mat,-111.61790896238772,110.0,35.0,-111.78100572770886,0.007386578582482151,13.79556155204773,109.0,35.0,-126.29461881289865,0.1630967653211428,0.5735715513236346
./csi-dataset/uva-communication-28G-csi/t16x16_r2x1_test_small/8273-run00097-59.mat,-101.2100310572854,78.0,54.0,-101.28948276285897,0.26156526966075666,13.712785005569458,77.0,54.0,-115.07254464610472,0.07945170557356107,0.8090134466770265
./csi-dataset/uva-communication-28G-csi/t16x16_r2x1_test_small/8273-run00103-31.mat,-101.8430741035142,313.0,48.0,-139.3850215768135,-0.27605610612462717,11.591805696487427,294.0,59.0,-116.35918776340915,37.5419474732993,18.751351622264917
./csi-dataset/uva-communication-28G-csi/t16x16_r2x1_test_small/8273-run00158-31.mat,-146.04937409534224,354.0,49.0,-146.03438610447012,-0.03607255691514033,11.898202896118164,354.0,50.0,-157.48760030171087,-0.014987990872128876,0.9999999999999002
./csi-dataset/uva-communication-28G-csi/t16x16_r2x1_test_small/8273-run00158-54.mat,-106.59110323365628,203.0,39.0,-106.6649088288613,-0.13219740047135087,13.78268575668335,203.0,39.0,-120.21747124272422,0.07380559520501606,8.537736462515939e-07
./csi-dataset/uva-communication-28G-csi/t16x16_r2x1_test_small/8273-run00161-35.mat,-96.74207620111352,352.0,45.0,-96.85527402926418,-0.07666678477641353,13.168181896209717,353.0,47.0,-112.33563796276235,0.11319782815066048,2.125380874004128
./csi-dataset/uva-communication-28G-csi/t16x16_r2x1_test_small/8273-run00252-8.mat,-101.36735298052432,355.0,23.0,-123.51095421902544,-0.15955721244051246,12.547874212265015,328.0,2.0,-120.99580512052988,22.14360123850112,21.23635514593436
./csi-dataset/uva-communication-28G-csi/t16x16_r2x1_test_small/8273-run00303-16.mat,-120.73941065900472,239.0,40.0,-120.85675886400118,0.17987733974178066,14.087334394454956,239.0,39.0,-134.33015192636634,0.11734820499646048,1.0000000000006293
./csi-dataset/uva-communication-28G-csi/t16x16_r2x1_test_small/8273-run00303-85.mat,-106.86996898936356,129.0,25.0,-141.76742853283346,-0.17931712094063945,12.95057463645935,256.0,21.0,-125.4658980172038,34.89745954346991,40.977721908213624
./csi-dataset/uva-communication-28G-csi/t16x16_r2x1_test_small/8273-run00348-82.mat,-103.78964234296794,348.0,18.0,-103.89941286615206,-0.44501071355196875,13.520487785339355,347.0,18.0,-116.36128702381414,0.10977052318412461,0.3090134467464424
./csi-dataset/uva-communication-28G-csi/t16x16_r2x1_test_small/8273-run00352-46.mat,-109.73752315554933,271.0,29.0,-109.81514496586453,0.11589320253412716,12.932882070541382,270.0,29.0,-123.07186889386195,0.07762181031520754,0.48480491312908847
./csi-dataset/uva-communication-28G-csi/t16x16_r2x1_test_small/8273-run00352-54.mat,-103.74003461714472,332.0,35.0,-103.76777170874213,-0.22905397138805794,12.886399030685425,332.0,35.0,-116.08249943512162,0.027737091597415997,8.537736462515939e-07
./csi-dataset/uva-communication-28G-csi/t16x16_r2x1_test_small/8273-run00470-3.mat,-132.38979212508588,225.0,46.0,-159.83724933151936,0.104205957182818,10.244789838790894,341.0,58.0,-152.06887491717404,27.447457206433484,84.22102459871597
./csi-dataset/uva-communication-28G-csi/t16x16_r2x1_test_small/8273-run00472-16.mat,-107.232099914099,26.0,50.0,-107.32609096647428,-0.027685293288384427,13.805526733398438,26.0,52.0,-120.36967312558207,0.09399105237528715,1.999999999999765
./csi-dataset/uva-communication-28G-csi/t16x16_r2x1_test_small/8273-run00472-26.mat,-105.19019109147251,31.0,48.0,-153.08454375868067,0.1777777603695384,14.46091628074646,275.0,28.0,-126.49777432903784,47.89435266720815,64.03219854805573
./csi-dataset/uva-communication-28G-csi/t16x16_r2x1_test_small/8273-run00472-74.mat,-104.4889441760474,12.0,39.0,-106.26780192649574,0.10748853865500996,15.40712857246399,11.0,36.0,-120.90320266369203,1.7788577504483385,3.0610567458308244
./csi-dataset/uva-communication-28G-csi/t16x16_r2x1_test_small/8273-run00528-77.mat,-106.8064559132325,99.0,57.0,-106.92683264497555,-0.19332821606671446,15.343534469604492,99.0,57.0,-118.78857261233021,0.12037673174305041,0.0
./csi-dataset/uva-communication-28G-csi/t16x16_r2x1_test_small/8273-run00528-97.mat,-102.24032852911957,188.0,25.0,-131.41707674609927,-0.05661111137765573,12.925686359405518,42.0,58.0,-121.47972632199908,29.176748216979703,79.44715154377707
./csi-dataset/uva-communication-28G-csi/t16x16_r2x1_test_small/8273-run00535-11.mat,-103.40959329489336,183.0,62.0,-144.20558552078472,-0.011190435350082684,11.902512073516846,220.0,55.0,-121.67130136408014,40.79599222589137,32.12331699709778
./csi-dataset/uva-communication-28G-csi/t16x16_r2x1_test_small/8273-run00535-45.mat,-108.07457892584492,134.0,67.0,-108.0985176988524,-0.23257499106536694,14.660725593566895,135.0,67.0,-123.56597809541249,0.023938773007486702,0.9205030696913519
./csi-dataset/uva-communication-28G-csi/t16x16_r2x1_test_small/8273-run00535-5.mat,-96.27783034114516,291.0,75.0,-128.937169962604,0.16847353172184776,13.137408971786499,314.0,80.0,-115.07229074625181,32.65933962145884,22.989735021223108
./csi-dataset/uva-communication-28G-csi/t16x16_r2x1_test_small/8273-run00572-35.mat,-109.92709235311315,124.0,5.0,-109.98999953867249,-0.06660462833038627,15.409066200256348,129.0,5.0,-123.46712154351872,0.0629071855593395,0.4356414994142663
./csi-dataset/uva-communication-28G-csi/t16x16_r2x1_test_small/8273-run00572-36.mat,-102.58568472058784,3.0,63.0,-102.65368784205508,-0.11228667075755472,13.815070152282715,2.0,64.0,-115.27498260851931,0.06800312146724252,1.3419642209978777
./csi-dataset/uva-communication-28G-csi/t16x16_r2x1_test_small/8273-run00572-44.mat,-113.73028031454494,0.0,16.0,-157.28745478945393,0.22040442371315772,12.169711828231812,252.0,33.0,-129.45533127121536,43.55717447490899,40.55419045457353
./csi-dataset/uva-communication-28G-csi/t16x16_r2x1_test_small/8899-run00015-13.mat,-106.45408778435586,26.0,30.0,-106.49258072533308,0.07950978739730341,13.883488178253174,26.0,30.0,-121.47469397579962,0.038492940977221224,0.0
./csi-dataset/uva-communication-28G-csi/t16x16_r2x1_test_small/8899-run00015-41.mat,-111.90719869338402,234.0,42.0,-112.0054825529987,-0.21035295178117686,15.101099252700806,234.0,43.0,-126.09472896314402,0.098283859614682,0.9999999999999002
./csi-dataset/uva-communication-28G-csi/t16x16_r2x1_test_small/8899-run00015-50.mat,-105.91760688578236,195.0,55.0,-151.12149862993962,0.19426261193198435,13.467363357543945,100.0,37.0,-123.25466103687832,45.20389174415726,65.47358949478853
./csi-dataset/uva-communication-28G-csi/t16x16_r2x1_test_small/8899-run00020-21.mat,-97.32678900964822,192.0,58.0,-147.35093499285145,-0.1433494981547645,13.732528448104858,301.0,58.0,-114.22966826274923,50.024145983203226,87.32500525095034
./csi-dataset/uva-communication-28G-csi/t16x16_r2x1_test_small/8899-run00020-41.mat,-108.0549498781417,174.0,70.0,-108.09294459865917,0.10853014393783278,13.29850435256958,175.0,70.0,-122.585561150856,0.037994720517474434,0.9396912255615315
./csi-dataset/uva-communication-28G-csi/t16x16_r2x1_test_small/8899-run00020-83.mat,-106.05909056852433,57.0,18.0,-134.271502030999,0.09507843350716627,13.5159273147583,125.0,24.0,-135.23058985359563,28.212411462474662,23.66369301273645
./csi-dataset/uva-communication-28G-csi/t16x16_r2x1_test_small/8899-run00071-10.mat,-110.20937108630974,191.0,73.0,-110.18616428554756,-0.3930886658083137,12.671207189559937,192.0,75.0,-125.62619773916767,-0.023206800762181956,2.2189874476227294
./csi-dataset/uva-communication-28G-csi/t16x16_r2x1_test_small/8899-run00071-5.mat,-105.93636228234097,313.0,19.0,-142.18223388018686,-0.3785954217711376,14.243712186813354,199.0,55.0,-123.61386013473188,36.24587159784589,64.28756394333293
./csi-dataset/uva-communication-28G-csi/t16x16_r2x1_test_small/8899-run00071-59.mat,-112.9003866054446,41.0,68.0,-114.53475962573819,-0.6790742445407505,12.814850091934204,42.0,63.0,-129.11341212449827,1.6343730202935944,5.082044148605587
./csi-dataset/uva-communication-28G-csi/t16x16_r2x1_test_small/8899-run00075-73.mat,-98.5828970937444,190.0,43.0,-98.75789534630512,-0.4505959722284252,15.032715320587158,190.0,42.0,-112.5770974132144,0.17499825256071233,0.9999999999999002
./csi-dataset/uva-communication-28G-csi/t16x16_r2x1_test_small/8899-run00075-78.mat,-108.05017234717084,3.0,70.0,-109.02250781232996,-0.18868773269341865,14.798004865646362,2.0,66.0,-124.8631168015732,0.9723354651591194,4.1059891120100005
./csi-dataset/uva-communication-28G-csi/t16x16_r2x1_test_small/8899-run00120-92.mat,-110.35579016765058,337.0,72.0,-111.30954827148093,0.29481458329931476,14.238830804824829,336.0,75.0,-123.2443141087557,0.9537581038303529,3.1494551999667664
./csi-dataset/uva-communication-28G-csi/t16x16_r2x1_test_small/8899-run00182-47.mat,-127.70256706443011,166.0,57.0,-128.0356947457336,-0.30618626792684855,13.081541299819946,165.0,56.0,-140.52233033979036,0.33312768130348047,1.3020442907410876
./csi-dataset/uva-communication-28G-csi/t16x16_r2x1_test_small/8899-run00229-74.mat,-109.39781043094196,295.0,57.0,-109.50289302832046,-0.15213915685277657,10.685024976730347,296.0,59.0,-123.42246723597981,0.10508259737849812,2.1723309760084506
./csi-dataset/uva-communication-28G-csi/t16x16_r2x1_test_small/8899-run00229-99.mat,-135.39980420954487,328.0,65.0,-136.7376598453371,0.19259298626107368,11.647835969924927,326.0,65.0,-149.23534886264477,1.3378556357922378,1.8125991361103921
./csi-dataset/uva-communication-28G-csi/t16x16_r2x1_test_small/8899-run00231-17.mat,-108.39133213736316,201.0,56.0,-147.52524215778573,0.07644296187946042,11.894793510437012,189.0,29.0,-123.97898799045045,39.13391002042256,28.08824400223633
./csi-dataset/uva-communication-28G-csi/t16x16_r2x1_test_small/8899-run00231-48.mat,-111.72035769312448,14.0,65.0,-112.88750972598784,-0.007831850752741731,9.385276079177856,82.0,51.0,-129.00955984822406,1.1671520328633562,58.007365658924655
./csi-dataset/uva-communication-28G-csi/t16x16_r2x1_test_small/8899-run00272-16.mat,-100.17781342008934,276.0,51.0,-137.49856812224718,-0.1634143357933684,13.782648086547852,330.0,27.0,-117.91519379913701,37.32075470215784,39.81560684685876
./csi-dataset/uva-communication-28G-csi/t16x16_r2x1_test_small/8899-run00272-24.mat,-106.5123003954585,237.0,15.0,-106.52498759223987,0.1615359494667803,11.496770858764648,237.0,15.0,-118.34818537653805,0.012687196781371313,0.0
./csi-dataset/uva-communication-28G-csi/t16x16_r2x1_test_small/8899-run00278-10.mat,-106.5095589744416,209.0,20.0,-106.5112044415072,-0.07084712002031002,14.388898134231567,210.0,21.0,-121.43959564017061,0.0016454670656003145,1.0595152430895998
./csi-dataset/uva-communication-28G-csi/t16x16_r2x1_test_small/8899-run00278-85.mat,-103.65161317876186,177.0,19.0,-103.64829140696243,-0.14497410943209332,13.954206943511963,178.0,19.0,-119.69195099624267,-0.003321771799434714,0.32556446021366875
./csi-dataset/uva-communication-28G-csi/t16x16_r2x1_test_small/8899-run00407-70.mat,-126.76122486370122,35.0,51.0,-126.77002454023395,0.13539567413221498,12.465813159942627,35.0,51.0,-141.21733172806177,0.008799676532731837,0.0
./csi-dataset/uva-communication-28G-csi/t16x16_r2x1_test_small/8899-run00407-75.mat,-111.16538199466716,330.0,63.0,-159.69921956560964,-0.32424226367128006,12.642571449279785,44.0,54.0,-128.55199899937224,48.53383757094248,62.254876778469665
./csi-dataset/uva-communication-28G-csi/t16x16_r2x1_test_small/8899-run00412-100.mat,-139.37908463397468,274.0,46.0,-140.09935147159285,-0.19491903797123245,11.817889213562012,275.0,44.0,-151.61357427688162,0.7202668376181691,2.1212709773808482
./csi-dataset/uva-communication-28G-csi/t16x16_r2x1_test_small/8899-run00467-36.mat,-108.8332953824376,358.0,58.0,-109.2012507058891,-0.43344520216660487,14.012529134750366,358.0,57.0,-122.38800101907879,0.36795532345149695,0.9999999999999002
./csi-dataset/uva-communication-28G-csi/t16x16_r2x1_test_small/8899-run00469-9.mat,-105.5321384379669,237.0,60.0,-105.7736039835427,0.19329056229427677,13.609879970550537,237.0,60.0,-119.74160820050129,0.24146554557579236,8.537736462515939e-07
./csi-dataset/uva-communication-28G-csi/t16x16_r2x1_test_small/8899-run00512-18.mat,-135.97782795428867,340.0,67.0,-159.99735969181503,0.12413519603449052,12.99198603630066,27.0,24.0,-156.4736209083332,24.019531737526364,52.244518952188656
./csi-dataset/uva-communication-28G-csi/t16x16_r2x1_test_small/8899-run00512-31.mat,-123.73293548520684,206.0,6.0,-123.72542988886764,-0.01825019574507758,11.035680055618286,205.0,6.0,-135.77989712120217,-0.007505596339200338,0.10452715105349204
./csi-dataset/uva-communication-28G-csi/t16x16_r2x1_test_small/8899-run00512-48.mat,-120.05546272681894,187.0,73.0,-120.23020678303456,-0.08898211223669139,13.994953632354736,187.0,73.0,-133.05790705124156,0.17474405621561573,8.537736462515939e-07
./csi-dataset/uva-communication-28G-csi/t16x16_r2x1_test_small/8899-run00512-51.mat,-139.76774561396036,214.0,74.0,-140.28041339729577,0.03310109367463876,11.148126125335693,214.0,71.0,-151.8517012478816,0.5126677833354165,2.9999999999999227
./csi-dataset/uva-communication-28G-csi/t16x16_r2x1_test_small/8899-run00512-62.mat,-107.02384409550284,332.0,67.0,-150.29822958341296,-0.471723230891004,14.76353645324707,358.0,36.0,-124.70518079010573,43.27438548791012,36.639245900042006
./csi-dataset/uva-communication-28G-csi/t16x16_r2x1_test_small/8899-run00512-63.mat,-125.38220599210553,158.0,67.0,-159.7827165670449,-0.013012934737393733,12.203224182128906,335.0,60.0,-143.11762488207881,34.400510574939375,126.92166150548725
./csi-dataset/uva-communication-28G-csi/t16x16_r2x1_test_small/8899-run00512-70.mat,-133.99813886007,56.0,41.0,-156.8752164975565,0.38950233799424505,8.830750703811646,22.0,44.0,-149.33327247998616,22.877077637486508,22.969069867320904
./csi-dataset/uva-communication-28G-csi/t16x16_r2x1_test_small/8899-run00512-82.mat,-113.88427414070796,168.0,32.0,-114.32753740634101,-0.1408542048216872,14.13792634010315,170.0,31.0,-128.3419672292067,0.44326326563304974,1.4462673401907087
./csi-dataset/uva-communication-28G-csi/t16x16_r2x1_test_small/8899-run00567-84.mat,-103.34280147472649,136.0,36.0,-103.56154761751297,-0.4924687122632949,13.126133918762207,137.0,35.0,-118.63982221062531,0.21874614278648608,1.156352547621995
./csi-dataset/uva-communication-28G-csi/t16x16_r2x1_test_small/8899-run00571-40.mat,-103.6480447038114,29.0,29.0,-104.05621487575812,-0.9322867036849294,13.477471113204956,29.0,28.0,-118.75884080728298,0.4081701719467219,0.9999999999999002
./csi-dataset/uva-communication-28G-csi/t16x16_r2x1_test_small/8899-run00628-89.mat,-102.30765055898216,318.0,48.0,-150.38978298246158,0.04410002307029359,13.28909420967102,271.0,47.0,-120.61357547095439,48.08213242347942,34.20686133666215
./csi-dataset/uva-communication-28G-csi/t16x16_r2x1_test_small/8899-run00628-95.mat,-101.6907959969228,253.0,38.0,-128.5929327366709,-0.04531719999984296,13.163307666778564,105.0,36.0,-119.4982561117778,26.902136739748087,70.6932721349304
./csi-dataset/uva-communication-28G-csi/t16x16_r2x1_test_small/9428-run00010-8.mat,-104.57446129058198,151.0,68.0,-149.82931923274512,-0.06026179521647612,13.485193252563477,75.0,64.0,-123.46531553664255,45.25485794216314,68.5418405093432
./csi-dataset/uva-communication-28G-csi/t16x16_r2x1_test_small/9428-run00010-89.mat,-111.59489740251374,55.0,69.0,-111.71507071507848,-0.29947536196632907,13.525089502334595,56.0,70.0,-124.21795965269183,0.12017331256474506,1.3701534390589136
./csi-dataset/uva-communication-28G-csi/t16x16_r2x1_test_small/9428-run00014-94.mat,-105.52271459736367,7.0,29.0,-105.55198590021456,-0.8069713953176958,12.328365087509155,7.0,29.0,-120.73715945163883,0.029271302850887082,8.537736462515939e-07
./csi-dataset/uva-communication-28G-csi/t16x16_r2x1_test_small/9428-run00059-21.mat,-107.05611670172894,180.0,57.0,-107.10460677390452,-0.3207555477026698,12.882774353027344,181.0,57.0,-121.40010511955859,0.0484900721755821,0.8386674103151271
./csi-dataset/uva-communication-28G-csi/t16x16_r2x1_test_small/9428-run00117-42.mat,-94.21916111392754,260.0,35.0,-95.22937046365642,-0.5376471291444052,11.360734939575195,259.0,37.0,-109.08624623653,1.010209349728882,2.08452663406587
./csi-dataset/uva-communication-28G-csi/t16x16_r2x1_test_small/9428-run00117-68.mat,-132.9563075518828,337.0,14.0,-133.159965380493,-0.26669554092539194,13.824948787689209,335.0,14.0,-145.58205367408132,0.2036578286102042,0.48382066449427963
./csi-dataset/uva-communication-28G-csi/t16x16_r2x1_test_small/9428-run00117-69.mat,-109.22648456107464,121.0,54.0,-109.61302570397548,-0.27778403037398647,12.446409463882446,123.0,55.0,-126.90146950776678,0.38654114290083896,1.9107264327930498
./csi-dataset/uva-communication-28G-csi/t16x16_r2x1_test_small/9447-run00039-12.mat,-104.77062392504608,61.0,41.0,-104.82979209907505,0.13474748640924183,14.723013877868652,61.0,42.0,-120.70824286821208,0.05916817402896868,0.9999999999999002
./csi-dataset/uva-communication-28G-csi/t16x16_r2x1_test_small/9447-run00039-66.mat,-108.66716841478078,154.0,66.0,-108.99947065749417,-0.08441652005048605,13.851744413375854,154.0,64.0,-121.3031222884821,0.33230224271339637,1.9999999999999472
./csi-dataset/uva-communication-28G-csi/t16x16_r2x1_test_small/9447-run00039-68.mat,-102.4982033053418,60.0,17.0,-145.8125767357925,-0.3738450691699762,12.112008094787598,48.0,43.0,-121.0666527851086,43.3143734304507,26.563827382976683
./csi-dataset/uva-communication-28G-csi/t16x16_r2x1_test_small/9447-run00149-100.mat,-111.26025320946395,308.0,73.0,-112.36708102959497,0.15952532938196284,14.187023401260376,307.0,79.0,-127.36806196113706,1.1068278201310164,6.077865683468832
./csi-dataset/uva-communication-28G-csi/t16x16_r2x1_test_small/9447-run00149-20.mat,-100.31559571558716,340.0,49.0,-100.86033611840313,0.21703430824687242,13.036378383636475,339.0,50.0,-113.26072655828528,0.544740402815961,1.2562500714928588
./csi-dataset/uva-communication-28G-csi/t16x16_r2x1_test_small/9447-run00149-92.mat,-109.28805015970336,148.0,58.0,-155.3937750985541,-0.4020828555430087,12.938587665557861,199.0,89.0,-128.37155227317675,46.10572493885074,57.12138444225638
./csi-dataset/uva-communication-28G-csi/t16x16_r2x1_test_small/9447-run00150-36.mat,-104.38305593331648,331.0,55.0,-104.73762383898787,-0.8208529487998,13.952245712280273,331.0,55.0,-119.47747476458217,0.35456790567138796,0.0
./csi-dataset/uva-communication-28G-csi/t16x16_r2x1_test_small/9447-run00214-73.mat,-115.61259518716416,93.0,15.0,-115.91352006517445,-0.5964664401653577,14.248396396636963,92.0,14.0,-127.90163523018263,0.3009248780102922,1.0308325193883807
./csi-dataset/uva-communication-28G-csi/t16x16_r2x1_test_small/9447-run00214-76.mat,-104.17903695714652,244.0,29.0,-104.15592858922837,-0.10824768952743313,13.041353940963745,244.0,29.0,-117.5891110815981,-0.02310836791815518,8.537736462515939e-07
./csi-dataset/uva-communication-28G-csi/t16x16_r2x1_test_small/9447-run00252-6.mat,-152.60779272112862,241.0,46.0,-153.67417273671632,0.27068469391212757,0.40006303787231445,245.0,46.0,-159.69428167453881,1.066380015587697,2.877077170343027
./csi-dataset/uva-communication-28G-csi/t16x16_r2x1_test_small/9447-run00252-61.mat,-97.75663575190718,200.0,69.0,-135.71518051601063,-0.21018122021468377,12.830696821212769,183.0,38.0,-116.7076616672617,37.95854476410345,33.6898286453772
./csi-dataset/uva-communication-28G-csi/t16x16_r2x1_test_small/9447-run00345-36.mat,-105.09339571000552,206.0,69.0,-131.40936098245422,0.03685440325314426,13.368917465209961,178.0,50.0,-125.75090518620813,26.315965272448693,30.479929494533316
./csi-dataset/uva-communication-28G-csi/t16x16_r2x1_test_small/9447-run00347-69.mat,-112.08843425113255,224.0,29.0,-112.29523401406823,-0.14887158510097387,11.96191692352295,226.0,29.0,-126.251554902708,0.20679976293567393,0.9695815830693915
./csi-dataset/uva-communication-28G-csi/t16x16_r2x1_test_small/9447-run00383-79.mat,-102.99445047073704,324.0,53.0,-152.19247238890222,0.13664018563177038,13.455094575881958,109.0,58.0,-121.06417610262204,49.19802191816518,103.6436787017864
./csi-dataset/uva-communication-28G-csi/t16x16_r2x1_test_small/9447-run00384-69.mat,-102.3172525076933,21.0,44.0,-102.55422121337192,-0.5537637677830589,13.123218297958374,20.0,44.0,-114.94974461689202,0.2369687056786205,0.6946538081101133
./csi-dataset/uva-communication-28G-csi/t16x16_r2x1_test_small/9447-run00432-43.mat,-103.47285155144178,340.0,18.0,-103.53490005912006,-0.04521292327708437,12.173661947250366,340.0,19.0,-116.24575700404063,0.06204850767828418,0.9999999999999002
./csi-dataset/uva-communication-28G-csi/t16x16_r2x1_test_small/9447-run00432-99.mat,-108.10124930414044,271.0,61.0,-108.29037559953073,-0.0581583558056622,14.121712923049927,271.0,61.0,-121.90764919547217,0.18912629539029524,0.0
./csi-dataset/uva-communication-28G-csi/t16x16_r2x1_test_small/9447-run00486-1.mat,-117.97895573281107,97.0,73.0,-143.41179643835883,-0.3109153550885766,8.773298740386963,247.0,8.0,-137.98922372491765,25.43284070554776,79.9640883223586
./csi-dataset/uva-communication-28G-csi/t16x16_r2x1_test_small/9447-run00486-89.mat,-149.7521752934301,137.0,22.0,-149.75055718656364,0.26165097089066425,13.64398741722107,138.0,22.0,-157.44324781203144,-0.0016181068664593568,0.3746025059784123
